[14:46:44] [main/INFO] (FabricLoader/GameProvider) Loading Minecraft 26.3 with Fabric Loader 0.19.5
[14:46:44] [main/INFO] (FabricLoader/Mappings) Mappings not present!
[14:46:45] [main/DEBUG] (FabricLoader/GamePatch) Found game constructor: net.minecraft.client.main.Main -> net.minecraft.client.Minecraft
[14:46:45] [main/DEBUG] (FabricLoader/GamePatch) Patching game constructor <init>(Lnet/minecraft/client/main/GameConfig;)V
[14:46:45] [main/DEBUG] (FabricLoader/GamePatch) Run directory field is thought to be net/minecraft/client/Minecraft/gameDirectory
[14:46:45] [main/DEBUG] (FabricLoader/GamePatch) Applying brand name hook to net/minecraft/client/ClientBrandRetriever::getClientModName
[14:46:45] [main/DEBUG] (FabricLoader/GamePatch) Applying brand name hook to net/minecraft/server/MinecraftServer::getServerModName
[14:46:45] [main/DEBUG] (FabricLoader/GamePatch) Patched 3 classs
[14:46:45] [main/DEBUG] (FabricLoader/Discovery) Skipping missing class path group entry F:\Youtube\Media\Mods\Project Satchels\Hotbar_Satchels\out\production\classes
[14:46:45] [main/DEBUG] (FabricLoader/Discovery) Skipping missing class path group entry F:\Youtube\Media\Mods\Project Satchels\Hotbar_Satchels\out\production\resources
[14:46:45] [main/DEBUG] (FabricLoader/Discovery) Mod discovery time: 29,6 ms
[14:46:45] [main/WARN] (FabricLoader/Resolution) Warnings were found!
 - Mod 'Forge Config API Port' (forgeconfigapiport) 26.3.0 recommends any version of modmenu, which is missing!
	 - You should install any version of modmenu for the optimal experience.
[14:46:45] [main/DEBUG] (FabricLoader/Resolution) Mod resolution time: 64,6 ms
[14:46:45] [main/INFO] (FabricLoader) Loading 64 mods:
	- cloth-basic-math 0.6.1
	- cloth-config 26.3.158
	- fabric-api 0.160.6+26.3
	- fabric-api-base 2.0.6+fcdff87f5d
	- fabric-api-lookup-api-v1 2.0.24+3434d6d95d
	- fabric-biome-api-v1 20.0.9+74ed1ea55d
	- fabric-block-api-v1 3.1.0+0ae6f9115d
	- fabric-block-getter-api-v2 2.0.9+3434d6d95d
	- fabric-client-gametest-api-v1 6.0.7+4be74c3f5d
	- fabric-command-api-v2 3.1.2+fcdff87f5d
	- fabric-content-registries-v0 15.0.4+74ed1ea55d
	- fabric-convention-tags-v2 4.10.2+5a4e5fc65d
	- fabric-crash-report-info-v1 1.0.7+fcdff87f5d
	- fabric-creative-tab-api-v1 5.0.21+fcdff87f5d
	- fabric-data-attachment-api-v1 2.2.30+3434d6d95d
	- fabric-data-generation-api-v1 27.2.2+b28e9d205d
	- fabric-debug-api-v1 1.0.4+3434d6d95d
	- fabric-dimensions-v1 5.1.19+47f74c985d
	- fabric-entity-events-v1 6.0.4+3434d6d95d
	- fabric-events-interaction-v0 5.3.6+3434d6d95d
	- fabric-game-rule-api-v1 4.0.10+3434d6d95d
	- fabric-gametest-api-v1 4.0.32+3434d6d95d
	- fabric-item-api-v1 14.7.0+cf6bc2db5d
	- fabric-key-mapping-api-v1 2.0.8+3434d6d95d
	- fabric-lifecycle-events-v1 4.1.9+ffef5f675d
	- fabric-loot-api-v3 4.0.8+4068fd645d
	- fabric-menu-api-v1 2.0.27+ed66f0a35d
	- fabric-message-api-v1 7.0.10+3434d6d95d
	- fabric-model-loading-api-v1 8.0.34+fcdff87f5d
	- fabric-networking-api-v1 6.3.8+fcdff87f5d
	- fabric-object-builder-api-v1 24.1.9+3434d6d95d
	- fabric-particles-v1 5.0.24+3434d6d95d
	- fabric-permission-api-v1 1.0.8+fcdff87f5d
	- fabric-recipe-api-v1 10.0.8+fcdff87f5d
	- fabric-registry-sync-v0 8.0.1+fcdff87f5d
	- fabric-renderer-api-v1 17.0.14+2ce735b85d
	- fabric-renderer-indigo 9.1.22+b9d63e335d
	- fabric-rendering-fluids-v1 6.0.6+3434d6d95d
	- fabric-rendering-v1 27.0.14+901a437c5d
	- fabric-resource-conditions-api-v1 6.1.5+3434d6d95d
	- fabric-resource-loader-v0 3.3.26+4fc5413f5d
	- fabric-resource-loader-v1 3.0.4+fcdff87f5d
	- fabric-screen-api-v1 5.2.3+1087e13e5d
	- fabric-serialization-api-v1 2.0.7+74ed1ea55d
	- fabric-sound-api-v1 2.0.7+3434d6d95d
	- fabric-tag-api-v1 2.1.10+fcdff87f5d
	- fabric-transfer-api-v1 8.0.25+fcdff87f5d
	- fabric-transitive-access-wideners-v1 8.1.16+52268a0e5d
	- fabricloader 0.19.5
	- forgeconfigapiport 26.3.0
	   |-- com_electronwill_night-config_core 3.8.4
	   \-- com_electronwill_night-config_toml 3.8.4
	- java 25
	- jei 31.0.0.11
	- minecraft 26.3
	- mixinextras 0.5.5
	- ohmega 1.5.21
	- raised 5.1.2
	- satchels 1.2
	- trinkets_updated 4.2.0+26.3
	- yumi_commons_collections 2.0.0
	- yumi_commons_core 2.0.0
	- yumi_commons_event 2.0.0
	- yumi_mc_core 1.1.3+26.1
[14:46:45] [main/DEBUG] (FabricLoader/Knot) Adding C:\Users\Winord-PC\.gradle\caches\modules-2\files-2.1\net.fabricmc.fabric-api\fabric-resource-loader-v0\3.3.26+4fc5413f5d\2fd2238d86a13d9f43244d030ae0a33ee8e4d092\fabric-resource-loader-v0-3.3.26+4fc5413f5d.jar to classpath.
[14:46:45] [main/DEBUG] (FabricLoader/Knot) Adding C:\Users\Winord-PC\.gradle\caches\modules-2\files-2.1\net.fabricmc.fabric-api\fabric-rendering-v1\27.0.14+901a437c5d\b7b356249f2c16fa58410e8c7694c75f0468a403\fabric-rendering-v1-27.0.14+901a437c5d.jar to classpath.
[14:46:45] [main/DEBUG] (FabricLoader/Knot) Adding C:\Users\Winord-PC\.gradle\caches\modules-2\files-2.1\me.shedaniel.cloth\cloth-config-fabric\26.3.158\41596f189fbea3bb835a8fd62619ee4092ff4882\cloth-config-fabric-26.3.158.jar to classpath.
[14:46:45] [main/DEBUG] (FabricLoader/Knot) Adding C:\Users\Winord-PC\.gradle\caches\modules-2\files-2.1\net.fabricmc.fabric-api\fabric-content-registries-v0\15.0.4+74ed1ea55d\c316198aeaa747228437e01f8c81efb134dca9f2\fabric-content-registries-v0-15.0.4+74ed1ea55d.jar to classpath.
[14:46:45] [main/DEBUG] (FabricLoader/Knot) Adding C:\Users\Winord-PC\.gradle\caches\modules-2\files-2.1\net.fabricmc.fabric-api\fabric-item-api-v1\14.7.0+cf6bc2db5d\9d9e319928f67f49029c86ae56d0414997a534ac\fabric-item-api-v1-14.7.0+cf6bc2db5d.jar to classpath.
[14:46:45] [main/DEBUG] (FabricLoader/Knot) Adding C:\Users\Winord-PC\.gradle\caches\modules-2\files-2.1\net.fabricmc.fabric-api\fabric-entity-events-v1\6.0.4+3434d6d95d\731754a9bdfc6784a41d8fb17cd6c08f58fe31e0\fabric-entity-events-v1-6.0.4+3434d6d95d.jar to classpath.
[14:46:45] [main/DEBUG] (FabricLoader/Knot) Adding C:\Users\Winord-PC\.gradle\caches\modules-2\files-2.1\net.fabricmc.fabric-api\fabric-transfer-api-v1\8.0.25+fcdff87f5d\4680f760ffbd28c38f899488ded76fd7c26082c8\fabric-transfer-api-v1-8.0.25+fcdff87f5d.jar to classpath.
[14:46:45] [main/DEBUG] (FabricLoader/Knot) Adding C:\Users\Winord-PC\.gradle\caches\modules-2\files-2.1\net.fabricmc.fabric-api\fabric-renderer-api-v1\17.0.14+2ce735b85d\638483e0db2384470d2fd48e052a496f24bc7d0e\fabric-renderer-api-v1-17.0.14+2ce735b85d.jar to classpath.
[14:46:45] [main/DEBUG] (FabricLoader/Knot) Adding C:\Users\Winord-PC\.gradle\caches\modules-2\files-2.1\net.fabricmc.fabric-api\fabric-game-rule-api-v1\4.0.10+3434d6d95d\3f73b9e94995f6f8a0d38955b98b67ac8d6bb089\fabric-game-rule-api-v1-4.0.10+3434d6d95d.jar to classpath.
[14:46:45] [main/DEBUG] (FabricLoader/Knot) Adding C:\Users\Winord-PC\.gradle\caches\modules-2\files-2.1\net.fabricmc.fabric-api\fabric-crash-report-info-v1\1.0.7+fcdff87f5d\a5531952f47841e359bc2ca8cb807add8c76c5c5\fabric-crash-report-info-v1-1.0.7+fcdff87f5d.jar to classpath.
[14:46:45] [main/DEBUG] (FabricLoader/Knot) Adding C:\Users\Winord-PC\.gradle\caches\modules-2\files-2.1\net.fabricmc.fabric-api\fabric-tag-api-v1\2.1.10+fcdff87f5d\6b70d67fcea94ef97a08cda0d7810fd89238a83\fabric-tag-api-v1-2.1.10+fcdff87f5d.jar to classpath.
[14:46:45] [main/DEBUG] (FabricLoader/Knot) Adding C:\Users\Winord-PC\.gradle\caches\modules-2\files-2.1\net.fabricmc.fabric-api\fabric-particles-v1\5.0.24+3434d6d95d\f737b753bad5f3b94d9d07985853539f4c6ee416\fabric-particles-v1-5.0.24+3434d6d95d.jar to classpath.
[14:46:45] [main/DEBUG] (FabricLoader/Knot) Adding C:\Users\Winord-PC\.gradle\caches\modules-2\files-2.1\net.fabricmc.fabric-api\fabric-resource-conditions-api-v1\6.1.5+3434d6d95d\c009f3d1b43e3e26053d4809055b265bbbfa7044\fabric-resource-conditions-api-v1-6.1.5+3434d6d95d.jar to classpath.
[14:46:45] [main/DEBUG] (FabricLoader/Knot) Adding C:\Users\Winord-PC\.gradle\caches\modules-2\files-2.1\net.fabricmc.fabric-api\fabric-message-api-v1\7.0.10+3434d6d95d\5b224f019d030f7bb70584866f4f6329fa9a21b3\fabric-message-api-v1-7.0.10+3434d6d95d.jar to classpath.
[14:46:45] [main/DEBUG] (FabricLoader/Knot) Adding C:\Users\Winord-PC\.gradle\caches\modules-2\files-2.1\net.fabricmc.fabric-api\fabric-permission-api-v1\1.0.8+fcdff87f5d\b5ffb6d1e882755032aa6b79265e32699be57c88\fabric-permission-api-v1-1.0.8+fcdff87f5d.jar to classpath.
[14:46:45] [main/DEBUG] (FabricLoader/Knot) Adding C:\Users\Winord-PC\.gradle\caches\modules-2\files-2.1\net.fabricmc.fabric-api\fabric-object-builder-api-v1\24.1.9+3434d6d95d\24f679e28b1c3a4fd44b339a03161774f880139\fabric-object-builder-api-v1-24.1.9+3434d6d95d.jar to classpath.
[14:46:45] [main/DEBUG] (FabricLoader/Knot) Adding C:\Users\Winord-PC\.gradle\caches\modules-2\files-2.1\maven.modrinth\forge-config-api-port\26.3.0-fabric\8a618f4e8e5c6a1792715aabd2b0f88f1d3d8f1f\forge-config-api-port-26.3.0-fabric.jar to classpath.
[14:46:45] [main/DEBUG] (FabricLoader/Knot) Adding C:\Users\Winord-PC\.gradle\caches\modules-2\files-2.1\net.fabricmc.fabric-api\fabric-api-base\2.0.6+fcdff87f5d\449053de5093613bbdf6d439bedd431a7ad77da2\fabric-api-base-2.0.6+fcdff87f5d.jar to classpath.
[14:46:45] [main/DEBUG] (FabricLoader/Knot) Adding C:\Users\Winord-PC\.gradle\caches\modules-2\files-2.1\mezz.jei\jei-26.3-fabric\31.0.0.11\819b586a4cfc9d47c3a581829b2d81a82e1de3bd\jei-26.3-fabric-31.0.0.11.jar to classpath.
[14:46:45] [main/DEBUG] (FabricLoader/Knot) Adding C:\Users\Winord-PC\.gradle\caches\modules-2\files-2.1\net.fabricmc.fabric-api\fabric-debug-api-v1\1.0.4+3434d6d95d\e4812b5812a9d92b97604bdf2737780d3cc7612e\fabric-debug-api-v1-1.0.4+3434d6d95d.jar to classpath.
[14:46:45] [main/DEBUG] (FabricLoader/Knot) Adding C:\Users\Winord-PC\.gradle\caches\modules-2\files-2.1\net.fabricmc.fabric-api\fabric-networking-api-v1\6.3.8+fcdff87f5d\1487018aa4c0cc74d0e32b89c5b2da9b1c00ebb8\fabric-networking-api-v1-6.3.8+fcdff87f5d.jar to classpath.
[14:46:45] [main/DEBUG] (FabricLoader/Knot) Adding C:\Users\Winord-PC\.gradle\caches\modules-2\files-2.1\dev.yumi.commons\yumi-commons-core\2.0.0\f5efa034fed033bf8cdc3c4c09a52d99d1b4772d\yumi-commons-core-2.0.0.jar to classpath.
[14:46:45] [main/DEBUG] (FabricLoader/Knot) Adding C:\Users\Winord-PC\.gradle\caches\modules-2\files-2.1\net.fabricmc.fabric-api\fabric-serialization-api-v1\2.0.7+74ed1ea55d\6461e300b93b46986d74f092660dd9d39a1125c0\fabric-serialization-api-v1-2.0.7+74ed1ea55d.jar to classpath.
[14:46:45] [main/DEBUG] (FabricLoader/Knot) Adding F:\Youtube\Media\Mods\Project Satchels\Hotbar_Satchels\run\.fabric\processedMods\com_electronwill_night-config_core-3.8.4-305d14ab144f848b.jar to classpath.
[14:46:45] [main/DEBUG] (FabricLoader/Knot) Adding C:\Users\Winord-PC\.gradle\caches\modules-2\files-2.1\dev.yumi.commons\yumi-commons-event\2.0.0\1e5b42131c6b9c08bbcfbb29e119e254ce0248cb\yumi-commons-event-2.0.0.jar to classpath.
[14:46:45] [main/DEBUG] (FabricLoader/Knot) Adding C:\Users\Winord-PC\.gradle\caches\modules-2\files-2.1\net.fabricmc.fabric-api\fabric-rendering-fluids-v1\6.0.6+3434d6d95d\f346710e5fb0751998cb84d4772b1b2827e1ad57\fabric-rendering-fluids-v1-6.0.6+3434d6d95d.jar to classpath.
[14:46:45] [main/DEBUG] (FabricLoader/Knot) Adding C:\Users\Winord-PC\.gradle\caches\modules-2\files-2.1\net.fabricmc.fabric-api\fabric-screen-api-v1\5.2.3+1087e13e5d\b721fcb3d9535c7d2051dbd4d88c9b04a8a61bc6\fabric-screen-api-v1-5.2.3+1087e13e5d.jar to classpath.
[14:46:45] [main/DEBUG] (FabricLoader/Knot) Adding C:\Users\Winord-PC\.gradle\caches\modules-2\files-2.1\net.fabricmc.fabric-api\fabric-dimensions-v1\5.1.19+47f74c985d\2d10026da0876c1e887b512b26d2813a1646c132\fabric-dimensions-v1-5.1.19+47f74c985d.jar to classpath.
[14:46:45] [main/DEBUG] (FabricLoader/Knot) Adding F:\Youtube\Media\Mods\Project Satchels\Hotbar_Satchels\build\classes\java\main to classpath.
[14:46:45] [main/DEBUG] (FabricLoader/Knot) Adding F:\Youtube\Media\Mods\Project Satchels\Hotbar_Satchels\build\resources\main to classpath.
[14:46:45] [main/DEBUG] (FabricLoader/Knot) Adding C:\Users\Winord-PC\.gradle\caches\modules-2\files-2.1\net.fabricmc.fabric-api\fabric-block-getter-api-v2\2.0.9+3434d6d95d\56fd2980cfdb2e557bd51dfa743d92bb7befcdb6\fabric-block-getter-api-v2-2.0.9+3434d6d95d.jar to classpath.
[14:46:45] [main/DEBUG] (FabricLoader/Knot) Adding C:\Users\Winord-PC\.gradle\caches\modules-2\files-2.1\net.fabricmc.fabric-api\fabric-resource-loader-v1\3.0.4+fcdff87f5d\23991cd88d413af9c9bc9fdaa43e1a4f7156917a\fabric-resource-loader-v1-3.0.4+fcdff87f5d.jar to classpath.
[14:46:45] [main/DEBUG] (FabricLoader/Knot) Adding C:\Users\Winord-PC\.gradle\caches\modules-2\files-2.1\io.github.llamalad7\mixinextras-fabric\0.5.5\d1055b99c0ab08a8403fe2da3d79ca28e6340a76\mixinextras-fabric-0.5.5.jar to classpath.
[14:46:45] [main/DEBUG] (FabricLoader/Knot) Adding C:\Users\Winord-PC\.gradle\caches\modules-2\files-2.1\net.fabricmc.fabric-api\fabric-api\0.160.6+26.3\e4cfcfa5c2903129518c9ae641bc5289939b67d6\fabric-api-0.160.6+26.3.jar to classpath.
[14:46:45] [main/DEBUG] (FabricLoader/Knot) Adding F:\Youtube\Media\Mods\Project Satchels\Hotbar_Satchels\run\.fabric\processedMods\com_electronwill_night-config_toml-3.8.4-911139640ed50e00.jar to classpath.
[14:46:45] [main/DEBUG] (FabricLoader/Knot) Adding C:\Users\Winord-PC\.gradle\caches\modules-2\files-2.1\net.fabricmc.fabric-api\fabric-key-mapping-api-v1\2.0.8+3434d6d95d\89eb86ef13d05ebc9f725f0c55d9db69abc6fc06\fabric-key-mapping-api-v1-2.0.8+3434d6d95d.jar to classpath.
[14:46:45] [main/DEBUG] (FabricLoader/Knot) Adding C:\Users\Winord-PC\.gradle\caches\modules-2\files-2.1\me.shedaniel.cloth\basic-math\0.6.1\2ddd64b22126332794a5754ff9b942e17fb44c39\basic-math-0.6.1.jar to classpath.
[14:46:45] [main/DEBUG] (FabricLoader/Knot) Adding C:\Users\Winord-PC\.gradle\caches\modules-2\files-2.1\net.fabricmc.fabric-api\fabric-command-api-v2\3.1.2+fcdff87f5d\69de6c0f1f5926309dad2cd9569027a6d4d99493\fabric-command-api-v2-3.1.2+fcdff87f5d.jar to classpath.
[14:46:45] [main/DEBUG] (FabricLoader/Knot) Adding C:\Users\Winord-PC\.gradle\caches\modules-2\files-2.1\eu.pb4\trinkets\4.2.0+26.3\45426a4d60c46d9d91c512e4cc77d38711ab396a\trinkets-4.2.0+26.3.jar to classpath.
[14:46:45] [main/DEBUG] (FabricLoader/Knot) Adding C:\Users\Winord-PC\.gradle\caches\modules-2\files-2.1\net.fabricmc.fabric-api\fabric-renderer-indigo\9.1.22+b9d63e335d\632413589f171428d629d7267336e0baf7a04af2\fabric-renderer-indigo-9.1.22+b9d63e335d.jar to classpath.
[14:46:45] [main/DEBUG] (FabricLoader/Knot) Adding C:\Users\Winord-PC\.gradle\caches\modules-2\files-2.1\maven.modrinth\raised\Fabric-26.2-5.1.2\f3cfd41a5f082f120c10a6d3ee01c8643da656bb\raised-Fabric-26.2-5.1.2.jar to classpath.
[14:46:45] [main/DEBUG] (FabricLoader/Knot) Adding C:\Users\Winord-PC\.gradle\caches\modules-2\files-2.1\dev.yumi.commons\yumi-commons-collections\2.0.0\f449d184673fd602bf371cb1efa81c751d17bee0\yumi-commons-collections-2.0.0.jar to classpath.
[14:46:45] [main/DEBUG] (FabricLoader/Knot) Adding C:\Users\Winord-PC\.gradle\caches\modules-2\files-2.1\net.fabricmc.fabric-api\fabric-biome-api-v1\20.0.9+74ed1ea55d\587c148a61dd7b76db105d39f556dd741fbbbe2f\fabric-biome-api-v1-20.0.9+74ed1ea55d.jar to classpath.
[14:46:45] [main/DEBUG] (FabricLoader/Knot) Adding C:\Users\Winord-PC\.gradle\caches\modules-2\files-2.1\net.fabricmc.fabric-api\fabric-events-interaction-v0\5.3.6+3434d6d95d\de80f4728f8559f8e126b857288af8a27da57b81\fabric-events-interaction-v0-5.3.6+3434d6d95d.jar to classpath.
[14:46:45] [main/DEBUG] (FabricLoader/Knot) Adding C:\Users\Winord-PC\.gradle\caches\modules-2\files-2.1\net.fabricmc.fabric-api\fabric-convention-tags-v2\4.10.2+5a4e5fc65d\2e70b968e1ccfc6a40503e019f7d22e90516e592\fabric-convention-tags-v2-4.10.2+5a4e5fc65d.jar to classpath.
[14:46:45] [main/DEBUG] (FabricLoader/Knot) Adding C:\Users\Winord-PC\.gradle\caches\modules-2\files-2.1\net.fabricmc.fabric-api\fabric-lifecycle-events-v1\4.1.9+ffef5f675d\4184b98a6c1dbfcf6c63dab29cf7f5812d9eaf73\fabric-lifecycle-events-v1-4.1.9+ffef5f675d.jar to classpath.
[14:46:45] [main/DEBUG] (FabricLoader/Knot) Adding C:\Users\Winord-PC\.gradle\caches\modules-2\files-2.1\net.fabricmc.fabric-api\fabric-data-attachment-api-v1\2.2.30+3434d6d95d\b31a17053b2113fde7011d5caa54871071f38fe\fabric-data-attachment-api-v1-2.2.30+3434d6d95d.jar to classpath.
[14:46:45] [main/DEBUG] (FabricLoader/Knot) Adding C:\Users\Winord-PC\.gradle\caches\modules-2\files-2.1\net.fabricmc.fabric-api\fabric-transitive-access-wideners-v1\8.1.16+52268a0e5d\8322e1bc6d3e3993dce826a41f4a199944269bcb\fabric-transitive-access-wideners-v1-8.1.16+52268a0e5d.jar to classpath.
[14:46:45] [main/DEBUG] (FabricLoader/Knot) Adding C:\Users\Winord-PC\.gradle\caches\modules-2\files-2.1\net.fabricmc.fabric-api\fabric-data-generation-api-v1\27.2.2+b28e9d205d\9793c87cf449ae37325ebfafde0b1ad7dd3b4c38\fabric-data-generation-api-v1-27.2.2+b28e9d205d.jar to classpath.
[14:46:45] [main/DEBUG] (FabricLoader/Knot) Adding C:\Users\Winord-PC\.gradle\caches\modules-2\files-2.1\dev.yumi.mc.core\yumi-mc-foundation\1.1.3+26.1\f5d15418ac9f51c5bb91aa0f4765906d83b98b97\yumi-mc-foundation-1.1.3+26.1.jar to classpath.
[14:46:45] [main/DEBUG] (FabricLoader/Knot) Adding C:\Users\Winord-PC\.gradle\caches\modules-2\files-2.1\net.fabricmc.fabric-api\fabric-recipe-api-v1\10.0.8+fcdff87f5d\16ab72f3b3cc37f758a1ac01817b3909b02ce736\fabric-recipe-api-v1-10.0.8+fcdff87f5d.jar to classpath.
[14:46:45] [main/DEBUG] (FabricLoader/Knot) Adding C:\Users\Winord-PC\.gradle\caches\modules-2\files-2.1\net.fabricmc.fabric-api\fabric-block-api-v1\3.1.0+0ae6f9115d\78badf0c664259627830111f2ac0ad2f9f0ff2f7\fabric-block-api-v1-3.1.0+0ae6f9115d.jar to classpath.
[14:46:45] [main/DEBUG] (FabricLoader/Knot) Adding C:\Users\Winord-PC\.gradle\caches\modules-2\files-2.1\net.fabricmc.fabric-api\fabric-sound-api-v1\2.0.7+3434d6d95d\59e460c1b9e943d662fd0827f0461ff60b7f23d1\fabric-sound-api-v1-2.0.7+3434d6d95d.jar to classpath.
[14:46:45] [main/DEBUG] (FabricLoader/Knot) Adding C:\Users\Winord-PC\.gradle\caches\modules-2\files-2.1\net.fabricmc.fabric-api\fabric-creative-tab-api-v1\5.0.21+fcdff87f5d\c0d1736c1f7b6166f1925eb0bd79f9c97cd1494\fabric-creative-tab-api-v1-5.0.21+fcdff87f5d.jar to classpath.
[14:46:45] [main/DEBUG] (FabricLoader/Knot) Adding C:\Users\Winord-PC\.gradle\caches\modules-2\files-2.1\net.fabricmc.fabric-api\fabric-registry-sync-v0\8.0.1+fcdff87f5d\7c5c6642c01a0d37abccc8546b86833ca2c9e667\fabric-registry-sync-v0-8.0.1+fcdff87f5d.jar to classpath.
[14:46:45] [main/DEBUG] (FabricLoader/Knot) Adding C:\Users\Winord-PC\.gradle\caches\modules-2\files-2.1\net.fabricmc.fabric-api\fabric-client-gametest-api-v1\6.0.7+4be74c3f5d\b5512c68896b9692f81db7ddc5f2f6d72b18615\fabric-client-gametest-api-v1-6.0.7+4be74c3f5d.jar to classpath.
[14:46:45] [main/DEBUG] (FabricLoader/Knot) Adding C:\Users\Winord-PC\.gradle\caches\modules-2\files-2.1\net.fabricmc.fabric-api\fabric-model-loading-api-v1\8.0.34+fcdff87f5d\d9e1da526bb240a7fe2eecf89d0db7c895d6b64d\fabric-model-loading-api-v1-8.0.34+fcdff87f5d.jar to classpath.
[14:46:45] [main/DEBUG] (FabricLoader/Knot) Adding F:\Youtube\Media\Mods\Project Satchels\Hotbar_Satchels\libs\ohmega-1.5.21-fabric-mc26.3.jar to classpath.
[14:46:45] [main/DEBUG] (FabricLoader/Knot) Adding C:\Users\Winord-PC\.gradle\caches\modules-2\files-2.1\net.fabricmc.fabric-api\fabric-loot-api-v3\4.0.8+4068fd645d\3f74e49f671c5ef812512b9ff6ca35a531f06cf7\fabric-loot-api-v3-4.0.8+4068fd645d.jar to classpath.
[14:46:45] [main/DEBUG] (FabricLoader/Knot) Adding C:\Users\Winord-PC\.gradle\caches\modules-2\files-2.1\net.fabricmc.fabric-api\fabric-gametest-api-v1\4.0.32+3434d6d95d\ced6a55e4623994919224b07750f05231dad8c22\fabric-gametest-api-v1-4.0.32+3434d6d95d.jar to classpath.
[14:46:45] [main/DEBUG] (FabricLoader/Knot) Adding C:\Users\Winord-PC\.gradle\caches\modules-2\files-2.1\net.fabricmc.fabric-api\fabric-api-lookup-api-v1\2.0.24+3434d6d95d\29c412a6baf8e69bf71cab6b7a65b5096ff29a3\fabric-api-lookup-api-v1-2.0.24+3434d6d95d.jar to classpath.
[14:46:45] [main/DEBUG] (FabricLoader/Knot) Adding C:\Users\Winord-PC\.gradle\caches\modules-2\files-2.1\net.fabricmc.fabric-api\fabric-menu-api-v1\2.0.27+ed66f0a35d\5f52c5da57fbbdd96604ed12bcec0a0fba779dfe\fabric-menu-api-v1-2.0.27+ed66f0a35d.jar to classpath.
[14:46:45] [main/DEBUG] (FabricLoader/Entrypoint) Registering new-style initializer net.fabricmc.fabric.impl.client.rendering.hud.HudStatusBarHeightRegistryImpl for mod fabric-rendering-v1 (key client)
[14:46:45] [main/DEBUG] (FabricLoader/Entrypoint) Registering new-style initializer me.shedaniel.clothconfig2.fabric.ClothConfigModMenuDemo for mod cloth-config (key modmenu)
[14:46:45] [main/DEBUG] (FabricLoader/Entrypoint) Registering new-style initializer me.shedaniel.autoconfig.example.ExampleInits::exampleCommonInit for mod cloth-config (key client)
[14:46:45] [main/DEBUG] (FabricLoader/Entrypoint) Registering new-style initializer net.fabricmc.fabric.impl.client.renderer.DebugOverlayClient for mod fabric-renderer-api-v1 (key client)
[14:46:45] [main/DEBUG] (FabricLoader/Entrypoint) Registering new-style initializer net.fabricmc.fabric.impl.tag.TagInit for mod fabric-tag-api-v1 (key main)
[14:46:45] [main/DEBUG] (FabricLoader/Entrypoint) Registering new-style initializer net.fabricmc.fabric.impl.client.particle.ExtendedBlockParticleOptionSyncClient for mod fabric-particles-v1 (key client)
[14:46:45] [main/DEBUG] (FabricLoader/Entrypoint) Registering new-style initializer net.fabricmc.fabric.impl.particle.ExtendedBlockParticleOptionSync for mod fabric-particles-v1 (key main)
[14:46:45] [main/DEBUG] (FabricLoader/Entrypoint) Registering new-style initializer net.fabricmc.fabric.impl.resource.conditions.ResourceConditionsImpl for mod fabric-resource-conditions-api-v1 (key main)
[14:46:45] [main/DEBUG] (FabricLoader/Entrypoint) Registering new-style initializer fuzs.forgeconfigapiport.fabric.impl.integration.modmenu.ModMenuApiImpl for mod forgeconfigapiport (key modmenu)
[14:46:45] [main/DEBUG] (FabricLoader/Entrypoint) Registering new-style initializer fuzs.forgeconfigapiport.fabric.impl.client.ForgeConfigAPIPortFabricClient for mod forgeconfigapiport (key client)
[14:46:45] [main/DEBUG] (FabricLoader/Entrypoint) Registering new-style initializer fuzs.forgeconfigapiport.fabric.impl.ForgeConfigAPIPortFabric for mod forgeconfigapiport (key main)
[14:46:45] [main/DEBUG] (FabricLoader/Entrypoint) Registering new-style initializer mezz.jei.library.plugins.vanilla.VanillaPlugin for mod jei (key jei_mod_plugin)
[14:46:45] [main/DEBUG] (FabricLoader/Entrypoint) Registering new-style initializer mezz.jei.library.plugins.jei.JeiInternalPlugin for mod jei (key jei_mod_plugin)
[14:46:45] [main/DEBUG] (FabricLoader/Entrypoint) Registering new-style initializer mezz.jei.fabric.plugins.fabric.FabricGuiPlugin for mod jei (key jei_mod_plugin)
[14:46:45] [main/DEBUG] (FabricLoader/Entrypoint) Registering new-style initializer mezz.jei.gui.plugins.JeiGuiPlugin for mod jei (key jei_mod_plugin)
[14:46:45] [main/DEBUG] (FabricLoader/Entrypoint) Registering new-style initializer mezz.jei.fabric.JustEnoughItemsClient for mod jei (key client)
[14:46:45] [main/DEBUG] (FabricLoader/Entrypoint) Registering new-style initializer mezz.jei.fabric.JustEnoughItems for mod jei (key main)
[14:46:45] [main/DEBUG] (FabricLoader/Entrypoint) Registering new-style initializer net.fabricmc.fabric.impl.networking.client.ClientNetworkingImpl::clientInit for mod fabric-networking-api-v1 (key client)
[14:46:45] [main/DEBUG] (FabricLoader/Entrypoint) Registering new-style initializer net.fabricmc.fabric.impl.networking.CommonPacketsImpl::init for mod fabric-networking-api-v1 (key main)
[14:46:45] [main/DEBUG] (FabricLoader/Entrypoint) Registering new-style initializer net.fabricmc.fabric.impl.networking.NetworkingImpl::init for mod fabric-networking-api-v1 (key main)
[14:46:45] [main/DEBUG] (FabricLoader/Entrypoint) Registering new-style initializer net.fabricmc.fabric.impl.dimension.DimensionModificationImpl for mod fabric-dimensions-v1 (key main)
[14:46:45] [main/DEBUG] (FabricLoader/Entrypoint) Registering new-style initializer net.hotbar.satchels.compat.recipeviewer.SatchelsJEIPlugin for mod satchels (key jei_mod_plugin)
[14:46:45] [main/DEBUG] (FabricLoader/Entrypoint) Registering new-style initializer net.hotbar.satchels.datagen.SatchelsDataGenerator for mod satchels (key fabric-datagen)
[14:46:45] [main/DEBUG] (FabricLoader/Entrypoint) Registering new-style initializer net.hotbar.satchels.client.config.SatchelsModMenuPlugin for mod satchels (key modmenu)
[14:46:45] [main/DEBUG] (FabricLoader/Entrypoint) Registering new-style initializer net.hotbar.satchels.client.SatchelsClient for mod satchels (key client)
[14:46:45] [main/DEBUG] (FabricLoader/Entrypoint) Registering new-style initializer net.hotbar.satchels.Satchels for mod satchels (key main)
[14:46:45] [main/DEBUG] (FabricLoader/Entrypoint) Registering new-style initializer eu.pb4.trinkets.impl.client.compat.TrinketsJEIPlugin for mod trinkets_updated (key jei_mod_plugin)
[14:46:45] [main/DEBUG] (FabricLoader/Entrypoint) Registering new-style initializer eu.pb4.trinkets.impl.client.TrinketsClient for mod trinkets_updated (key yumi:client_init)
[14:46:45] [main/DEBUG] (FabricLoader/Entrypoint) Registering new-style initializer eu.pb4.trinkets.impl.platform.fabric.ModMenuCompatibility for mod trinkets_updated (key modmenu)
[14:46:45] [main/DEBUG] (FabricLoader/Entrypoint) Registering new-style initializer eu.pb4.trinkets.impl.client.compat.TrinketsREIPlugin for mod trinkets_updated (key rei_client)
[14:46:45] [main/DEBUG] (FabricLoader/Entrypoint) Registering new-style initializer eu.pb4.trinkets.impl.TrinketsMain for mod trinkets_updated (key yumi:init)
[14:46:45] [main/DEBUG] (FabricLoader/Entrypoint) Registering new-style initializer eu.pb4.trinkets.impl.client.compat.TrinketsRRVPlugin for mod trinkets_updated (key rrv_client)
[14:46:45] [main/DEBUG] (FabricLoader/Entrypoint) Registering new-style initializer net.fabricmc.fabric.impl.client.indigo.Indigo for mod fabric-renderer-indigo (key client)
[14:46:45] [main/DEBUG] (FabricLoader/Entrypoint) Registering new-style initializer dev.yurisuika.raised.RaisedClient for mod raised (key client)
[14:46:45] [main/DEBUG] (FabricLoader/Entrypoint) Registering new-style initializer dev.yurisuika.raised.Raised for mod raised (key main)
[14:46:45] [main/DEBUG] (FabricLoader/Entrypoint) Registering new-style initializer net.fabricmc.fabric.impl.event.interaction.InteractionEventsRouter for mod fabric-events-interaction-v0 (key main)
[14:46:45] [main/DEBUG] (FabricLoader/Entrypoint) Registering new-style initializer net.fabricmc.fabric.impl.tag.convention.v2.TranslationConventionLogWarnings for mod fabric-convention-tags-v2 (key main)
[14:46:45] [main/DEBUG] (FabricLoader/Entrypoint) Registering new-style initializer net.fabricmc.fabric.impl.client.event.lifecycle.ClientLifecycleEventsImpl for mod fabric-lifecycle-events-v1 (key client)
[14:46:45] [main/DEBUG] (FabricLoader/Entrypoint) Registering new-style initializer net.fabricmc.fabric.impl.event.lifecycle.LifecycleEventsImpl for mod fabric-lifecycle-events-v1 (key main)
[14:46:45] [main/DEBUG] (FabricLoader/Entrypoint) Registering new-style initializer net.fabricmc.fabric.impl.attachment.client.AttachmentSyncClient for mod fabric-data-attachment-api-v1 (key client)
[14:46:45] [main/DEBUG] (FabricLoader/Entrypoint) Registering new-style initializer net.fabricmc.fabric.impl.attachment.AttachmentEntrypoint for mod fabric-data-attachment-api-v1 (key main)
[14:46:45] [main/DEBUG] (FabricLoader/Entrypoint) Registering new-style initializer net.fabricmc.fabric.impl.attachment.sync.AttachmentSync for mod fabric-data-attachment-api-v1 (key main)
[14:46:45] [main/DEBUG] (FabricLoader/Entrypoint) Registering new-style initializer dev.yumi.mc.core.impl.YumiFoundationMod for mod yumi_mc_core (key yumi:init)
[14:46:45] [main/DEBUG] (FabricLoader/Entrypoint) Registering new-style initializer net.fabricmc.fabric.impl.recipe.ingredient.client.CustomIngredientSyncClient for mod fabric-recipe-api-v1 (key client)
[14:46:45] [main/DEBUG] (FabricLoader/Entrypoint) Registering new-style initializer net.fabricmc.fabric.impl.recipe.sync.client.RecipeSyncImplClient for mod fabric-recipe-api-v1 (key client)
[14:46:45] [main/DEBUG] (FabricLoader/Entrypoint) Registering new-style initializer net.fabricmc.fabric.impl.recipe.ingredient.CustomIngredientInit for mod fabric-recipe-api-v1 (key main)
[14:46:45] [main/DEBUG] (FabricLoader/Entrypoint) Registering new-style initializer net.fabricmc.fabric.impl.recipe.ingredient.CustomIngredientSync for mod fabric-recipe-api-v1 (key main)
[14:46:45] [main/DEBUG] (FabricLoader/Entrypoint) Registering new-style initializer net.fabricmc.fabric.impl.recipe.sync.RecipeSyncImpl for mod fabric-recipe-api-v1 (key main)
[14:46:45] [main/DEBUG] (FabricLoader/Entrypoint) Registering new-style initializer net.fabricmc.fabric.impl.client.registry.sync.FabricRegistryClientInit for mod fabric-registry-sync-v0 (key client)
[14:46:45] [main/DEBUG] (FabricLoader/Entrypoint) Registering new-style initializer net.fabricmc.fabric.impl.registry.sync.FabricRegistryInit for mod fabric-registry-sync-v0 (key main)
[14:46:45] [main/DEBUG] (FabricLoader/Entrypoint) Registering new-style initializer net.fabricmc.fabric.impl.client.gametest.FabricClientGameTestImpl for mod fabric-client-gametest-api-v1 (key client)
[14:46:45] [main/DEBUG] (FabricLoader/Entrypoint) Registering new-style initializer net.fabricmc.fabric.impl.client.model.loading.CustomUnbakedBlockStateModelInit for mod fabric-model-loading-api-v1 (key client)
[14:46:45] [main/DEBUG] (FabricLoader/Entrypoint) Registering new-style initializer com.swacky.ohmega.datagen.OhmegaDataGeneration for mod ohmega (key fabric-datagen)
[14:46:45] [main/DEBUG] (FabricLoader/Entrypoint) Registering new-style initializer com.swacky.ohmega.client.OhmegaClient for mod ohmega (key client)
[14:46:45] [main/DEBUG] (FabricLoader/Entrypoint) Registering new-style initializer com.swacky.ohmega.common.Ohmega for mod ohmega (key main)
[14:46:45] [main/DEBUG] (FabricLoader/Entrypoint) Registering new-style initializer net.fabricmc.fabric.impl.gametest.FabricGameTestModInitializer for mod fabric-gametest-api-v1 (key main)
[14:46:45] [main/DEBUG] (FabricLoader/Entrypoint) Registering new-style initializer net.fabricmc.fabric.impl.lookup.ApiLookupImpl for mod fabric-api-lookup-api-v1 (key main)
[14:46:45] [main/DEBUG] (FabricLoader/Entrypoint) Registering new-style initializer net.fabricmc.fabric.impl.menu.client.ClientNetworking for mod fabric-menu-api-v1 (key client)
[14:46:45] [main/DEBUG] (FabricLoader/Entrypoint) Registering new-style initializer net.fabricmc.fabric.impl.menu.Networking for mod fabric-menu-api-v1 (key main)
[14:46:45] [main/INFO] (FabricLoader/Mixin) SpongePowered MIXIN Subsystem Version=0.8.7 Source=file:/C:/Users/Winord-PC/.gradle/caches/modules-2/files-2.1/net.fabricmc/sponge-mixin/0.17.4+mixin.0.8.7/5f66cc9f59b8efaa942155a3d5a30599bf6640dd/sponge-mixin-0.17.4+mixin.0.8.7.jar Service=Knot/Fabric Env=CLIENT
[14:46:45] [main/DEBUG] (FabricLoader/Mixin) Initialising Mixin Platform Manager
[14:46:45] [main/DEBUG] (FabricLoader/Mixin) Adding mixin platform agents for container ContainerHandleURI(file:///C:/Users/Winord-PC/.gradle/caches/modules-2/files-2.1/net.fabricmc/fabric-loader/0.19.5/ff9e65cffca4a67f31523e1807fe0855940fcbfa/fabric-loader-0.19.5.jar)
[14:46:45] [main/DEBUG] (FabricLoader/Mixin) Instancing new MixinPlatformAgentDefault for ContainerHandleURI(file:///C:/Users/Winord-PC/.gradle/caches/modules-2/files-2.1/net.fabricmc/fabric-loader/0.19.5/ff9e65cffca4a67f31523e1807fe0855940fcbfa/fabric-loader-0.19.5.jar)
[14:46:45] [main/DEBUG] (FabricLoader/Mixin) MixinPlatformAgentDefault accepted container ContainerHandleURI(file:///C:/Users/Winord-PC/.gradle/caches/modules-2/files-2.1/net.fabricmc/fabric-loader/0.19.5/ff9e65cffca4a67f31523e1807fe0855940fcbfa/fabric-loader-0.19.5.jar)
[14:46:45] [main/DEBUG] (FabricLoader/Mixin) Instancing new MixinPlatformAgentDefault for ContainerHandleURI(file:///C:/Users/Winord-PC/.gradle/caches/modules-2/files-2.1/net.fabricmc/fabric-loader/0.19.5/ff9e65cffca4a67f31523e1807fe0855940fcbfa/fabric-loader-0.19.5.jar)
[14:46:45] [main/DEBUG] (FabricLoader/Mixin) MixinPlatformAgentDefault accepted container ContainerHandleURI(file:///C:/Users/Winord-PC/.gradle/caches/modules-2/files-2.1/net.fabricmc/fabric-loader/0.19.5/ff9e65cffca4a67f31523e1807fe0855940fcbfa/fabric-loader-0.19.5.jar)
[14:46:45] [main/DEBUG] (FabricLoader/Mixin) Processing prepare() for PlatformAgent[MixinPlatformAgentDefault:ContainerHandleURI(file:///C:/Users/Winord-PC/.gradle/caches/modules-2/files-2.1/net.fabricmc/fabric-loader/0.19.5/ff9e65cffca4a67f31523e1807fe0855940fcbfa/fabric-loader-0.19.5.jar)]
[14:46:45] [main/DEBUG] (FabricLoader/Mixin) Processing prepare() for PlatformAgent[MixinPlatformAgentDefault:ContainerHandleURI(file:///C:/Users/Winord-PC/.gradle/caches/modules-2/files-2.1/net.fabricmc/fabric-loader/0.19.5/ff9e65cffca4a67f31523e1807fe0855940fcbfa/fabric-loader-0.19.5.jar)]
[14:46:45] [main/DEBUG] (FabricLoader/Mixin) Compatibility level JAVA_25 specified by fabric-rendering-v1.mixins.json is higher than the maximum level supported by this version of mixin (JAVA_13).
[14:46:45] [main/DEBUG] (FabricLoader/Mixin) Compatibility level set to JAVA_25
[14:46:45] [main/DEBUG] (FabricLoader/Mixin) Mixin config fabric-rendering-v1.mixins.json does not specify "minVersion" or "requiredFeatures" property
[14:46:45] [main/DEBUG] (FabricLoader/Mixin) Mixin config fabric-content-registries-v0.mixins.json does not specify "minVersion" or "requiredFeatures" property
[14:46:45] [main/DEBUG] (FabricLoader/Mixin) Mixin config fabric-content-registries-v0.client.mixins.json does not specify "minVersion" or "requiredFeatures" property
[14:46:45] [main/DEBUG] (FabricLoader/Mixin) Mixin config fabric-item-api-v1.mixins.json does not specify "minVersion" or "requiredFeatures" property
[14:46:45] [main/DEBUG] (FabricLoader/Mixin) Mixin config fabric-item-api-v1.client.mixins.json does not specify "minVersion" or "requiredFeatures" property
[14:46:45] [main/DEBUG] (FabricLoader/Mixin) Mixin config fabric-entity-events-v1.mixins.json does not specify "minVersion" or "requiredFeatures" property
[14:46:45] [main/DEBUG] (FabricLoader/Mixin) Mixin config fabric-transfer-api-v1.mixins.json does not specify "minVersion" or "requiredFeatures" property
[14:46:45] [main/DEBUG] (FabricLoader/Mixin) Mixin config fabric-renderer-api-v1.mixins.json does not specify "minVersion" or "requiredFeatures" property
[14:46:45] [main/DEBUG] (FabricLoader/Mixin) Mixin config fabric-game-rule-api-v1.mixins.json does not specify "minVersion" or "requiredFeatures" property
[14:46:45] [main/DEBUG] (FabricLoader/Mixin) Mixin config fabric-game-rule-api-v1.client.mixins.json does not specify "minVersion" or "requiredFeatures" property
[14:46:45] [main/DEBUG] (FabricLoader/Mixin) Mixin config fabric-crash-report-info-v1.mixins.json does not specify "minVersion" or "requiredFeatures" property
[14:46:45] [main/DEBUG] (FabricLoader/Mixin) Mixin config fabric-tag-api-v1.mixins.json does not specify "minVersion" or "requiredFeatures" property
[14:46:45] [main/DEBUG] (FabricLoader/Mixin) Mixin config fabric-particles-v1.mixins.json does not specify "minVersion" or "requiredFeatures" property
[14:46:45] [main/DEBUG] (FabricLoader/Mixin) Mixin config fabric-particles-v1.client.mixins.json does not specify "minVersion" or "requiredFeatures" property
[14:46:45] [main/DEBUG] (FabricLoader/Mixin) Mixin config fabric-resource-conditions-api-v1.mixins.json does not specify "minVersion" or "requiredFeatures" property
[14:46:45] [main/DEBUG] (FabricLoader/Mixin) Mixin config fabric-message-api-v1.mixins.json does not specify "minVersion" or "requiredFeatures" property
[14:46:45] [main/DEBUG] (FabricLoader/Mixin) Mixin config fabric-message-api-v1.client.mixins.json does not specify "minVersion" or "requiredFeatures" property
[14:46:45] [main/DEBUG] (FabricLoader/Mixin) Mixin config fabric-permission-api-v1.mixins.json does not specify "minVersion" or "requiredFeatures" property
[14:46:45] [main/DEBUG] (FabricLoader/Mixin) Mixin config fabric-object-builder-v1.mixins.json does not specify "minVersion" or "requiredFeatures" property
[14:46:45] [main/DEBUG] (FabricLoader/Mixin) Mixin config fabric-object-builder-v1.client.mixins.json does not specify "minVersion" or "requiredFeatures" property
[14:46:45] [main/DEBUG] (FabricLoader/Mixin) Mixin config fabric-debug-api-v1.mixins.json does not specify "minVersion" or "requiredFeatures" property
[14:46:45] [main/DEBUG] (FabricLoader/Mixin) Mixin config fabric-debug-api-v1.client.mixins.json does not specify "minVersion" or "requiredFeatures" property
[14:46:45] [main/DEBUG] (FabricLoader/Mixin) Mixin config fabric-networking-api-v1.mixins.json does not specify "minVersion" or "requiredFeatures" property
[14:46:45] [main/DEBUG] (FabricLoader/Mixin) Mixin config fabric-networking-api-v1.client.mixins.json does not specify "minVersion" or "requiredFeatures" property
[14:46:45] [main/DEBUG] (FabricLoader/Mixin) Mixin config fabric-serialization-api-v1.mixins.json does not specify "minVersion" or "requiredFeatures" property
[14:46:45] [main/DEBUG] (FabricLoader/Mixin) Mixin config fabric-rendering-fluids-v1.mixins.json does not specify "minVersion" or "requiredFeatures" property
[14:46:45] [main/DEBUG] (FabricLoader/Mixin) Mixin config fabric-screen-api-v1.mixins.json does not specify "minVersion" or "requiredFeatures" property
[14:46:45] [main/DEBUG] (FabricLoader/Mixin) Mixin config fabric-dimensions-v1.mixins.json does not specify "minVersion" or "requiredFeatures" property
[14:46:45] [main/DEBUG] (FabricLoader/Mixin) Mixin config fabric-block-getter-api-v2.mixins.json does not specify "minVersion" or "requiredFeatures" property
[14:46:45] [main/DEBUG] (FabricLoader/Mixin) Mixin config fabric-block-getter-api-v2.client.mixins.json does not specify "minVersion" or "requiredFeatures" property
[14:46:45] [main/DEBUG] (FabricLoader/Mixin) Mixin config fabric-resource-loader-v1.mixins.json does not specify "minVersion" or "requiredFeatures" property
[14:46:45] [main/DEBUG] (FabricLoader/Mixin) Mixin config fabric-resource-loader-v1.client.mixins.json does not specify "minVersion" or "requiredFeatures" property
[14:46:45] [main/DEBUG] (FabricLoader/Mixin) Mixin config fabric-key-mapping-api-v1.mixins.json does not specify "minVersion" or "requiredFeatures" property
[14:46:45] [main/DEBUG] (FabricLoader/Mixin) Mixin config fabric-command-api-v2.mixins.json does not specify "minVersion" or "requiredFeatures" property
[14:46:45] [main/DEBUG] (FabricLoader/Mixin) Mixin config fabric-command-api-v2.client.mixins.json does not specify "minVersion" or "requiredFeatures" property
[14:46:45] [main/DEBUG] (FabricLoader/Mixin) Mixin config trinkets.mixins.json does not specify "minVersion" or "requiredFeatures" property
[14:46:45] [main/DEBUG] (FabricLoader/Mixin) Mixin config trinkets.fabric.mixins.json does not specify "minVersion" or "requiredFeatures" property
[14:46:45] [main/DEBUG] (FabricLoader/Mixin) Mixin config fabric-renderer-indigo.mixins.json does not specify "minVersion" or "requiredFeatures" property
[14:46:45] [main/DEBUG] (FabricLoader/Mixin) Mixin config fabric-biome-api-v1.mixins.json does not specify "minVersion" or "requiredFeatures" property
[14:46:45] [main/DEBUG] (FabricLoader/Mixin) Mixin config fabric-events-interaction-v0.mixins.json does not specify "minVersion" or "requiredFeatures" property
[14:46:45] [main/DEBUG] (FabricLoader/Mixin) Mixin config fabric-events-interaction-v0.client.mixins.json does not specify "minVersion" or "requiredFeatures" property
[14:46:45] [main/DEBUG] (FabricLoader/Mixin) Mixin config fabric-convention-tags-api-v2.mixins.json does not specify "minVersion" or "requiredFeatures" property
[14:46:45] [main/DEBUG] (FabricLoader/Mixin) Mixin config fabric-lifecycle-events-v1.mixins.json does not specify "minVersion" or "requiredFeatures" property
[14:46:45] [main/DEBUG] (FabricLoader/Mixin) Mixin config fabric-lifecycle-events-v1.client.mixins.json does not specify "minVersion" or "requiredFeatures" property
[14:46:45] [main/DEBUG] (FabricLoader/Mixin) Mixin config fabric-data-attachment-api-v1.mixins.json does not specify "minVersion" or "requiredFeatures" property
[14:46:45] [main/DEBUG] (FabricLoader/Mixin) Mixin config fabric-data-attachment-api-v1.client.mixins.json does not specify "minVersion" or "requiredFeatures" property
[14:46:45] [main/DEBUG] (FabricLoader/Mixin) Mixin config fabric-data-generation-api-v1.mixins.json does not specify "minVersion" or "requiredFeatures" property
[14:46:45] [main/DEBUG] (FabricLoader/Mixin) Mixin config fabric-data-generation-api-v1.client.mixins.json does not specify "minVersion" or "requiredFeatures" property
[14:46:45] [main/DEBUG] (FabricLoader/Mixin) Mixin config yumi_mc_core.mixins.json does not specify "minVersion" or "requiredFeatures" property
[14:46:45] [main/DEBUG] (FabricLoader/Mixin) Mixin config yumi_mc_core.neoforge.mixins.json does not specify "minVersion" or "requiredFeatures" property
[14:46:45] [main/DEBUG] (FabricLoader/Mixin) Mixin config fabric-recipe-api-v1.mixins.json does not specify "minVersion" or "requiredFeatures" property
[14:46:45] [main/DEBUG] (FabricLoader/Mixin) Mixin config fabric-recipe-api-v1.client.mixins.json does not specify "minVersion" or "requiredFeatures" property
[14:46:45] [main/DEBUG] (FabricLoader/Mixin) Mixin config fabric-block-api-v1.mixins.json does not specify "minVersion" or "requiredFeatures" property
[14:46:45] [main/DEBUG] (FabricLoader/Mixin) Mixin config fabric-sound-api-v1.mixins.json does not specify "minVersion" or "requiredFeatures" property
[14:46:45] [main/DEBUG] (FabricLoader/Mixin) Mixin config fabric-creative-tab-api-v1.mixins.json does not specify "minVersion" or "requiredFeatures" property
[14:46:45] [main/DEBUG] (FabricLoader/Mixin) Mixin config fabric-creative-tab-api-v1.client.mixins.json does not specify "minVersion" or "requiredFeatures" property
[14:46:45] [main/DEBUG] (FabricLoader/Mixin) Mixin config fabric-registry-sync-v0.mixins.json does not specify "minVersion" or "requiredFeatures" property
[14:46:45] [main/DEBUG] (FabricLoader/Mixin) Mixin config fabric-registry-sync-v0.client.mixins.json does not specify "minVersion" or "requiredFeatures" property
[14:46:45] [main/DEBUG] (FabricLoader/Mixin) Mixin config fabric-client-gametest-api-v1.mixins.json does not specify "minVersion" or "requiredFeatures" property
[14:46:45] [main/DEBUG] (FabricLoader/Mixin) Mixin config fabric-model-loading-api-v1.mixins.json does not specify "minVersion" or "requiredFeatures" property
[14:46:45] [main/DEBUG] (FabricLoader/Mixin) Compatibility level JAVA_21 specified by ohmega.mixins.json is higher than the maximum level supported by this version of mixin (JAVA_13).
[14:46:45] [main/DEBUG] (FabricLoader/Mixin) Compatibility level JAVA_21 specified by ohmega_common.mixins.json is higher than the maximum level supported by this version of mixin (JAVA_13).
[14:46:45] [main/DEBUG] (FabricLoader/Mixin) Mixin config fabric-loot-api-v3.mixins.json does not specify "minVersion" or "requiredFeatures" property
[14:46:45] [main/DEBUG] (FabricLoader/Mixin) Mixin config fabric-gametest-api-v1.mixins.json does not specify "minVersion" or "requiredFeatures" property
[14:46:45] [main/DEBUG] (FabricLoader/Mixin) Mixin config fabric-api-lookup-api-v1.mixins.json does not specify "minVersion" or "requiredFeatures" property
[14:46:45] [main/DEBUG] (FabricLoader/Mixin) Mixin config fabric-menu-api-v1.mixins.json does not specify "minVersion" or "requiredFeatures" property
[14:46:45] [main/DEBUG] (FabricLoader/Knot) Adding F:\Youtube\Media\Mods\Project Satchels\Hotbar_Satchels\.gradle\loom-cache\minecraftMaven\net\minecraft\minecraft-merged-7bc91b213d\26.3\minecraft-merged-7bc91b213d-26.3.jar to classpath.
[14:46:45] [main/DEBUG] (FabricLoader/Knot) Adding F:\Youtube\Media\Mods\Project Satchels\Hotbar_Satchels\build\classes\java\main to classpath.
[14:46:45] [main/DEBUG] (FabricLoader/Knot) Adding F:\Youtube\Media\Mods\Project Satchels\Hotbar_Satchels\build\resources\main to classpath.
[14:46:45] [main/DEBUG] (FabricLoader/Knot) Adding F:\Youtube\Media\Mods\Project Satchels\Hotbar_Satchels\libs\ohmega-1.5.21-fabric-mc26.3.jar to classpath.
[14:46:45] [main/DEBUG] (FabricLoader/Knot) Adding C:\Users\Winord-PC\.gradle\caches\modules-2\files-2.1\me.shedaniel.cloth\cloth-config-fabric\26.3.158\41596f189fbea3bb835a8fd62619ee4092ff4882\cloth-config-fabric-26.3.158.jar to classpath.
[14:46:45] [main/DEBUG] (FabricLoader/Knot) Adding C:\Users\Winord-PC\.gradle\caches\modules-2\files-2.1\mezz.jei\jei-26.3-fabric\31.0.0.11\819b586a4cfc9d47c3a581829b2d81a82e1de3bd\jei-26.3-fabric-31.0.0.11.jar to classpath.
[14:46:45] [main/DEBUG] (FabricLoader/Knot) Adding C:\Users\Winord-PC\.gradle\caches\modules-2\files-2.1\net.fabricmc.fabric-api\fabric-api\0.160.6+26.3\e4cfcfa5c2903129518c9ae641bc5289939b67d6\fabric-api-0.160.6+26.3.jar to classpath.
[14:46:45] [main/DEBUG] (FabricLoader/Knot) Adding C:\Users\Winord-PC\.gradle\caches\modules-2\files-2.1\io.github.llamalad7\mixinextras-fabric\0.5.5\d1055b99c0ab08a8403fe2da3d79ca28e6340a76\mixinextras-fabric-0.5.5.jar to classpath.
[14:46:45] [main/DEBUG] (FabricLoader/Knot) Adding C:\Users\Winord-PC\.gradle\caches\modules-2\files-2.1\eu.pb4\trinkets\4.2.0+26.3\45426a4d60c46d9d91c512e4cc77d38711ab396a\trinkets-4.2.0+26.3.jar to classpath.
[14:46:45] [main/DEBUG] (FabricLoader/Knot) Adding C:\Users\Winord-PC\.gradle\caches\modules-2\files-2.1\maven.modrinth\forge-config-api-port\26.3.0-fabric\8a618f4e8e5c6a1792715aabd2b0f88f1d3d8f1f\forge-config-api-port-26.3.0-fabric.jar to classpath.
[14:46:45] [main/DEBUG] (FabricLoader/Knot) Adding C:\Users\Winord-PC\.gradle\caches\modules-2\files-2.1\maven.modrinth\raised\Fabric-26.2-5.1.2\f3cfd41a5f082f120c10a6d3ee01c8643da656bb\raised-Fabric-26.2-5.1.2.jar to classpath.
[14:46:45] [main/DEBUG] (FabricLoader/Knot) Adding C:\Users\Winord-PC\.gradle\caches\modules-2\files-2.1\net.fabricmc\dev-launch-injector\0.2.1+build.8\da8bef7e6e2f952da707f282bdb46882a0fce5e3\dev-launch-injector-0.2.1+build.8.jar to classpath.
[14:46:45] [main/DEBUG] (FabricLoader/Knot) Adding C:\Users\Winord-PC\.gradle\caches\modules-2\files-2.1\at.yawk.lz4\lz4-java\1.10.1\f541d7f910fe3d76f38f799c507c48cc81b12ecb\lz4-java-1.10.1.jar to classpath.
[14:46:45] [main/DEBUG] (FabricLoader/Knot) Adding C:\Users\Winord-PC\.gradle\caches\modules-2\files-2.1\com.azure\azure-json\1.4.0\fcc1d354dbc3e0300e5276b1bf124d0247799cd8\azure-json-1.4.0.jar to classpath.
[14:46:45] [main/DEBUG] (FabricLoader/Knot) Adding C:\Users\Winord-PC\.gradle\caches\modules-2\files-2.1\com.github.oshi\oshi-core\6.9.0\3224870731860cfcd7744581a05b559e94291e7\oshi-core-6.9.0.jar to classpath.
[14:46:45] [main/DEBUG] (FabricLoader/Knot) Adding C:\Users\Winord-PC\.gradle\caches\modules-2\files-2.1\com.moandjiezana.toml\toml4j\0.7.2\a03337911d0bd2c40932aca3946edb30d0e7d0c\toml4j-0.7.2.jar to classpath.
[14:46:45] [main/DEBUG] (FabricLoader/Knot) Adding C:\Users\Winord-PC\.gradle\caches\modules-2\files-2.1\com.google.guava\failureaccess\1.0.3\aeaffd00d57023a2c947393ed251f0354f0985fc\failureaccess-1.0.3.jar to classpath.
[14:46:45] [main/DEBUG] (FabricLoader/Knot) Adding C:\Users\Winord-PC\.gradle\caches\modules-2\files-2.1\com.google.guava\guava\33.6.0-jre\c376b13067cc99a5774403530953f7b05a91e218\guava-33.6.0-jre.jar to classpath.
[14:46:45] [main/DEBUG] (FabricLoader/Knot) Adding C:\Users\Winord-PC\.gradle\caches\modules-2\files-2.1\com.ibm.icu\icu4j\78.3\6a851a53bb1f25689fc418dcc8935b0d93580adf\icu4j-78.3.jar to classpath.
[14:46:45] [main/DEBUG] (FabricLoader/Knot) Adding C:\Users\Winord-PC\.gradle\caches\modules-2\files-2.1\com.microsoft.azure\msal4j\1.24.1\c233f2d047b9755f7041adf21a858c680e4c9242\msal4j-1.24.1.jar to classpath.
[14:46:45] [main/DEBUG] (FabricLoader/Knot) Adding C:\Users\Winord-PC\.gradle\caches\modules-2\files-2.1\com.mojang\blocklist\1.0.10\5c685c5ffa94c4cd39496c7184c1d122e515ecef\blocklist-1.0.10.jar to classpath.
[14:46:45] [main/DEBUG] (FabricLoader/Knot) Adding C:\Users\Winord-PC\.gradle\caches\modules-2\files-2.1\com.mojang\brigadier\1.3.11\3373d1e7bf00c8b99bed1ea4efb8c47344e4a887\brigadier-1.3.11.jar to classpath.
[14:46:45] [main/DEBUG] (FabricLoader/Knot) Adding C:\Users\Winord-PC\.gradle\caches\modules-2\files-2.1\com.mojang\datafixerupper\10.0.21\b6b2ae770c02e0c1eb90f9985b151e9085a38d0b\datafixerupper-10.0.21.jar to classpath.
[14:46:45] [main/DEBUG] (FabricLoader/Knot) Adding C:\Users\Winord-PC\.gradle\caches\modules-2\files-2.1\com.mojang\jtracy\1.14.38\cc2ad81342001b4281c305a298d7f50332354058\jtracy-1.14.38.jar to classpath.
[14:46:45] [main/DEBUG] (FabricLoader/Knot) Adding C:\Users\Winord-PC\.gradle\caches\modules-2\files-2.1\com.mojang\jtracy\1.14.38\3e26b44141ba853b45f734f643a6a8ac8b8fc259\jtracy-1.14.38-natives-windows.jar to classpath.
[14:46:45] [main/DEBUG] (FabricLoader/Knot) Adding C:\Users\Winord-PC\.gradle\caches\modules-2\files-2.1\com.mojang\patchy\2.2.10\da05971b07cbb379d002cf7eaec6a2048211fefc\patchy-2.2.10.jar to classpath.
[14:46:45] [main/DEBUG] (FabricLoader/Knot) Adding C:\Users\Winord-PC\.gradle\caches\modules-2\files-2.1\com.mojang\text2speech\1.19.12\2e517a75c79d34d32de2b5d68422150836c2133e\text2speech-1.19.12.jar to classpath.
[14:46:45] [main/DEBUG] (FabricLoader/Knot) Adding C:\Users\Winord-PC\.gradle\caches\modules-2\files-2.1\commons-codec\commons-codec\1.22.0\6b3eb4beb7058c2a638f5f17bcb388649fd339dd\commons-codec-1.22.0.jar to classpath.
[14:46:45] [main/DEBUG] (FabricLoader/Knot) Adding C:\Users\Winord-PC\.gradle\caches\modules-2\files-2.1\commons-io\commons-io\2.20.0\36f3474daec2849c149e877614e7f979b2082cd2\commons-io-2.20.0.jar to classpath.
[14:46:45] [main/DEBUG] (FabricLoader/Knot) Adding C:\Users\Winord-PC\.gradle\caches\modules-2\files-2.1\io.netty\netty-buffer\4.2.16.Final\5397ef65dcb60670e0e0dba4854522873af3070\netty-buffer-4.2.16.Final.jar to classpath.
[14:46:45] [main/DEBUG] (FabricLoader/Knot) Adding C:\Users\Winord-PC\.gradle\caches\modules-2\files-2.1\io.netty\netty-codec-base\4.2.16.Final\1a01d45a9efc228c6d747525848b065e0656b5f\netty-codec-base-4.2.16.Final.jar to classpath.
[14:46:45] [main/DEBUG] (FabricLoader/Knot) Adding C:\Users\Winord-PC\.gradle\caches\modules-2\files-2.1\io.netty\netty-codec-compression\4.2.16.Final\bdbbcfcdbe217b95c14a04df4fc5d31213d5c27c\netty-codec-compression-4.2.16.Final.jar to classpath.
[14:46:45] [main/DEBUG] (FabricLoader/Knot) Adding C:\Users\Winord-PC\.gradle\caches\modules-2\files-2.1\io.netty\netty-codec-http\4.2.16.Final\b5e0715df90047ee5a0138c8f704f43c751009e4\netty-codec-http-4.2.16.Final.jar to classpath.
[14:46:45] [main/DEBUG] (FabricLoader/Knot) Adding C:\Users\Winord-PC\.gradle\caches\modules-2\files-2.1\io.netty\netty-common\4.2.16.Final\c2bc7fa5acfa2afc777e944d84f0aa65559cc81e\netty-common-4.2.16.Final.jar to classpath.
[14:46:45] [main/DEBUG] (FabricLoader/Knot) Adding C:\Users\Winord-PC\.gradle\caches\modules-2\files-2.1\io.netty\netty-handler\4.2.16.Final\cc82873ae4b6d14effe480740ad838de09add70d\netty-handler-4.2.16.Final.jar to classpath.
[14:46:45] [main/DEBUG] (FabricLoader/Knot) Adding C:\Users\Winord-PC\.gradle\caches\modules-2\files-2.1\io.netty\netty-resolver\4.2.16.Final\fcea6d64273b59ab9127b68c16ae98af34642139\netty-resolver-4.2.16.Final.jar to classpath.
[14:46:45] [main/DEBUG] (FabricLoader/Knot) Adding C:\Users\Winord-PC\.gradle\caches\modules-2\files-2.1\io.netty\netty-transport-classes-epoll\4.2.16.Final\cf90c7b892e284ba9f1545dce170168369b3b9d6\netty-transport-classes-epoll-4.2.16.Final.jar to classpath.
[14:46:45] [main/DEBUG] (FabricLoader/Knot) Adding C:\Users\Winord-PC\.gradle\caches\modules-2\files-2.1\io.netty\netty-transport-classes-kqueue\4.2.16.Final\fa2bcf8c71626510f6fae173f78182117b70f7a\netty-transport-classes-kqueue-4.2.16.Final.jar to classpath.
[14:46:45] [main/DEBUG] (FabricLoader/Knot) Adding C:\Users\Winord-PC\.gradle\caches\modules-2\files-2.1\io.netty\netty-transport-native-unix-common\4.2.16.Final\3cf32390f1b80af890ac44aa0698c2ff58c2a4d7\netty-transport-native-unix-common-4.2.16.Final.jar to classpath.
[14:46:45] [main/DEBUG] (FabricLoader/Knot) Adding C:\Users\Winord-PC\.gradle\caches\modules-2\files-2.1\io.netty\netty-transport\4.2.16.Final\ae87a3bec51d503475a19fbd718bf777f2fc06c6\netty-transport-4.2.16.Final.jar to classpath.
[14:46:45] [main/DEBUG] (FabricLoader/Knot) Adding C:\Users\Winord-PC\.gradle\caches\modules-2\files-2.1\it.unimi.dsi\fastutil\8.5.18\a6cff377eecc19c2037bf31568a6d7106b50ba1f\fastutil-8.5.18.jar to classpath.
[14:46:45] [main/DEBUG] (FabricLoader/Knot) Adding C:\Users\Winord-PC\.gradle\caches\modules-2\files-2.1\net.java.dev.jna\jna-platform\5.17.0\a4934c44d25a9d8c2ddf4203affd20330cb3426f\jna-platform-5.17.0.jar to classpath.
[14:46:45] [main/DEBUG] (FabricLoader/Knot) Adding C:\Users\Winord-PC\.gradle\caches\modules-2\files-2.1\net.java.dev.jna\jna\5.17.0\33d12735bef894440780fce64f9758d420c7bae2\jna-5.17.0.jar to classpath.
[14:46:45] [main/DEBUG] (FabricLoader/Knot) Adding C:\Users\Winord-PC\.gradle\caches\modules-2\files-2.1\net.sf.jopt-simple\jopt-simple\5.0.4\4fdac2fbe92dfad86aa6e9301736f6b4342a3f5c\jopt-simple-5.0.4.jar to classpath.
[14:46:45] [main/DEBUG] (FabricLoader/Knot) Adding C:\Users\Winord-PC\.gradle\caches\modules-2\files-2.1\org.apache.commons\commons-compress\1.28.0\e482f2c7a88dac3c497e96aa420b6a769f59c8d7\commons-compress-1.28.0.jar to classpath.
[14:46:45] [main/DEBUG] (FabricLoader/Knot) Adding C:\Users\Winord-PC\.gradle\caches\modules-2\files-2.1\org.apache.commons\commons-lang3\3.20.0\65897b3e5731220962e659e001904af3c3cbeba9\commons-lang3-3.20.0.jar to classpath.
[14:46:45] [main/DEBUG] (FabricLoader/Knot) Adding C:\Users\Winord-PC\.gradle\caches\modules-2\files-2.1\org.jcraft\jorbis\0.0.17\8872d22b293e8f5d7d56ff92be966e6dc28ebdc6\jorbis-0.0.17.jar to classpath.
[14:46:45] [main/DEBUG] (FabricLoader/Knot) Adding C:\Users\Winord-PC\.gradle\caches\modules-2\files-2.1\org.joml\joml\1.10.9\438e036486bad66b189bff385dd07dea4f74a146\joml-1.10.9.jar to classpath.
[14:46:45] [main/DEBUG] (FabricLoader/Knot) Adding C:\Users\Winord-PC\.gradle\caches\modules-2\files-2.1\dev.yumi.mc.core\yumi-mc-foundation\1.1.3+26.1\f5d15418ac9f51c5bb91aa0f4765906d83b98b97\yumi-mc-foundation-1.1.3+26.1.jar to classpath.
[14:46:45] [main/DEBUG] (FabricLoader/Knot) Adding C:\Users\Winord-PC\.gradle\caches\modules-2\files-2.1\dev.yumi.commons\yumi-commons-event\2.0.0\1e5b42131c6b9c08bbcfbb29e119e254ce0248cb\yumi-commons-event-2.0.0.jar to classpath.
[14:46:45] [main/DEBUG] (FabricLoader/Knot) Adding C:\Users\Winord-PC\.gradle\caches\modules-2\files-2.1\dev.yumi.commons\yumi-commons-collections\2.0.0\f449d184673fd602bf371cb1efa81c751d17bee0\yumi-commons-collections-2.0.0.jar to classpath.
[14:46:45] [main/DEBUG] (FabricLoader/Knot) Adding C:\Users\Winord-PC\.gradle\caches\modules-2\files-2.1\dev.yumi.commons\yumi-commons-core\2.0.0\f5efa034fed033bf8cdc3c4c09a52d99d1b4772d\yumi-commons-core-2.0.0.jar to classpath.
[14:46:45] [main/DEBUG] (FabricLoader/Knot) Adding C:\Users\Winord-PC\.gradle\caches\modules-2\files-2.1\org.jspecify\jspecify\1.0.0\7425a601c1c7ec76645a78d22b8c6a627edee507\jspecify-1.0.0.jar to classpath.
[14:46:45] [main/DEBUG] (FabricLoader/Knot) Adding C:\Users\Winord-PC\.gradle\caches\modules-2\files-2.1\org.lwjgl\lwjgl-freetype\3.4.3\d2b12961d44f92860fb1ab501f9c69b7a2975236\lwjgl-freetype-3.4.3.jar to classpath.
[14:46:45] [main/DEBUG] (FabricLoader/Knot) Adding C:\Users\Winord-PC\.gradle\caches\modules-2\files-2.1\org.lwjgl\lwjgl-freetype\3.4.3\c01f319d5eeebaa143feb143cc746687c88075a\lwjgl-freetype-3.4.3-natives-windows.jar to classpath.
[14:46:45] [main/DEBUG] (FabricLoader/Knot) Adding C:\Users\Winord-PC\.gradle\caches\modules-2\files-2.1\org.lwjgl\lwjgl-freetype\3.4.3\c611e83aea59f960d621c79c78de06745bc95a9e\lwjgl-freetype-3.4.3-natives-windows-arm64.jar to classpath.
[14:46:45] [main/DEBUG] (FabricLoader/Knot) Adding C:\Users\Winord-PC\.gradle\caches\modules-2\files-2.1\org.lwjgl\lwjgl-jemalloc\3.4.3\350f317eaf5295b1e53f6664ef5fdeeaaa7dcbf0\lwjgl-jemalloc-3.4.3.jar to classpath.
[14:46:45] [main/DEBUG] (FabricLoader/Knot) Adding C:\Users\Winord-PC\.gradle\caches\modules-2\files-2.1\org.lwjgl\lwjgl-jemalloc\3.4.3\d329f1d23bdb18e504f2f5900a93d24b2454bd05\lwjgl-jemalloc-3.4.3-natives-windows.jar to classpath.
[14:46:45] [main/DEBUG] (FabricLoader/Knot) Adding C:\Users\Winord-PC\.gradle\caches\modules-2\files-2.1\org.lwjgl\lwjgl-jemalloc\3.4.3\7362dcccaf4ee997e9af3e267d5beacb4771e93e\lwjgl-jemalloc-3.4.3-natives-windows-arm64.jar to classpath.
[14:46:45] [main/DEBUG] (FabricLoader/Knot) Adding C:\Users\Winord-PC\.gradle\caches\modules-2\files-2.1\org.lwjgl\lwjgl-openal\3.4.3\32b52cda5af6937a4e4bd321bdb83082025cb332\lwjgl-openal-3.4.3.jar to classpath.
[14:46:45] [main/DEBUG] (FabricLoader/Knot) Adding C:\Users\Winord-PC\.gradle\caches\modules-2\files-2.1\org.lwjgl\lwjgl-openal\3.4.3\97c14cc0c264d64e4200fc319d86f559f8a6931\lwjgl-openal-3.4.3-natives-windows.jar to classpath.
[14:46:45] [main/DEBUG] (FabricLoader/Knot) Adding C:\Users\Winord-PC\.gradle\caches\modules-2\files-2.1\org.lwjgl\lwjgl-openal\3.4.3\6198ef79d4c7a220fb65689b584e8e3a148c81b7\lwjgl-openal-3.4.3-natives-windows-arm64.jar to classpath.
[14:46:45] [main/DEBUG] (FabricLoader/Knot) Adding C:\Users\Winord-PC\.gradle\caches\modules-2\files-2.1\org.lwjgl\lwjgl-opengl\3.4.3\b81769ee48050f8c71e70839505f350bf9219d90\lwjgl-opengl-3.4.3.jar to classpath.
[14:46:45] [main/DEBUG] (FabricLoader/Knot) Adding C:\Users\Winord-PC\.gradle\caches\modules-2\files-2.1\org.lwjgl\lwjgl-opengl\3.4.3\8f46f873190aa1d89f0f59818afcf125bd88adde\lwjgl-opengl-3.4.3-natives-windows.jar to classpath.
[14:46:45] [main/DEBUG] (FabricLoader/Knot) Adding C:\Users\Winord-PC\.gradle\caches\modules-2\files-2.1\org.lwjgl\lwjgl-opengl\3.4.3\f49d3b795fb4ea9b33c2b8403411eab8620879a1\lwjgl-opengl-3.4.3-natives-windows-arm64.jar to classpath.
[14:46:45] [main/DEBUG] (FabricLoader/Knot) Adding C:\Users\Winord-PC\.gradle\caches\modules-2\files-2.1\org.lwjgl\lwjgl-sdl\3.4.3\c02146735d6ff70d070c73532b435e5c893a346b\lwjgl-sdl-3.4.3.jar to classpath.
[14:46:45] [main/DEBUG] (FabricLoader/Knot) Adding C:\Users\Winord-PC\.gradle\caches\modules-2\files-2.1\org.lwjgl\lwjgl-sdl\3.4.3\b91110fdb7a3c09feaac07ee06e0757a8ac33d03\lwjgl-sdl-3.4.3-natives-windows.jar to classpath.
[14:46:45] [main/DEBUG] (FabricLoader/Knot) Adding C:\Users\Winord-PC\.gradle\caches\modules-2\files-2.1\org.lwjgl\lwjgl-sdl\3.4.3\7ab134eaab451560b2248b89d2836214f4ce4f6b\lwjgl-sdl-3.4.3-natives-windows-arm64.jar to classpath.
[14:46:45] [main/DEBUG] (FabricLoader/Knot) Adding C:\Users\Winord-PC\.gradle\caches\modules-2\files-2.1\org.lwjgl\lwjgl-shaderc\3.4.3\ba9fbc8fc4d50b3e4b436cc958ddb4abdb05867c\lwjgl-shaderc-3.4.3.jar to classpath.
[14:46:45] [main/DEBUG] (FabricLoader/Knot) Adding C:\Users\Winord-PC\.gradle\caches\modules-2\files-2.1\org.lwjgl\lwjgl-shaderc\3.4.3\44266572b8b8b5bbb05e71f13471337ac0d62aba\lwjgl-shaderc-3.4.3-natives-windows.jar to classpath.
[14:46:45] [main/DEBUG] (FabricLoader/Knot) Adding C:\Users\Winord-PC\.gradle\caches\modules-2\files-2.1\org.lwjgl\lwjgl-shaderc\3.4.3\bb28dabb8b7d8bea1a35de1a2be6aeade0e565d2\lwjgl-shaderc-3.4.3-natives-windows-arm64.jar to classpath.
[14:46:45] [main/DEBUG] (FabricLoader/Knot) Adding C:\Users\Winord-PC\.gradle\caches\modules-2\files-2.1\org.lwjgl\lwjgl-spvc\3.4.3\98e5b5ef5159100b26a169a9aed6c24e820e3eaa\lwjgl-spvc-3.4.3.jar to classpath.
[14:46:45] [main/DEBUG] (FabricLoader/Knot) Adding C:\Users\Winord-PC\.gradle\caches\modules-2\files-2.1\org.lwjgl\lwjgl-spvc\3.4.3\996d1baf778567a6d8d6970a9eda5c4c18957386\lwjgl-spvc-3.4.3-natives-windows.jar to classpath.
[14:46:45] [main/DEBUG] (FabricLoader/Knot) Adding C:\Users\Winord-PC\.gradle\caches\modules-2\files-2.1\org.lwjgl\lwjgl-spvc\3.4.3\220ef902b26215f0f4718e4cdf9aa49005e33f93\lwjgl-spvc-3.4.3-natives-windows-arm64.jar to classpath.
[14:46:45] [main/DEBUG] (FabricLoader/Knot) Adding C:\Users\Winord-PC\.gradle\caches\modules-2\files-2.1\org.lwjgl\lwjgl-stb\3.4.3\cdce54785bd3758e44a81f345d6260774d921c78\lwjgl-stb-3.4.3.jar to classpath.
[14:46:45] [main/DEBUG] (FabricLoader/Knot) Adding C:\Users\Winord-PC\.gradle\caches\modules-2\files-2.1\org.lwjgl\lwjgl-stb\3.4.3\ada47b3ce6917bd113759f5caad20f2cca06d4c\lwjgl-stb-3.4.3-natives-windows.jar to classpath.
[14:46:45] [main/DEBUG] (FabricLoader/Knot) Adding C:\Users\Winord-PC\.gradle\caches\modules-2\files-2.1\org.lwjgl\lwjgl-stb\3.4.3\94ff1f4b128a8224fbef93d4b8b9b503c65b402\lwjgl-stb-3.4.3-natives-windows-arm64.jar to classpath.
[14:46:45] [main/DEBUG] (FabricLoader/Knot) Adding C:\Users\Winord-PC\.gradle\caches\modules-2\files-2.1\org.lwjgl\lwjgl-vma\3.4.3\816a6ac87f1e447e5346ca0e7a1078353f51fbd6\lwjgl-vma-3.4.3.jar to classpath.
[14:46:45] [main/DEBUG] (FabricLoader/Knot) Adding C:\Users\Winord-PC\.gradle\caches\modules-2\files-2.1\org.lwjgl\lwjgl-vma\3.4.3\ccdda5496cb9c1d77e7a7c94a3284ca44b5e3176\lwjgl-vma-3.4.3-natives-windows.jar to classpath.
[14:46:45] [main/DEBUG] (FabricLoader/Knot) Adding C:\Users\Winord-PC\.gradle\caches\modules-2\files-2.1\org.lwjgl\lwjgl-vma\3.4.3\f895ba1ad2811d1461e5b46e5057ddcbfd65841e\lwjgl-vma-3.4.3-natives-windows-arm64.jar to classpath.
[14:46:45] [main/DEBUG] (FabricLoader/Knot) Adding C:\Users\Winord-PC\.gradle\caches\modules-2\files-2.1\org.lwjgl\lwjgl-vulkan\3.4.3\ffdaf1898192059f059d66f9fa37e3debcac10e0\lwjgl-vulkan-3.4.3.jar to classpath.
[14:46:45] [main/DEBUG] (FabricLoader/Knot) Adding C:\Users\Winord-PC\.gradle\caches\modules-2\files-2.1\org.lwjgl\lwjgl\3.4.3\7ab5265a73d8a959ed62332d546536ae6be2f0d5\lwjgl-3.4.3.jar to classpath.
[14:46:45] [main/DEBUG] (FabricLoader/Knot) Adding C:\Users\Winord-PC\.gradle\caches\modules-2\files-2.1\org.lwjgl\lwjgl\3.4.3\27e3d2f08b2bcf4fb56a58b836d9437419b980d7\lwjgl-3.4.3-natives-windows.jar to classpath.
[14:46:45] [main/DEBUG] (FabricLoader/Knot) Adding C:\Users\Winord-PC\.gradle\caches\modules-2\files-2.1\org.lwjgl\lwjgl\3.4.3\cedd8fc68a4955a26e9ffdf3dc7d4d31c35e5194\lwjgl-3.4.3-natives-windows-arm64.jar to classpath.
[14:46:45] [main/DEBUG] (FabricLoader/Knot) Adding C:\Users\Winord-PC\.gradle\caches\modules-2\files-2.1\io.netty\netty-transport-native-epoll\4.2.16.Final\439c24f5c27c220deb042b42e4048d606edeb78d\netty-transport-native-epoll-4.2.16.Final-linux-x86_64.jar to classpath.
[14:46:45] [main/DEBUG] (FabricLoader/Knot) Adding C:\Users\Winord-PC\.gradle\caches\modules-2\files-2.1\io.netty\netty-transport-native-epoll\4.2.16.Final\eed34f3b37b4c46a0cbb49456ccc4e3bd7195e4c\netty-transport-native-epoll-4.2.16.Final-linux-aarch_64.jar to classpath.
[14:46:45] [main/DEBUG] (FabricLoader/Knot) Adding C:\Users\Winord-PC\.gradle\caches\modules-2\files-2.1\io.netty\netty-transport-native-kqueue\4.2.16.Final\dd9d41b06355a6a1815d902ee087a693aab83755\netty-transport-native-kqueue-4.2.16.Final-osx-x86_64.jar to classpath.
[14:46:45] [main/DEBUG] (FabricLoader/Knot) Adding C:\Users\Winord-PC\.gradle\caches\modules-2\files-2.1\io.netty\netty-transport-native-kqueue\4.2.16.Final\ddb942cad6c0e978caa2215757512b36c5ffacec\netty-transport-native-kqueue-4.2.16.Final-osx-aarch_64.jar to classpath.
[14:46:45] [main/DEBUG] (FabricLoader/Knot) Adding C:\Users\Winord-PC\.gradle\caches\modules-2\files-2.1\net.fabricmc.fabric-api\fabric-transfer-api-v1\8.0.25+fcdff87f5d\4680f760ffbd28c38f899488ded76fd7c26082c8\fabric-transfer-api-v1-8.0.25+fcdff87f5d.jar to classpath.
[14:46:45] [main/DEBUG] (FabricLoader/Knot) Adding C:\Users\Winord-PC\.gradle\caches\modules-2\files-2.1\net.fabricmc.fabric-api\fabric-api-lookup-api-v1\2.0.24+3434d6d95d\29c412a6baf8e69bf71cab6b7a65b5096ff29a3\fabric-api-lookup-api-v1-2.0.24+3434d6d95d.jar to classpath.
[14:46:45] [main/DEBUG] (FabricLoader/Knot) Adding C:\Users\Winord-PC\.gradle\caches\modules-2\files-2.1\net.fabricmc.fabric-api\fabric-block-api-v1\3.1.0+0ae6f9115d\78badf0c664259627830111f2ac0ad2f9f0ff2f7\fabric-block-api-v1-3.1.0+0ae6f9115d.jar to classpath.
[14:46:45] [main/DEBUG] (FabricLoader/Knot) Adding C:\Users\Winord-PC\.gradle\caches\modules-2\files-2.1\net.fabricmc.fabric-api\fabric-command-api-v2\3.1.2+fcdff87f5d\69de6c0f1f5926309dad2cd9569027a6d4d99493\fabric-command-api-v2-3.1.2+fcdff87f5d.jar to classpath.
[14:46:45] [main/DEBUG] (FabricLoader/Knot) Adding C:\Users\Winord-PC\.gradle\caches\modules-2\files-2.1\net.fabricmc.fabric-api\fabric-content-registries-v0\15.0.4+74ed1ea55d\c316198aeaa747228437e01f8c81efb134dca9f2\fabric-content-registries-v0-15.0.4+74ed1ea55d.jar to classpath.
[14:46:45] [main/DEBUG] (FabricLoader/Knot) Adding C:\Users\Winord-PC\.gradle\caches\modules-2\files-2.1\net.fabricmc.fabric-api\fabric-data-generation-api-v1\27.2.2+b28e9d205d\9793c87cf449ae37325ebfafde0b1ad7dd3b4c38\fabric-data-generation-api-v1-27.2.2+b28e9d205d.jar to classpath.
[14:46:45] [main/DEBUG] (FabricLoader/Knot) Adding C:\Users\Winord-PC\.gradle\caches\modules-2\files-2.1\net.fabricmc.fabric-api\fabric-convention-tags-v2\4.10.2+5a4e5fc65d\2e70b968e1ccfc6a40503e019f7d22e90516e592\fabric-convention-tags-v2-4.10.2+5a4e5fc65d.jar to classpath.
[14:46:45] [main/DEBUG] (FabricLoader/Knot) Adding C:\Users\Winord-PC\.gradle\caches\modules-2\files-2.1\net.fabricmc.fabric-api\fabric-creative-tab-api-v1\5.0.21+fcdff87f5d\c0d1736c1f7b6166f1925eb0bd79f9c97cd1494\fabric-creative-tab-api-v1-5.0.21+fcdff87f5d.jar to classpath.
[14:46:45] [main/DEBUG] (FabricLoader/Knot) Adding C:\Users\Winord-PC\.gradle\caches\modules-2\files-2.1\net.fabricmc.fabric-api\fabric-data-attachment-api-v1\2.2.30+3434d6d95d\b31a17053b2113fde7011d5caa54871071f38fe\fabric-data-attachment-api-v1-2.2.30+3434d6d95d.jar to classpath.
[14:46:45] [main/DEBUG] (FabricLoader/Knot) Adding C:\Users\Winord-PC\.gradle\caches\modules-2\files-2.1\net.fabricmc.fabric-api\fabric-debug-api-v1\1.0.4+3434d6d95d\e4812b5812a9d92b97604bdf2737780d3cc7612e\fabric-debug-api-v1-1.0.4+3434d6d95d.jar to classpath.
[14:46:45] [main/DEBUG] (FabricLoader/Knot) Adding C:\Users\Winord-PC\.gradle\caches\modules-2\files-2.1\net.fabricmc.fabric-api\fabric-dimensions-v1\5.1.19+47f74c985d\2d10026da0876c1e887b512b26d2813a1646c132\fabric-dimensions-v1-5.1.19+47f74c985d.jar to classpath.
[14:46:45] [main/DEBUG] (FabricLoader/Knot) Adding C:\Users\Winord-PC\.gradle\caches\modules-2\files-2.1\net.fabricmc.fabric-api\fabric-entity-events-v1\6.0.4+3434d6d95d\731754a9bdfc6784a41d8fb17cd6c08f58fe31e0\fabric-entity-events-v1-6.0.4+3434d6d95d.jar to classpath.
[14:46:45] [main/DEBUG] (FabricLoader/Knot) Adding C:\Users\Winord-PC\.gradle\caches\modules-2\files-2.1\net.fabricmc.fabric-api\fabric-events-interaction-v0\5.3.6+3434d6d95d\de80f4728f8559f8e126b857288af8a27da57b81\fabric-events-interaction-v0-5.3.6+3434d6d95d.jar to classpath.
[14:46:45] [main/DEBUG] (FabricLoader/Knot) Adding C:\Users\Winord-PC\.gradle\caches\modules-2\files-2.1\net.fabricmc.fabric-api\fabric-game-rule-api-v1\4.0.10+3434d6d95d\3f73b9e94995f6f8a0d38955b98b67ac8d6bb089\fabric-game-rule-api-v1-4.0.10+3434d6d95d.jar to classpath.
[14:46:45] [main/DEBUG] (FabricLoader/Knot) Adding C:\Users\Winord-PC\.gradle\caches\modules-2\files-2.1\net.fabricmc.fabric-api\fabric-gametest-api-v1\4.0.32+3434d6d95d\ced6a55e4623994919224b07750f05231dad8c22\fabric-gametest-api-v1-4.0.32+3434d6d95d.jar to classpath.
[14:46:45] [main/DEBUG] (FabricLoader/Knot) Adding C:\Users\Winord-PC\.gradle\caches\modules-2\files-2.1\net.fabricmc.fabric-api\fabric-item-api-v1\14.7.0+cf6bc2db5d\9d9e319928f67f49029c86ae56d0414997a534ac\fabric-item-api-v1-14.7.0+cf6bc2db5d.jar to classpath.
[14:46:45] [main/DEBUG] (FabricLoader/Knot) Adding C:\Users\Winord-PC\.gradle\caches\modules-2\files-2.1\net.fabricmc.fabric-api\fabric-recipe-api-v1\10.0.8+fcdff87f5d\16ab72f3b3cc37f758a1ac01817b3909b02ce736\fabric-recipe-api-v1-10.0.8+fcdff87f5d.jar to classpath.
[14:46:45] [main/DEBUG] (FabricLoader/Knot) Adding C:\Users\Winord-PC\.gradle\caches\modules-2\files-2.1\net.fabricmc.fabric-api\fabric-model-loading-api-v1\8.0.34+fcdff87f5d\d9e1da526bb240a7fe2eecf89d0db7c895d6b64d\fabric-model-loading-api-v1-8.0.34+fcdff87f5d.jar to classpath.
[14:46:45] [main/DEBUG] (FabricLoader/Knot) Adding C:\Users\Winord-PC\.gradle\caches\modules-2\files-2.1\net.fabricmc.fabric-api\fabric-renderer-indigo\9.1.22+b9d63e335d\632413589f171428d629d7267336e0baf7a04af2\fabric-renderer-indigo-9.1.22+b9d63e335d.jar to classpath.
[14:46:45] [main/DEBUG] (FabricLoader/Knot) Adding C:\Users\Winord-PC\.gradle\caches\modules-2\files-2.1\net.fabricmc.fabric-api\fabric-renderer-api-v1\17.0.14+2ce735b85d\638483e0db2384470d2fd48e052a496f24bc7d0e\fabric-renderer-api-v1-17.0.14+2ce735b85d.jar to classpath.
[14:46:45] [main/DEBUG] (FabricLoader/Knot) Adding C:\Users\Winord-PC\.gradle\caches\modules-2\files-2.1\net.fabricmc.fabric-api\fabric-rendering-v1\27.0.14+901a437c5d\b7b356249f2c16fa58410e8c7694c75f0468a403\fabric-rendering-v1-27.0.14+901a437c5d.jar to classpath.
[14:46:45] [main/DEBUG] (FabricLoader/Knot) Adding C:\Users\Winord-PC\.gradle\caches\modules-2\files-2.1\net.fabricmc.fabric-api\fabric-lifecycle-events-v1\4.1.9+ffef5f675d\4184b98a6c1dbfcf6c63dab29cf7f5812d9eaf73\fabric-lifecycle-events-v1-4.1.9+ffef5f675d.jar to classpath.
[14:46:45] [main/DEBUG] (FabricLoader/Knot) Adding C:\Users\Winord-PC\.gradle\caches\modules-2\files-2.1\net.fabricmc.fabric-api\fabric-loot-api-v3\4.0.8+4068fd645d\3f74e49f671c5ef812512b9ff6ca35a531f06cf7\fabric-loot-api-v3-4.0.8+4068fd645d.jar to classpath.
[14:46:45] [main/DEBUG] (FabricLoader/Knot) Adding C:\Users\Winord-PC\.gradle\caches\modules-2\files-2.1\net.fabricmc.fabric-api\fabric-menu-api-v1\2.0.27+ed66f0a35d\5f52c5da57fbbdd96604ed12bcec0a0fba779dfe\fabric-menu-api-v1-2.0.27+ed66f0a35d.jar to classpath.
[14:46:45] [main/DEBUG] (FabricLoader/Knot) Adding C:\Users\Winord-PC\.gradle\caches\modules-2\files-2.1\net.fabricmc.fabric-api\fabric-message-api-v1\7.0.10+3434d6d95d\5b224f019d030f7bb70584866f4f6329fa9a21b3\fabric-message-api-v1-7.0.10+3434d6d95d.jar to classpath.
[14:46:45] [main/DEBUG] (FabricLoader/Knot) Adding C:\Users\Winord-PC\.gradle\caches\modules-2\files-2.1\net.fabricmc.fabric-api\fabric-client-gametest-api-v1\6.0.7+4be74c3f5d\b5512c68896b9692f81db7ddc5f2f6d72b18615\fabric-client-gametest-api-v1-6.0.7+4be74c3f5d.jar to classpath.
[14:46:45] [main/DEBUG] (FabricLoader/Knot) Adding C:\Users\Winord-PC\.gradle\caches\modules-2\files-2.1\net.fabricmc.fabric-api\fabric-particles-v1\5.0.24+3434d6d95d\f737b753bad5f3b94d9d07985853539f4c6ee416\fabric-particles-v1-5.0.24+3434d6d95d.jar to classpath.
[14:46:45] [main/DEBUG] (FabricLoader/Knot) Adding C:\Users\Winord-PC\.gradle\caches\modules-2\files-2.1\net.fabricmc.fabric-api\fabric-object-builder-api-v1\24.1.9+3434d6d95d\24f679e28b1c3a4fd44b339a03161774f880139\fabric-object-builder-api-v1-24.1.9+3434d6d95d.jar to classpath.
[14:46:45] [main/DEBUG] (FabricLoader/Knot) Adding C:\Users\Winord-PC\.gradle\caches\modules-2\files-2.1\net.fabricmc.fabric-api\fabric-registry-sync-v0\8.0.1+fcdff87f5d\7c5c6642c01a0d37abccc8546b86833ca2c9e667\fabric-registry-sync-v0-8.0.1+fcdff87f5d.jar to classpath.
[14:46:45] [main/DEBUG] (FabricLoader/Knot) Adding C:\Users\Winord-PC\.gradle\caches\modules-2\files-2.1\net.fabricmc.fabric-api\fabric-networking-api-v1\6.3.8+fcdff87f5d\1487018aa4c0cc74d0e32b89c5b2da9b1c00ebb8\fabric-networking-api-v1-6.3.8+fcdff87f5d.jar to classpath.
[14:46:45] [main/DEBUG] (FabricLoader/Knot) Adding C:\Users\Winord-PC\.gradle\caches\modules-2\files-2.1\net.fabricmc.fabric-api\fabric-permission-api-v1\1.0.8+fcdff87f5d\b5ffb6d1e882755032aa6b79265e32699be57c88\fabric-permission-api-v1-1.0.8+fcdff87f5d.jar to classpath.
[14:46:45] [main/DEBUG] (FabricLoader/Knot) Adding C:\Users\Winord-PC\.gradle\caches\modules-2\files-2.1\net.fabricmc.fabric-api\fabric-rendering-fluids-v1\6.0.6+3434d6d95d\f346710e5fb0751998cb84d4772b1b2827e1ad57\fabric-rendering-fluids-v1-6.0.6+3434d6d95d.jar to classpath.
[14:46:45] [main/DEBUG] (FabricLoader/Knot) Adding C:\Users\Winord-PC\.gradle\caches\modules-2\files-2.1\net.fabricmc.fabric-api\fabric-tag-api-v1\2.1.10+fcdff87f5d\6b70d67fcea94ef97a08cda0d7810fd89238a83\fabric-tag-api-v1-2.1.10+fcdff87f5d.jar to classpath.
[14:46:45] [main/DEBUG] (FabricLoader/Knot) Adding C:\Users\Winord-PC\.gradle\caches\modules-2\files-2.1\net.fabricmc.fabric-api\fabric-resource-loader-v0\3.3.26+4fc5413f5d\2fd2238d86a13d9f43244d030ae0a33ee8e4d092\fabric-resource-loader-v0-3.3.26+4fc5413f5d.jar to classpath.
[14:46:45] [main/DEBUG] (FabricLoader/Knot) Adding C:\Users\Winord-PC\.gradle\caches\modules-2\files-2.1\net.fabricmc.fabric-api\fabric-resource-loader-v1\3.0.4+fcdff87f5d\23991cd88d413af9c9bc9fdaa43e1a4f7156917a\fabric-resource-loader-v1-3.0.4+fcdff87f5d.jar to classpath.
[14:46:45] [main/DEBUG] (FabricLoader/Knot) Adding C:\Users\Winord-PC\.gradle\caches\modules-2\files-2.1\net.fabricmc.fabric-api\fabric-screen-api-v1\5.2.3+1087e13e5d\b721fcb3d9535c7d2051dbd4d88c9b04a8a61bc6\fabric-screen-api-v1-5.2.3+1087e13e5d.jar to classpath.
[14:46:45] [main/DEBUG] (FabricLoader/Knot) Adding C:\Users\Winord-PC\.gradle\caches\modules-2\files-2.1\net.fabricmc.fabric-api\fabric-api-base\2.0.6+fcdff87f5d\449053de5093613bbdf6d439bedd431a7ad77da2\fabric-api-base-2.0.6+fcdff87f5d.jar to classpath.
[14:46:45] [main/DEBUG] (FabricLoader/Knot) Adding C:\Users\Winord-PC\.gradle\caches\modules-2\files-2.1\net.fabricmc.fabric-api\fabric-biome-api-v1\20.0.9+74ed1ea55d\587c148a61dd7b76db105d39f556dd741fbbbe2f\fabric-biome-api-v1-20.0.9+74ed1ea55d.jar to classpath.
[14:46:45] [main/DEBUG] (FabricLoader/Knot) Adding C:\Users\Winord-PC\.gradle\caches\modules-2\files-2.1\net.fabricmc.fabric-api\fabric-block-getter-api-v2\2.0.9+3434d6d95d\56fd2980cfdb2e557bd51dfa743d92bb7befcdb6\fabric-block-getter-api-v2-2.0.9+3434d6d95d.jar to classpath.
[14:46:45] [main/DEBUG] (FabricLoader/Knot) Adding C:\Users\Winord-PC\.gradle\caches\modules-2\files-2.1\net.fabricmc.fabric-api\fabric-crash-report-info-v1\1.0.7+fcdff87f5d\a5531952f47841e359bc2ca8cb807add8c76c5c5\fabric-crash-report-info-v1-1.0.7+fcdff87f5d.jar to classpath.
[14:46:45] [main/DEBUG] (FabricLoader/Knot) Adding C:\Users\Winord-PC\.gradle\caches\modules-2\files-2.1\net.fabricmc.fabric-api\fabric-key-mapping-api-v1\2.0.8+3434d6d95d\89eb86ef13d05ebc9f725f0c55d9db69abc6fc06\fabric-key-mapping-api-v1-2.0.8+3434d6d95d.jar to classpath.
[14:46:45] [main/DEBUG] (FabricLoader/Knot) Adding C:\Users\Winord-PC\.gradle\caches\modules-2\files-2.1\net.fabricmc.fabric-api\fabric-resource-conditions-api-v1\6.1.5+3434d6d95d\c009f3d1b43e3e26053d4809055b265bbbfa7044\fabric-resource-conditions-api-v1-6.1.5+3434d6d95d.jar to classpath.
[14:46:45] [main/DEBUG] (FabricLoader/Knot) Adding C:\Users\Winord-PC\.gradle\caches\modules-2\files-2.1\net.fabricmc.fabric-api\fabric-serialization-api-v1\2.0.7+74ed1ea55d\6461e300b93b46986d74f092660dd9d39a1125c0\fabric-serialization-api-v1-2.0.7+74ed1ea55d.jar to classpath.
[14:46:45] [main/DEBUG] (FabricLoader/Knot) Adding C:\Users\Winord-PC\.gradle\caches\modules-2\files-2.1\net.fabricmc.fabric-api\fabric-sound-api-v1\2.0.7+3434d6d95d\59e460c1b9e943d662fd0827f0461ff60b7f23d1\fabric-sound-api-v1-2.0.7+3434d6d95d.jar to classpath.
[14:46:45] [main/DEBUG] (FabricLoader/Knot) Adding C:\Users\Winord-PC\.gradle\caches\modules-2\files-2.1\net.fabricmc.fabric-api\fabric-transitive-access-wideners-v1\8.1.16+52268a0e5d\8322e1bc6d3e3993dce826a41f4a199944269bcb\fabric-transitive-access-wideners-v1-8.1.16+52268a0e5d.jar to classpath.
[14:46:45] [main/DEBUG] (FabricLoader/Knot) Adding C:\Users\Winord-PC\.gradle\caches\modules-2\files-2.1\blue.endless\jankson\1.2.0\3a596049034f2952c0b2d40ca41f9b98856d5fb4\jankson-1.2.0.jar to classpath.
[14:46:45] [main/DEBUG] (FabricLoader/Knot) Adding C:\Users\Winord-PC\.gradle\caches\modules-2\files-2.1\org.yaml\snakeyaml\1.27\359d62567480b07a679dc643f82fc926b100eed5\snakeyaml-1.27.jar to classpath.
[14:46:45] [main/DEBUG] (FabricLoader/Knot) Adding C:\Users\Winord-PC\.gradle\caches\modules-2\files-2.1\me.shedaniel.cloth\basic-math\0.6.1\2ddd64b22126332794a5754ff9b942e17fb44c39\basic-math-0.6.1.jar to classpath.
[14:46:45] [main/DEBUG] (FabricLoader/Knot) Adding C:\Users\Winord-PC\.gradle\caches\modules-2\files-2.1\mezz.jei\jei-26.3-common\31.0.0.11\bfb09788837a6b9cda73e1367f75aab896e17796\jei-26.3-common-31.0.0.11.jar to classpath.
[14:46:45] [main/DEBUG] (FabricLoader/Knot) Adding C:\Users\Winord-PC\.gradle\caches\modules-2\files-2.1\mezz.jei\jei-26.3-lib\31.0.0.11\ba3d46ad4f6247daeebfbae2be7746301a101804\jei-26.3-lib-31.0.0.11.jar to classpath.
[14:46:45] [main/DEBUG] (FabricLoader/Knot) Adding C:\Users\Winord-PC\.gradle\caches\modules-2\files-2.1\mezz.jei\jei-26.3-gui\31.0.0.11\4e401843b275a20a0db0f62cfb0042bf70ec4642\jei-26.3-gui-31.0.0.11.jar to classpath.
[14:46:45] [main/DEBUG] (FabricLoader/Knot) Adding C:\Users\Winord-PC\.gradle\caches\modules-2\files-2.1\mezz.jei\jei-26.3-common-api\31.0.0.11\c7f5291b3a696434f6ef6a423b134138448d143a\jei-26.3-common-api-31.0.0.11.jar to classpath.
[14:46:45] [main/DEBUG] (FabricLoader/Knot) Adding C:\Users\Winord-PC\.gradle\caches\modules-2\files-2.1\com.google.errorprone\error_prone_annotations\2.48.0\bbe30942a31d1778c74cb272321267eca82dc708\error_prone_annotations-2.48.0.jar to classpath.
[14:46:45] [main/DEBUG] (FabricLoader/Knot) Adding C:\Users\Winord-PC\.gradle\caches\modules-2\files-2.1\org.jetbrains\annotations\26.0.2\c7ce3cdeda3d18909368dfe5977332dfad326c6d\annotations-26.0.2.jar to classpath.
[14:46:45] [main/DEBUG] (FabricLoader/Entrypoint) No subscribers for entrypoint 'preLaunch'
[14:46:45] [main/DEBUG] (FabricLoader/Mixin) Preparing mixins for MixinEnvironment[DEFAULT]
[14:46:45] [main/DEBUG] (FabricLoader/Mixin) Selecting config fabric-rendering-v1.mixins.json
[14:46:45] [main/DEBUG] (FabricLoader/Mixin) Selecting config fabric-content-registries-v0.mixins.json
[14:46:45] [main/DEBUG] (FabricLoader/Mixin) Selecting config fabric-content-registries-v0.client.mixins.json
[14:46:45] [main/DEBUG] (FabricLoader/Mixin) Selecting config fabric-item-api-v1.mixins.json
[14:46:45] [main/DEBUG] (FabricLoader/Mixin) Selecting config fabric-item-api-v1.client.mixins.json
[14:46:45] [main/DEBUG] (FabricLoader/Mixin) Selecting config fabric-entity-events-v1.mixins.json
[14:46:45] [main/DEBUG] (FabricLoader/Mixin) Selecting config fabric-transfer-api-v1.mixins.json
[14:46:45] [main/DEBUG] (FabricLoader/Mixin) Selecting config fabric-renderer-api-v1.mixins.json
[14:46:45] [main/DEBUG] (FabricLoader/Mixin) Selecting config fabric-game-rule-api-v1.mixins.json
[14:46:45] [main/DEBUG] (FabricLoader/Mixin) Selecting config fabric-game-rule-api-v1.client.mixins.json
[14:46:45] [main/DEBUG] (FabricLoader/Mixin) Selecting config fabric-crash-report-info-v1.mixins.json
[14:46:45] [main/DEBUG] (FabricLoader/Mixin) Selecting config fabric-tag-api-v1.mixins.json
[14:46:45] [main/DEBUG] (FabricLoader/Mixin) Selecting config fabric-particles-v1.mixins.json
[14:46:45] [main/DEBUG] (FabricLoader/Mixin) Selecting config fabric-particles-v1.client.mixins.json
[14:46:45] [main/DEBUG] (FabricLoader/Mixin) Selecting config fabric-resource-conditions-api-v1.mixins.json
[14:46:45] [main/DEBUG] (FabricLoader/Mixin) Selecting config fabric-message-api-v1.mixins.json
[14:46:45] [main/DEBUG] (FabricLoader/Mixin) Selecting config fabric-message-api-v1.client.mixins.json
[14:46:45] [main/DEBUG] (FabricLoader/Mixin) Selecting config fabric-permission-api-v1.mixins.json
[14:46:45] [main/DEBUG] (FabricLoader/Mixin) Selecting config fabric-object-builder-v1.mixins.json
[14:46:45] [main/DEBUG] (FabricLoader/Mixin) Selecting config fabric-object-builder-v1.client.mixins.json
[14:46:45] [main/DEBUG] (FabricLoader/Mixin) Selecting config forgeconfigapiport.common.mixins.json
[14:46:45] [main/DEBUG] (FabricLoader/Mixin) Selecting config forgeconfigapiport.fabric.mixins.json
[14:46:45] [main/DEBUG] (FabricLoader/Mixin) Selecting config jei.mixins.json
[14:46:45] [main/DEBUG] (FabricLoader/Mixin) Selecting config fabric-debug-api-v1.mixins.json
[14:46:45] [main/DEBUG] (FabricLoader/Mixin) Selecting config fabric-debug-api-v1.client.mixins.json
[14:46:45] [main/DEBUG] (FabricLoader/Mixin) Selecting config fabric-networking-api-v1.mixins.json
[14:46:45] [main/DEBUG] (FabricLoader/Mixin) Selecting config fabric-networking-api-v1.client.mixins.json
[14:46:45] [main/DEBUG] (FabricLoader/Mixin) Selecting config fabric-serialization-api-v1.mixins.json
[14:46:45] [main/DEBUG] (FabricLoader/Mixin) Selecting config fabric-rendering-fluids-v1.mixins.json
[14:46:45] [main/DEBUG] (FabricLoader/Mixin) Selecting config fabric-screen-api-v1.mixins.json
[14:46:45] [main/DEBUG] (FabricLoader/Mixin) Selecting config fabric-dimensions-v1.mixins.json
[14:46:45] [main/DEBUG] (FabricLoader/Mixin) Selecting config satchels.mixins.json
[14:46:45] [main/ERROR] (FabricLoader/Mixin) Invalid REFMAP JSON in : org.spongepowered.include.com.google.gson.JsonSyntaxException java.lang.IllegalStateException: Expected BEGIN_OBJECT but was STRING at line 1 column 1
[14:46:45] [main/WARN] (FabricLoader/Mixin) Reference map '' for satchels.mixins.json could not be read. If this is a development environment you can ignore this message
[14:46:45] [main/DEBUG] (FabricLoader/Mixin) Selecting config satchels.client.mixins.json
[14:46:45] [main/DEBUG] (FabricLoader/Mixin) Selecting config fabric-block-getter-api-v2.mixins.json
[14:46:45] [main/DEBUG] (FabricLoader/Mixin) Selecting config fabric-block-getter-api-v2.client.mixins.json
[14:46:45] [main/DEBUG] (FabricLoader/Mixin) Selecting config fabric-resource-loader-v1.mixins.json
[14:46:45] [main/DEBUG] (FabricLoader/Mixin) Selecting config fabric-resource-loader-v1.client.mixins.json
[14:46:45] [main/DEBUG] (FabricLoader/Mixin) Selecting config mixinextras.init.mixins.json
[14:46:45] [main/DEBUG] (FabricLoader/MixinExtras|Service) com.llamalad7.mixinextras.service.MixinExtrasServiceImpl(version=0.5.5) is taking over from null
[14:46:45] [main/DEBUG] (FabricLoader/Mixin) Registering new injector for @Inject with org.spongepowered.asm.mixin.injection.struct.CallbackInjectionInfo
[14:46:45] [main/DEBUG] (FabricLoader/Mixin) Registering new injector for @ModifyArg with org.spongepowered.asm.mixin.injection.struct.ModifyArgInjectionInfo
[14:46:45] [main/DEBUG] (FabricLoader/Mixin) Registering new injector for @ModifyArgs with org.spongepowered.asm.mixin.injection.struct.ModifyArgsInjectionInfo
[14:46:45] [main/DEBUG] (FabricLoader/Mixin) Registering new injector for @Redirect with org.spongepowered.asm.mixin.injection.struct.RedirectInjectionInfo
[14:46:45] [main/DEBUG] (FabricLoader/Mixin) Registering new injector for @ModifyVariable with org.spongepowered.asm.mixin.injection.struct.ModifyVariableInjectionInfo
[14:46:45] [main/DEBUG] (FabricLoader/Mixin) Registering new injector for @ModifyConstant with org.spongepowered.asm.mixin.injection.struct.ModifyConstantInjectionInfo
[14:46:45] [main/DEBUG] (FabricLoader/Mixin) Selecting config fabric-key-mapping-api-v1.mixins.json
[14:46:45] [main/DEBUG] (FabricLoader/Mixin) Selecting config fabric-command-api-v2.mixins.json
[14:46:45] [main/DEBUG] (FabricLoader/Mixin) Selecting config fabric-command-api-v2.client.mixins.json
[14:46:45] [main/DEBUG] (FabricLoader/Mixin) Selecting config trinkets.mixins.json
[14:46:45] [main/DEBUG] (FabricLoader/Mixin) Selecting config trinkets.fabric.mixins.json
[14:46:45] [main/DEBUG] (FabricLoader/Mixin) Selecting config fabric-renderer-indigo.mixins.json
[14:46:45] [main/DEBUG] (FabricLoader/Mixin) Selecting config raised.mixins.json
[14:46:45] [main/WARN] (FabricLoader/Mixin) Reference map 'raised.refmap.json' for raised.mixins.json could not be read. If this is a development environment you can ignore this message
[14:46:45] [main/DEBUG] (FabricLoader/Mixin) Selecting config fabric-biome-api-v1.mixins.json
[14:46:45] [main/DEBUG] (FabricLoader/Mixin) Selecting config fabric-events-interaction-v0.mixins.json
[14:46:45] [main/DEBUG] (FabricLoader/Mixin) Selecting config fabric-events-interaction-v0.client.mixins.json
[14:46:45] [main/DEBUG] (FabricLoader/Mixin) Selecting config fabric-convention-tags-api-v2.mixins.json
[14:46:45] [main/DEBUG] (FabricLoader/Mixin) Selecting config fabric-lifecycle-events-v1.mixins.json
[14:46:45] [main/DEBUG] (FabricLoader/Mixin) Selecting config fabric-lifecycle-events-v1.client.mixins.json
[14:46:45] [main/DEBUG] (FabricLoader/Mixin) Selecting config fabric-data-attachment-api-v1.mixins.json
[14:46:45] [main/DEBUG] (FabricLoader/Mixin) Selecting config fabric-data-attachment-api-v1.client.mixins.json
[14:46:45] [main/DEBUG] (FabricLoader/Mixin) Selecting config fabric-data-generation-api-v1.mixins.json
[14:46:45] [main/DEBUG] (FabricLoader/Mixin) Selecting config fabric-data-generation-api-v1.client.mixins.json
[14:46:45] [main/DEBUG] (FabricLoader/Mixin) Selecting config yumi_mc_core.mixins.json
[14:46:45] [main/DEBUG] (FabricLoader/Mixin) Selecting config yumi_mc_core.neoforge.mixins.json
[14:46:45] [main/DEBUG] (FabricLoader/Mixin) Selecting config fabric-recipe-api-v1.mixins.json
[14:46:45] [main/DEBUG] (FabricLoader/Mixin) Selecting config fabric-recipe-api-v1.client.mixins.json
[14:46:45] [main/DEBUG] (FabricLoader/Mixin) Selecting config fabric-block-api-v1.mixins.json
[14:46:45] [main/DEBUG] (FabricLoader/Mixin) Selecting config fabric-sound-api-v1.mixins.json
[14:46:45] [main/DEBUG] (FabricLoader/Mixin) Selecting config fabric-creative-tab-api-v1.mixins.json
[14:46:45] [main/DEBUG] (FabricLoader/Mixin) Selecting config fabric-creative-tab-api-v1.client.mixins.json
[14:46:45] [main/DEBUG] (FabricLoader/Mixin) Selecting config fabric-registry-sync-v0.mixins.json
[14:46:45] [main/DEBUG] (FabricLoader/Mixin) Selecting config fabric-registry-sync-v0.client.mixins.json
[14:46:45] [main/DEBUG] (FabricLoader/Mixin) Selecting config fabric-client-gametest-api-v1.mixins.json
[14:46:45] [main/DEBUG] (FabricLoader/Mixin) Selecting config fabric-model-loading-api-v1.mixins.json
[14:46:45] [main/DEBUG] (FabricLoader/Mixin) Selecting config ohmega.mixins.json
[14:46:45] [main/DEBUG] (FabricLoader/Mixin) Selecting config ohmega_common.mixins.json
[14:46:45] [main/DEBUG] (FabricLoader/Mixin) Selecting config fabric-loot-api-v3.mixins.json
[14:46:45] [main/DEBUG] (FabricLoader/Mixin) Selecting config fabric-gametest-api-v1.mixins.json
[14:46:45] [main/DEBUG] (FabricLoader/Mixin) Selecting config fabric-api-lookup-api-v1.mixins.json
[14:46:45] [main/DEBUG] (FabricLoader/Mixin) Selecting config fabric-menu-api-v1.mixins.json
[14:46:45] [main/DEBUG] (FabricLoader/Mixin) Preparing fabric-rendering-v1.mixins.json (57)
[14:46:45] [main/DEBUG] (FabricLoader/Mixin) Preparing fabric-content-registries-v0.mixins.json (18)
[14:46:45] [main/DEBUG] (FabricLoader/Mixin) Preparing fabric-content-registries-v0.client.mixins.json (2)
[14:46:45] [main/DEBUG] (FabricLoader/Mixin) Preparing fabric-item-api-v1.mixins.json (20)
[14:46:45] [main/DEBUG] (FabricLoader/Mixin) Preparing fabric-item-api-v1.client.mixins.json (3)
[14:46:45] [main/DEBUG] (FabricLoader/Mixin) Preparing fabric-entity-events-v1.mixins.json (13)
[14:46:45] [main/DEBUG] (FabricLoader/Mixin) Preparing fabric-transfer-api-v1.mixins.json (18)
[14:46:45] [main/DEBUG] (FabricLoader/Mixin) Preparing fabric-renderer-api-v1.mixins.json (26)
[14:46:45] [main/DEBUG] (FabricLoader/Mixin) Preparing fabric-game-rule-api-v1.mixins.json (5)
[14:46:45] [main/DEBUG] (FabricLoader/Mixin) Preparing fabric-game-rule-api-v1.client.mixins.json (3)
[14:46:45] [main/DEBUG] (FabricLoader/Mixin) Preparing fabric-crash-report-info-v1.mixins.json (2)
[14:46:45] [main/DEBUG] (FabricLoader/Mixin) Preparing fabric-tag-api-v1.mixins.json (8)
[14:46:45] [main/DEBUG] (FabricLoader/Mixin) Preparing fabric-particles-v1.mixins.json (8)
[14:46:45] [main/DEBUG] (FabricLoader/Mixin) Preparing fabric-particles-v1.client.mixins.json (4)
[14:46:45] [main/DEBUG] (FabricLoader/Mixin) Preparing fabric-resource-conditions-api-v1.mixins.json (8)
[14:46:45] [main/DEBUG] (FabricLoader/Mixin) Preparing fabric-message-api-v1.mixins.json (2)
[14:46:45] [main/DEBUG] (FabricLoader/Mixin) Preparing fabric-message-api-v1.client.mixins.json (2)
[14:46:45] [main/DEBUG] (FabricLoader/Mixin) Preparing fabric-permission-api-v1.mixins.json (2)
[14:46:45] [main/DEBUG] (FabricLoader/Mixin) Preparing fabric-object-builder-v1.mixins.json (12)
[14:46:45] [main/DEBUG] (FabricLoader/Mixin) Preparing fabric-object-builder-v1.client.mixins.json (2)
[14:46:45] [main/DEBUG] (FabricLoader/Mixin) Preparing forgeconfigapiport.common.mixins.json (0)
[14:46:45] [main/DEBUG] (FabricLoader/Mixin) Preparing forgeconfigapiport.fabric.mixins.json (0)
[14:46:45] [main/DEBUG] (FabricLoader/Mixin) Preparing jei.mixins.json (6)
[14:46:45] [main/DEBUG] (FabricLoader/Mixin) Preparing fabric-debug-api-v1.mixins.json (2)
[14:46:45] [main/DEBUG] (FabricLoader/Mixin) Preparing fabric-debug-api-v1.client.mixins.json (2)
[14:46:45] [main/DEBUG] (FabricLoader/Mixin) Preparing fabric-networking-api-v1.mixins.json (27)
[14:46:45] [main/DEBUG] (FabricLoader/Mixin) Preparing fabric-networking-api-v1.client.mixins.json (10)
[14:46:45] [main/DEBUG] (FabricLoader/Mixin) Preparing fabric-serialization-api-v1.mixins.json (4)
[14:46:45] [main/DEBUG] (FabricLoader/Mixin) Preparing fabric-rendering-fluids-v1.mixins.json (2)
[14:46:45] [main/DEBUG] (FabricLoader/Mixin) Preparing fabric-screen-api-v1.mixins.json (8)
[14:46:45] [main/DEBUG] (FabricLoader/Mixin) Preparing fabric-dimensions-v1.mixins.json (7)
[14:46:45] [main/DEBUG] (FabricLoader/Mixin) Preparing satchels.mixins.json (12)
[14:46:45] [main/DEBUG] (FabricLoader/Mixin) Preparing satchels.client.mixins.json (3)
[14:46:45] [main/DEBUG] (FabricLoader/Mixin) Preparing fabric-block-getter-api-v2.mixins.json (3)
[14:46:45] [main/DEBUG] (FabricLoader/Mixin) Preparing fabric-block-getter-api-v2.client.mixins.json (3)
[14:46:45] [main/DEBUG] (FabricLoader/Mixin) Preparing fabric-resource-loader-v1.mixins.json (15)
[14:46:45] [main/DEBUG] (FabricLoader/Mixin) Preparing fabric-resource-loader-v1.client.mixins.json (10)
[14:46:45] [main/DEBUG] (FabricLoader/Mixin) Preparing mixinextras.init.mixins.json (0)
[14:46:45] [main/DEBUG] (FabricLoader/Mixin) Preparing fabric-key-mapping-api-v1.mixins.json (3)
[14:46:45] [main/DEBUG] (FabricLoader/Mixin) Preparing fabric-command-api-v2.mixins.json (5)
[14:46:45] [main/DEBUG] (FabricLoader/Mixin) Preparing fabric-command-api-v2.client.mixins.json (3)
[14:46:45] [main/DEBUG] (FabricLoader/Mixin) Preparing trinkets.mixins.json (40)
[14:46:45] [main/DEBUG] (FabricLoader/Mixin) Preparing trinkets.fabric.mixins.json (2)
[14:46:45] [main/DEBUG] (FabricLoader/Mixin) Preparing fabric-renderer-indigo.mixins.json (2)
[14:46:45] [main/DEBUG] (FabricLoader/Mixin) Preparing raised.mixins.json (8)
[14:46:45] [main/DEBUG] (FabricLoader/Mixin) Preparing fabric-biome-api-v1.mixins.json (8)
[14:46:45] [main/DEBUG] (FabricLoader/Mixin) Preparing fabric-events-interaction-v0.mixins.json (8)
[14:46:45] [main/DEBUG] (FabricLoader/Mixin) Preparing fabric-events-interaction-v0.client.mixins.json (4)
[14:46:45] [main/DEBUG] (FabricLoader/Mixin) Preparing fabric-convention-tags-api-v2.mixins.json (1)
[14:46:45] [main/DEBUG] (FabricLoader/Mixin) Preparing fabric-lifecycle-events-v1.mixins.json (16)
[14:46:45] [main/DEBUG] (FabricLoader/Mixin) Preparing fabric-lifecycle-events-v1.client.mixins.json (7)
[14:46:45] [main/DEBUG] (FabricLoader/Mixin) Preparing fabric-data-attachment-api-v1.mixins.json (18)
[14:46:45] [main/DEBUG] (FabricLoader/Mixin) Preparing fabric-data-attachment-api-v1.client.mixins.json (2)
[14:46:45] [main/DEBUG] (FabricLoader/Mixin) Preparing fabric-data-generation-api-v1.mixins.json (22)
[14:46:45] [main/DEBUG] (FabricLoader/Mixin) Preparing fabric-data-generation-api-v1.client.mixins.json (4)
[14:46:45] [main/DEBUG] (FabricLoader/Mixin) Preparing yumi_mc_core.mixins.json (10)
[14:46:45] [main/DEBUG] (FabricLoader/Mixin) Preparing yumi_mc_core.neoforge.mixins.json (2)
[14:46:45] [main/DEBUG] (FabricLoader/Mixin) Preparing fabric-recipe-api-v1.mixins.json (8)
[14:46:45] [main/DEBUG] (FabricLoader/Mixin) Preparing fabric-recipe-api-v1.client.mixins.json (3)
[14:46:45] [main/DEBUG] (FabricLoader/Mixin) Preparing fabric-block-api-v1.mixins.json (10)
[14:46:45] [main/DEBUG] (FabricLoader/Mixin) Preparing fabric-sound-api-v1.mixins.json (2)
[14:46:45] [main/DEBUG] (FabricLoader/Mixin) Preparing fabric-creative-tab-api-v1.mixins.json (3)
[14:46:45] [main/DEBUG] (FabricLoader/Mixin) Preparing fabric-creative-tab-api-v1.client.mixins.json (1)
[14:46:45] [main/DEBUG] (FabricLoader/Mixin) Preparing fabric-registry-sync-v0.mixins.json (19)
[14:46:45] [main/DEBUG] (FabricLoader/Mixin) Preparing fabric-registry-sync-v0.client.mixins.json (6)
[14:46:45] [main/DEBUG] (FabricLoader/Mixin) Preparing fabric-client-gametest-api-v1.mixins.json (25)
[14:46:45] [main/DEBUG] (FabricLoader/Mixin) Preparing fabric-model-loading-api-v1.mixins.json (6)
[14:46:45] [main/DEBUG] (FabricLoader/Mixin) Preparing ohmega.mixins.json (5)
[14:46:45] [main/DEBUG] (FabricLoader/Mixin) Preparing ohmega_common.mixins.json (4)
[14:46:45] [main/DEBUG] (FabricLoader/Mixin) Preparing fabric-loot-api-v3.mixins.json (7)
[14:46:45] [main/DEBUG] (FabricLoader/Mixin) Preparing fabric-gametest-api-v1.mixins.json (4)
[14:46:45] [main/DEBUG] (FabricLoader/Mixin) Preparing fabric-api-lookup-api-v1.mixins.json (2)
[14:46:45] [main/DEBUG] (FabricLoader/Mixin) Preparing fabric-menu-api-v1.mixins.json (2)
[14:46:45] [main/DEBUG] (FabricLoader/Mixin) Inner class net/fabricmc/fabric/mixin/transfer/ChiseledBookShelfBlockEntityMixin$1 in net/fabricmc/fabric/mixin/transfer/ChiseledBookShelfBlockEntityMixin on net/minecraft/world/level/block/entity/ChiseledBookShelfBlockEntity gets unique name net/minecraft/world/level/block/entity/ChiseledBookShelfBlockEntity$Anonymous$6b8fabc9a3dd3f94be74f1199f97fdb5
[14:46:45] [main/DEBUG] (FabricLoader/Mixin) Inner class net/fabricmc/fabric/mixin/client/renderer/block/model/MultiPartModelMixin$1Key in net/fabricmc/fabric/mixin/client/renderer/block/model/MultiPartModelMixin on net/minecraft/client/renderer/block/dispatch/multipart/MultiPartModel gets unique name net/minecraft/client/renderer/block/dispatch/multipart/MultiPartModel$1Key$d4e3290e0bec3848952b79305a2bdde0
[14:46:45] [main/DEBUG] (FabricLoader/Mixin) Inner class net/fabricmc/fabric/mixin/client/renderer/block/render/MovingBlockFeatureRendererMixin$1 in net/fabricmc/fabric/mixin/client/renderer/block/render/MovingBlockFeatureRendererMixin on net/minecraft/client/renderer/feature/MovingBlockFeatureRenderer gets unique name net/minecraft/client/renderer/feature/MovingBlockFeatureRenderer$Anonymous$f26b90aaddd338f3a91348764399f40b
[14:46:45] [main/DEBUG] (FabricLoader/Mixin) Inner class eu/pb4/trinkets/mixin/LivingEntityMixin$1 in eu/pb4/trinkets/mixin/LivingEntityMixin on net/minecraft/world/entity/LivingEntity gets unique name net/minecraft/world/entity/LivingEntity$Anonymous$fad07c00051e303099b27ed6bf2d821e
[14:46:45] [main/DEBUG] (FabricLoader/Mixin) Inner class net/fabricmc/fabric/mixin/creativetab/CreativeModeTabsMixin$1CreativeModeTabPosition in net/fabricmc/fabric/mixin/creativetab/CreativeModeTabsMixin on net/minecraft/world/item/CreativeModeTabs gets unique name net/minecraft/world/item/CreativeModeTabs$1CreativeModeTabPosition$0e98f82501ab3a9692342fe737dd0eec
[14:46:45] [main/DEBUG] (FabricLoader/Mixin) Inner class net/fabricmc/fabric/mixin/registry/sync/MappedRegistryMixin$1 in net/fabricmc/fabric/mixin/registry/sync/MappedRegistryMixin on net/minecraft/core/MappedRegistry gets unique name net/minecraft/core/MappedRegistry$Anonymous$0a3f9fa0a200368cad403406b73f8d7f
[14:46:45] [main/DEBUG] (FabricLoader/Mixin) Inner class net/fabricmc/fabric/mixin/gametest/StructureTemplateManagerMixin$1 in net/fabricmc/fabric/mixin/gametest/StructureTemplateManagerMixin on net/minecraft/world/level/levelgen/structure/templatesystem/StructureTemplateManager gets unique name net/minecraft/world/level/levelgen/structure/templatesystem/StructureTemplateManager$Anonymous$2385a326ce863bc0bf2a11ea898a45b4
[14:46:45] [main/DEBUG] (FabricLoader/Mixin) Prepared 566 mixins in 0,404 sec (0,7ms avg) (0ms load, 0ms transform, 0ms plugin)
[14:46:45] [main/DEBUG] (io.netty.util.internal.logging.InternalLoggerFactory) Using SLF4J as the default logging framework
[14:46:45] [main/DEBUG] (io.netty.util.ResourceLeakDetector) -Dio.netty.leakDetection.level: simple
[14:46:45] [main/DEBUG] (io.netty.util.ResourceLeakDetector) -Dio.netty.leakDetection.targetRecords: 4
[14:46:46] [main/DEBUG] (com.mojang.blaze3d.platform.NativeLibrariesBootstrap) Loading LWJGL system
[14:46:46] [main/DEBUG] (com.mojang.blaze3d.platform.NativeLibrariesBootstrap) Loading STB
[14:46:46] [main/DEBUG] (com.mojang.blaze3d.platform.NativeLibrariesBootstrap) Loading vma
[14:46:46] [main/DEBUG] (com.mojang.blaze3d.platform.NativeLibrariesBootstrap) Loading spvc
[14:46:46] [main/DEBUG] (com.mojang.blaze3d.platform.NativeLibrariesBootstrap) Loading freetype
[14:46:46] [main/DEBUG] (com.mojang.blaze3d.platform.NativeLibrariesBootstrap) Loading OpenGL
[14:46:46] [main/DEBUG] (com.mojang.blaze3d.platform.NativeLibrariesBootstrap) Loading OpenAL
[14:46:46] [main/DEBUG] (com.mojang.blaze3d.platform.NativeLibrariesBootstrap) Loading shaderc
[14:46:46] [main/DEBUG] (com.mojang.blaze3d.platform.NativeLibrariesBootstrap) Loading SDL
[14:46:46] [main/DEBUG] (com.mojang.blaze3d.platform.NativeLibrariesBootstrap) Library load time: 340 ms
[14:46:46] [main/INFO] (FabricLoader/MixinExtras|Service) Initializing MixinExtras via com.llamalad7.mixinextras.service.MixinExtrasServiceImpl(version=0.5.5).
[14:46:46] [main/DEBUG] (FabricLoader/Mixin) Registering new injector for @SugarWrapper with com.llamalad7.mixinextras.sugar.impl.SugarWrapperInjectionInfo
[14:46:46] [main/DEBUG] (FabricLoader/Mixin) Registering new injector for @FactoryRedirectWrapper with com.llamalad7.mixinextras.wrapper.factory.FactoryRedirectWrapperInjectionInfo
[14:46:46] [main/DEBUG] (FabricLoader/Mixin) Registering new injector for @ExpressionInjectorWrapper with com.llamalad7.mixinextras.expression.impl.wrapper.ExpressionInjectorWrapperInjectionInfo
[14:46:46] [main/DEBUG] (FabricLoader/Mixin) Mixing DimensionStorageFileFixMixin from fabric-data-attachment-api-v1.mixins.json into net.minecraft.util.filefix.fixes.DimensionStorageFileFix
[14:46:46] [main/DEBUG] (FabricLoader/Mixin) Mixing TaggedChoiceMixin from fabric-dimensions-v1.mixins.json into com.mojang.datafixers.types.templates.TaggedChoice
[14:46:46] [main/DEBUG] (FabricLoader/Mixin) fabric-dimensions-v1.mixins.json:TaggedChoiceMixin from mod fabric-dimensions-v1->@Inject::onApply(Lcom/mojang/datafixers/util/Pair;Lorg/spongepowered/asm/mixin/injection/callback/CallbackInfoReturnable;)V does use it's CallbackInfoReturnable
[14:46:46] [main/DEBUG] (FabricLoader/Mixin) Mixing TaggedChoiceTaggedChoiceTypeMixin from fabric-dimensions-v1.mixins.json into com.mojang.datafixers.types.templates.TaggedChoice$TaggedChoiceType
[14:46:46] [main/DEBUG] (FabricLoader/Mixin) fabric-dimensions-v1.mixins.json:TaggedChoiceTaggedChoiceTypeMixin from mod fabric-dimensions-v1->@Inject::onGetCodec(Ljava/lang/Object;Lorg/spongepowered/asm/mixin/injection/callback/CallbackInfoReturnable;)V does use it's CallbackInfoReturnable
[14:46:46] [main/DEBUG] (FabricLoader/Mixin) Mixing datafixer.V1460Mixin from trinkets.mixins.json into net.minecraft.util.datafix.schemas.V1460
[14:46:46] [main/DEBUG] (FabricLoader/Mixin) trinkets.mixins.json:datafixer.V1460Mixin from mod trinkets_updated->@Inject::captureSchema(Lcom/mojang/datafixers/schemas/Schema;Ljava/util/Map;Ljava/util/Map;Lorg/spongepowered/asm/mixin/injection/callback/CallbackInfo;)V doesn't use it's CallbackInfo
[14:46:46] [main/DEBUG] (FabricLoader/Mixin) trinkets.mixins.json:datafixer.V1460Mixin from mod trinkets_updated->@Inject::captureSchema(Lcom/mojang/datafixers/schemas/Schema;Ljava/util/Map;Ljava/util/Map;Lorg/spongepowered/asm/mixin/injection/callback/CallbackInfo;)V has 0 override(s) in child classes
[14:46:46] [main/DEBUG] (FabricLoader/Mixin) trinkets.mixins.json:datafixer.V1460Mixin from mod trinkets_updated->@Inject::captureSchema(Lcom/mojang/datafixers/schemas/Schema;Ljava/util/Map;Ljava/util/Map;Lorg/spongepowered/asm/mixin/injection/callback/CallbackInfo;)V won't be passed a CallbackInfo as a result
[14:46:46] [main/DEBUG] (FabricLoader/Mixin) Mixing RegistriesMixin from fabric-registry-sync-v0.mixins.json into net.minecraft.core.registries.Registries
[14:46:46] [main/DEBUG] (FabricLoader/Mixin) Mixing V2832Mixin from fabric-dimensions-v1.mixins.json into net.minecraft.util.datafix.schemas.V2832
[14:46:46] [main/DEBUG] (FabricLoader/Mixin) Mixing crash.CrashReportMixin from yumi_mc_core.mixins.json into net.minecraft.CrashReport
[14:46:46] [main/DEBUG] (FabricLoader/Mixin) yumi_mc_core.mixins.json:crash.CrashReportMixin from mod yumi_mc_core->@Inject::yumi$onCrashReportCreate(Ljava/lang/StringBuilder;Lorg/spongepowered/asm/mixin/injection/callback/CallbackInfo;)V doesn't use it's CallbackInfo
[14:46:46] [main/DEBUG] (FabricLoader/Mixin) yumi_mc_core.mixins.json:crash.CrashReportMixin from mod yumi_mc_core->@Inject::yumi$onCrashReportCreate(Ljava/lang/StringBuilder;Lorg/spongepowered/asm/mixin/injection/callback/CallbackInfo;)V has 0 override(s) in child classes
[14:46:46] [main/DEBUG] (FabricLoader/Mixin) yumi_mc_core.mixins.json:crash.CrashReportMixin from mod yumi_mc_core->@Inject::yumi$onCrashReportCreate(Ljava/lang/StringBuilder;Lorg/spongepowered/asm/mixin/injection/callback/CallbackInfo;)V won't be passed a CallbackInfo as a result
[14:46:46] [main/DEBUG] (FabricLoader/Mixin) Mixing SystemReportMixin from fabric-crash-report-info-v1.mixins.json into net.minecraft.SystemReport
[14:46:46] [main/DEBUG] (FabricLoader/Mixin) Renaming synthetic method lambda$appendMods$0(Lnet/fabricmc/loader/api/ModContainer;)Ljava/lang/String; to md46f0ef$fabric-crash-report-info-v1$lambda$appendMods$0$0 in fabric-crash-report-info-v1.mixins.json:SystemReportMixin from mod fabric-crash-report-info-v1
[14:46:46] [main/DEBUG] (FabricLoader/Mixin) Renaming synthetic method lambda$fillSystemDetails$0()Ljava/lang/Object; to md46f0ef$fabric-crash-report-info-v1$lambda$fillSystemDetails$0$1 in fabric-crash-report-info-v1.mixins.json:SystemReportMixin from mod fabric-crash-report-info-v1
[14:46:46] [main/DEBUG] (FabricLoader/Mixin) Mixing crash.SystemReportMixin from yumi_mc_core.mixins.json into net.minecraft.SystemReport
[14:46:46] [main/DEBUG] (FabricLoader/Mixin) fabric-crash-report-info-v1.mixins.json:SystemReportMixin from mod fabric-crash-report-info-v1->@Inject::fillSystemDetails(Lorg/spongepowered/asm/mixin/injection/callback/CallbackInfo;)V doesn't use it's CallbackInfo
[14:46:46] [main/DEBUG] (FabricLoader/Mixin) fabric-crash-report-info-v1.mixins.json:SystemReportMixin from mod fabric-crash-report-info-v1->@Inject::fillSystemDetails(Lorg/spongepowered/asm/mixin/injection/callback/CallbackInfo;)V has 0 override(s) in child classes
[14:46:46] [main/DEBUG] (FabricLoader/Mixin) fabric-crash-report-info-v1.mixins.json:SystemReportMixin from mod fabric-crash-report-info-v1->@Inject::fillSystemDetails(Lorg/spongepowered/asm/mixin/injection/callback/CallbackInfo;)V won't be passed a CallbackInfo as a result
[14:46:46] [main/DEBUG] (FabricLoader/Mixin) yumi_mc_core.mixins.json:crash.SystemReportMixin from mod yumi_mc_core->@Inject::yumi$onInit(Lorg/spongepowered/asm/mixin/injection/callback/CallbackInfo;)V doesn't use it's CallbackInfo
[14:46:46] [main/DEBUG] (FabricLoader/Mixin) yumi_mc_core.mixins.json:crash.SystemReportMixin from mod yumi_mc_core->@Inject::yumi$onInit(Lorg/spongepowered/asm/mixin/injection/callback/CallbackInfo;)V has 0 override(s) in child classes
[14:46:46] [main/DEBUG] (FabricLoader/Mixin) yumi_mc_core.mixins.json:crash.SystemReportMixin from mod yumi_mc_core->@Inject::yumi$onInit(Lorg/spongepowered/asm/mixin/injection/callback/CallbackInfo;)V won't be passed a CallbackInfo as a result
[14:46:47] [Datafixer Bootstrap #0/INFO] (com.mojang.datafixers.DataFixerBuilder) 307 Datafixer optimizations took 337 milliseconds
[14:46:47] [main/DEBUG] (oshi.software.os.windows.WindowsOperatingSystem) Debug privileges not enabled.
[14:46:47] [main/DEBUG] (FabricLoader/Mixin) Mixing fluid.EntityAccessor from fabric-content-registries-v0.mixins.json into net.minecraft.world.entity.Entity
[14:46:47] [main/DEBUG] (FabricLoader/Mixin) Mixing fluid.EntityMixin from fabric-content-registries-v0.mixins.json into net.minecraft.world.entity.Entity
[14:46:47] [main/DEBUG] (FabricLoader/Mixin) Mixing EntityMixin from fabric-entity-events-v1.mixins.json into net.minecraft.world.entity.Entity
[14:46:47] [main/DEBUG] (FabricLoader/Mixin) Mixing EntityMixin from fabric-particles-v1.mixins.json into net.minecraft.world.entity.Entity
[14:46:47] [main/DEBUG] (FabricLoader/Mixin) Mixing EntityMixin from fabric-permission-api-v1.mixins.json into net.minecraft.world.entity.Entity
[14:46:47] [main/DEBUG] (FabricLoader/Mixin) Mixing EntityMixin from fabric-debug-api-v1.mixins.json into net.minecraft.world.entity.Entity
[14:46:47] [main/DEBUG] (FabricLoader/Mixin) Mixing EntityMixin from fabric-lifecycle-events-v1.mixins.json into net.minecraft.world.entity.Entity
[14:46:47] [main/DEBUG] (FabricLoader/Mixin) Mixing AttachmentTargetsMixin from fabric-data-attachment-api-v1.mixins.json into net.minecraft.world.entity.Entity
[14:46:47] [main/DEBUG] (FabricLoader/Mixin) Renaming synthetic method lambda$fabric_updateSyncTarget$0(Lnet/fabricmc/fabric/impl/attachment/sync/AttachmentTargetInfo;Lnet/fabricmc/fabric/impl/attachment/sync/AttachmentTargetInfo;Lnet/fabricmc/fabric/api/attachment/v1/AttachmentType;Lnet/fabricmc/fabric/impl/attachment/sync/AttachmentChange;)Lnet/fabricmc/fabric/impl/attachment/sync/AttachmentChange; to md46f0ef$fabric-data-attachment-api-v1$lambda$fabric_updateSyncTarget$0$0 in fabric-data-attachment-api-v1.mixins.json:AttachmentTargetsMixin from mod fabric-data-attachment-api-v1
[14:46:47] [main/DEBUG] (FabricLoader/Mixin) Renaming synthetic method lambda$fabric_sendAndClearDeferredSyncChanges$0(Lnet/fabricmc/fabric/api/attachment/v1/AttachmentType;)Lnet/fabricmc/fabric/impl/attachment/sync/AttachmentChange; to md46f0ef$fabric-data-attachment-api-v1$lambda$fabric_sendAndClearDeferredSyncChanges$0$1 in fabric-data-attachment-api-v1.mixins.json:AttachmentTargetsMixin from mod fabric-data-attachment-api-v1
[14:46:47] [main/DEBUG] (FabricLoader/Mixin) Renaming synthetic method lambda$fabric_readAttachmentsFromNbt$0(Lnet/fabricmc/fabric/api/attachment/v1/AttachmentType;Ljava/lang/Object;)V to md46f0ef$fabric-data-attachment-api-v1$lambda$fabric_readAttachmentsFromNbt$0$2 in fabric-data-attachment-api-v1.mixins.json:AttachmentTargetsMixin from mod fabric-data-attachment-api-v1
[14:46:47] [main/DEBUG] (FabricLoader/Mixin) Renaming synthetic method lambda$onAttachedSet$0(Lnet/fabricmc/fabric/api/attachment/v1/AttachmentType;)Lnet/fabricmc/fabric/api/event/Event; to md46f0ef$fabric-data-attachment-api-v1$lambda$onAttachedSet$0$3 in fabric-data-attachment-api-v1.mixins.json:AttachmentTargetsMixin from mod fabric-data-attachment-api-v1
[14:46:47] [main/DEBUG] (FabricLoader/Mixin) Renaming synthetic method lambda$onAttachedSet$1([Lnet/fabricmc/fabric/api/attachment/v1/AttachmentTarget$OnAttachedSet;)Lnet/fabricmc/fabric/api/attachment/v1/AttachmentTarget$OnAttachedSet; to md46f0ef$fabric-data-attachment-api-v1$lambda$onAttachedSet$1$4 in fabric-data-attachment-api-v1.mixins.json:AttachmentTargetsMixin from mod fabric-data-attachment-api-v1
[14:46:47] [main/DEBUG] (FabricLoader/Mixin) Renaming synthetic method lambda$onAttachedSet$2([Lnet/fabricmc/fabric/api/attachment/v1/AttachmentTarget$OnAttachedSet;Ljava/lang/Object;Ljava/lang/Object;)V to md46f0ef$fabric-data-attachment-api-v1$lambda$onAttachedSet$2$5 in fabric-data-attachment-api-v1.mixins.json:AttachmentTargetsMixin from mod fabric-data-attachment-api-v1
[14:46:47] [main/DEBUG] (FabricLoader/Mixin) Mixing EntityMixin from fabric-data-attachment-api-v1.mixins.json into net.minecraft.world.entity.Entity
[14:46:47] [main/DEBUG] (FabricLoader/Mixin) Renaming synthetic method lambda$fabric_syncChange$0(Lnet/fabricmc/fabric/api/attachment/v1/AttachmentSyncPredicate;Lnet/fabricmc/fabric/impl/attachment/sync/AttachmentChange;Lnet/minecraft/server/level/ServerPlayer;)V to md46f0ef$fabric-data-attachment-api-v1$lambda$fabric_syncChange$0$6 in fabric-data-attachment-api-v1.mixins.json:EntityMixin from mod fabric-data-attachment-api-v1
[14:46:47] [main/DEBUG] (FabricLoader/Mixin) Mixing crash.EntityMixin from yumi_mc_core.mixins.json into net.minecraft.world.entity.Entity
[14:46:47] [main/DEBUG] (FabricLoader/Mixin) fabric-permission-api-v1.mixins.json:EntityMixin from mod fabric-permission-api-v1->@Inject::createPermissionContext(Lnet/minecraft/world/entity/EntityType;Lnet/minecraft/world/level/Level;Lorg/spongepowered/asm/mixin/injection/callback/CallbackInfo;)V doesn't use it's CallbackInfo
[14:46:47] [main/DEBUG] (FabricLoader/Mixin) fabric-permission-api-v1.mixins.json:EntityMixin from mod fabric-permission-api-v1->@Inject::createPermissionContext(Lnet/minecraft/world/entity/EntityType;Lnet/minecraft/world/level/Level;Lorg/spongepowered/asm/mixin/injection/callback/CallbackInfo;)V has 0 override(s) in child classes
[14:46:47] [main/DEBUG] (FabricLoader/Mixin) fabric-permission-api-v1.mixins.json:EntityMixin from mod fabric-permission-api-v1->@Inject::createPermissionContext(Lnet/minecraft/world/entity/EntityType;Lnet/minecraft/world/level/Level;Lorg/spongepowered/asm/mixin/injection/callback/CallbackInfo;)V won't be passed a CallbackInfo as a result
[14:46:47] [main/DEBUG] (FabricLoader/Mixin) fabric-debug-api-v1.mixins.json:EntityMixin from mod fabric-debug-api-v1->@Inject::addDebugValues(Lnet/minecraft/server/level/ServerLevel;Lnet/minecraft/util/debug/DebugValueSource$Registration;Lorg/spongepowered/asm/mixin/injection/callback/CallbackInfo;)V doesn't use it's CallbackInfo
[14:46:47] [main/DEBUG] (FabricLoader/Mixin) fabric-debug-api-v1.mixins.json:EntityMixin from mod fabric-debug-api-v1->@Inject::addDebugValues(Lnet/minecraft/server/level/ServerLevel;Lnet/minecraft/util/debug/DebugValueSource$Registration;Lorg/spongepowered/asm/mixin/injection/callback/CallbackInfo;)V has 0 override(s) in child classes
[14:46:47] [main/DEBUG] (FabricLoader/Mixin) fabric-debug-api-v1.mixins.json:EntityMixin from mod fabric-debug-api-v1->@Inject::addDebugValues(Lnet/minecraft/server/level/ServerLevel;Lnet/minecraft/util/debug/DebugValueSource$Registration;Lorg/spongepowered/asm/mixin/injection/callback/CallbackInfo;)V won't be passed a CallbackInfo as a result
[14:46:47] [main/DEBUG] (FabricLoader/Mixin) fabric-data-attachment-api-v1.mixins.json:EntityMixin from mod fabric-data-attachment-api-v1->@Inject::readEntityAttachments(Lnet/minecraft/world/level/storage/ValueInput;Lorg/spongepowered/asm/mixin/injection/callback/CallbackInfo;)V doesn't use it's CallbackInfo
[14:46:47] [main/DEBUG] (FabricLoader/Mixin) fabric-data-attachment-api-v1.mixins.json:EntityMixin from mod fabric-data-attachment-api-v1->@Inject::readEntityAttachments(Lnet/minecraft/world/level/storage/ValueInput;Lorg/spongepowered/asm/mixin/injection/callback/CallbackInfo;)V has 0 override(s) in child classes
[14:46:47] [main/DEBUG] (FabricLoader/Mixin) fabric-data-attachment-api-v1.mixins.json:EntityMixin from mod fabric-data-attachment-api-v1->@Inject::readEntityAttachments(Lnet/minecraft/world/level/storage/ValueInput;Lorg/spongepowered/asm/mixin/injection/callback/CallbackInfo;)V won't be passed a CallbackInfo as a result
[14:46:47] [main/DEBUG] (FabricLoader/Mixin) fabric-data-attachment-api-v1.mixins.json:EntityMixin from mod fabric-data-attachment-api-v1->@Inject::writeEntityAttachments(Lnet/minecraft/world/level/storage/ValueOutput;Lorg/spongepowered/asm/mixin/injection/callback/CallbackInfo;)V doesn't use it's CallbackInfo
[14:46:47] [main/DEBUG] (FabricLoader/Mixin) fabric-data-attachment-api-v1.mixins.json:EntityMixin from mod fabric-data-attachment-api-v1->@Inject::writeEntityAttachments(Lnet/minecraft/world/level/storage/ValueOutput;Lorg/spongepowered/asm/mixin/injection/callback/CallbackInfo;)V has 0 override(s) in child classes
[14:46:47] [main/DEBUG] (FabricLoader/Mixin) fabric-data-attachment-api-v1.mixins.json:EntityMixin from mod fabric-data-attachment-api-v1->@Inject::writeEntityAttachments(Lnet/minecraft/world/level/storage/ValueOutput;Lorg/spongepowered/asm/mixin/injection/callback/CallbackInfo;)V won't be passed a CallbackInfo as a result
[14:46:47] [main/DEBUG] (FabricLoader/Mixin) fabric-data-attachment-api-v1.mixins.json:EntityMixin from mod fabric-data-attachment-api-v1->@Inject::setId(ILorg/spongepowered/asm/mixin/injection/callback/CallbackInfo;)V doesn't use it's CallbackInfo
[14:46:47] [main/DEBUG] (FabricLoader/Mixin) fabric-data-attachment-api-v1.mixins.json:EntityMixin from mod fabric-data-attachment-api-v1->@Inject::setId(ILorg/spongepowered/asm/mixin/injection/callback/CallbackInfo;)V has 0 override(s) in child classes
[14:46:47] [main/DEBUG] (FabricLoader/Mixin) fabric-data-attachment-api-v1.mixins.json:EntityMixin from mod fabric-data-attachment-api-v1->@Inject::setId(ILorg/spongepowered/asm/mixin/injection/callback/CallbackInfo;)V won't be passed a CallbackInfo as a result
[14:46:47] [main/DEBUG] (FabricLoader/Mixin) yumi_mc_core.mixins.json:crash.EntityMixin from mod yumi_mc_core->@Inject::yumi$onPopulateCrashDetails(Lnet/minecraft/CrashReportCategory;Lorg/spongepowered/asm/mixin/injection/callback/CallbackInfo;)V doesn't use it's CallbackInfo
[14:46:47] [main/DEBUG] (FabricLoader/Mixin) yumi_mc_core.mixins.json:crash.EntityMixin from mod yumi_mc_core->@Inject::yumi$onPopulateCrashDetails(Lnet/minecraft/CrashReportCategory;Lorg/spongepowered/asm/mixin/injection/callback/CallbackInfo;)V has 0 override(s) in child classes
[14:46:47] [main/DEBUG] (FabricLoader/Mixin) yumi_mc_core.mixins.json:crash.EntityMixin from mod yumi_mc_core->@Inject::yumi$onPopulateCrashDetails(Lnet/minecraft/CrashReportCategory;Lorg/spongepowered/asm/mixin/injection/callback/CallbackInfo;)V won't be passed a CallbackInfo as a result
[14:46:47] [main/DEBUG] (FabricLoader/Mixin) Mixing crash.CrashReportCategoryMixin from yumi_mc_core.mixins.json into net.minecraft.CrashReportCategory
[14:46:47] [main/DEBUG] (FabricLoader/Mixin) yumi_mc_core.mixins.json:crash.CrashReportCategoryMixin from mod yumi_mc_core->@Inject::yumi$onPopulateBlockCrashDetails(Lnet/minecraft/CrashReportCategory;Lnet/minecraft/world/level/LevelHeightAccessor;Lnet/minecraft/core/BlockPos;Lnet/minecraft/world/level/block/state/BlockState;Lorg/spongepowered/asm/mixin/injection/callback/CallbackInfo;)V doesn't use it's CallbackInfo
[14:46:47] [main/DEBUG] (FabricLoader/Mixin) Mixing BlockEntityMixin from fabric-block-getter-api-v2.mixins.json into net.minecraft.world.level.block.entity.BlockEntity
[14:46:47] [main/DEBUG] (FabricLoader/Mixin) Mixing AttachmentTargetsMixin from fabric-data-attachment-api-v1.mixins.json into net.minecraft.world.level.block.entity.BlockEntity
[14:46:47] [main/DEBUG] (FabricLoader/Mixin) Mixing BlockEntityMixin from fabric-data-attachment-api-v1.mixins.json into net.minecraft.world.level.block.entity.BlockEntity
[14:46:47] [main/DEBUG] (FabricLoader/Mixin) Renaming synthetic method lambda$fabric_markChanged$2(Lnet/fabricmc/fabric/api/attachment/v1/AttachmentType;)V to md46f0ef$fabric-data-attachment-api-v1$lambda$fabric_markChanged$2$0 in fabric-data-attachment-api-v1.mixins.json:BlockEntityMixin from mod fabric-data-attachment-api-v1
[14:46:47] [main/DEBUG] (FabricLoader/Mixin) Renaming synthetic method lambda$fabric_markChanged$0(Lnet/minecraft/server/level/ChunkResult;)V to md46f0ef$fabric-data-attachment-api-v1$lambda$fabric_markChanged$0$1 in fabric-data-attachment-api-v1.mixins.json:BlockEntityMixin from mod fabric-data-attachment-api-v1
[14:46:47] [main/DEBUG] (FabricLoader/Mixin) Renaming synthetic method lambda$fabric_markChanged$1(Lnet/minecraft/world/level/chunk/LevelChunk;)V to md46f0ef$fabric-data-attachment-api-v1$lambda$fabric_markChanged$1$2 in fabric-data-attachment-api-v1.mixins.json:BlockEntityMixin from mod fabric-data-attachment-api-v1
[14:46:47] [main/DEBUG] (FabricLoader/Mixin) Mixing crash.BlockEntityMixin from yumi_mc_core.mixins.json into net.minecraft.world.level.block.entity.BlockEntity
[14:46:47] [main/DEBUG] (FabricLoader/Mixin) fabric-data-attachment-api-v1.mixins.json:BlockEntityMixin from mod fabric-data-attachment-api-v1->@Inject::readBlockEntityAttachments(Lnet/minecraft/world/level/storage/ValueInput;Lorg/spongepowered/asm/mixin/injection/callback/CallbackInfo;)V doesn't use it's CallbackInfo
[14:46:47] [main/DEBUG] (FabricLoader/Mixin) fabric-data-attachment-api-v1.mixins.json:BlockEntityMixin from mod fabric-data-attachment-api-v1->@Inject::readBlockEntityAttachments(Lnet/minecraft/world/level/storage/ValueInput;Lorg/spongepowered/asm/mixin/injection/callback/CallbackInfo;)V has 0 override(s) in child classes
[14:46:47] [main/DEBUG] (FabricLoader/Mixin) fabric-data-attachment-api-v1.mixins.json:BlockEntityMixin from mod fabric-data-attachment-api-v1->@Inject::readBlockEntityAttachments(Lnet/minecraft/world/level/storage/ValueInput;Lorg/spongepowered/asm/mixin/injection/callback/CallbackInfo;)V won't be passed a CallbackInfo as a result
[14:46:47] [main/DEBUG] (FabricLoader/Mixin) fabric-data-attachment-api-v1.mixins.json:BlockEntityMixin from mod fabric-data-attachment-api-v1->@Inject::writeBlockEntityAttachments(Lnet/minecraft/world/level/storage/ValueOutput;Lorg/spongepowered/asm/mixin/injection/callback/CallbackInfo;)V doesn't use it's CallbackInfo
[14:46:47] [main/DEBUG] (FabricLoader/Mixin) fabric-data-attachment-api-v1.mixins.json:BlockEntityMixin from mod fabric-data-attachment-api-v1->@Inject::writeBlockEntityAttachments(Lnet/minecraft/world/level/storage/ValueOutput;Lorg/spongepowered/asm/mixin/injection/callback/CallbackInfo;)V has 0 override(s) in child classes
[14:46:47] [main/DEBUG] (FabricLoader/Mixin) fabric-data-attachment-api-v1.mixins.json:BlockEntityMixin from mod fabric-data-attachment-api-v1->@Inject::writeBlockEntityAttachments(Lnet/minecraft/world/level/storage/ValueOutput;Lorg/spongepowered/asm/mixin/injection/callback/CallbackInfo;)V won't be passed a CallbackInfo as a result
[14:46:47] [main/DEBUG] (FabricLoader/Mixin) yumi_mc_core.mixins.json:crash.BlockEntityMixin from mod yumi_mc_core->@Inject::yumi$onPopulateCrashDetails(Lnet/minecraft/CrashReportCategory;Lorg/spongepowered/asm/mixin/injection/callback/CallbackInfo;)V doesn't use it's CallbackInfo
[14:46:47] [main/DEBUG] (FabricLoader/Mixin) yumi_mc_core.mixins.json:crash.BlockEntityMixin from mod yumi_mc_core->@Inject::yumi$onPopulateCrashDetails(Lnet/minecraft/CrashReportCategory;Lorg/spongepowered/asm/mixin/injection/callback/CallbackInfo;)V has 0 override(s) in child classes
[14:46:47] [main/DEBUG] (FabricLoader/Mixin) yumi_mc_core.mixins.json:crash.BlockEntityMixin from mod yumi_mc_core->@Inject::yumi$onPopulateCrashDetails(Lnet/minecraft/CrashReportCategory;Lorg/spongepowered/asm/mixin/injection/callback/CallbackInfo;)V won't be passed a CallbackInfo as a result
[14:46:47] [main/DEBUG] (FabricLoader/Mixin) Mixing BlockStateMixin from fabric-block-api-v1.mixins.json into net.minecraft.world.level.block.state.BlockState
[14:46:47] [main/DEBUG] (FabricLoader/Mixin) Mixing BlockBehaviourBlockStateBaseMixin from fabric-content-registries-v0.mixins.json into net.minecraft.world.level.block.state.BlockBehaviour$BlockStateBase
[14:46:47] [main/DEBUG] (FabricLoader/Mixin) Mixing BlockBehaviourBlockStateBaseMixin from fabric-events-interaction-v0.mixins.json into net.minecraft.world.level.block.state.BlockBehaviour$BlockStateBase
[14:46:47] [main/DEBUG] (FabricLoader/Mixin) fabric-events-interaction-v0.mixins.json:BlockBehaviourBlockStateBaseMixin from mod fabric-events-interaction-v0->@Inject::callUseItemOnEvent(Lnet/minecraft/world/item/ItemStack;Lnet/minecraft/world/level/Level;Lnet/minecraft/world/entity/player/Player;Lnet/minecraft/world/InteractionHand;Lnet/minecraft/world/phys/BlockHitResult;Lorg/spongepowered/asm/mixin/injection/callback/CallbackInfoReturnable;)V does use it's CallbackInfoReturnable
[14:46:47] [main/DEBUG] (FabricLoader/Mixin) fabric-events-interaction-v0.mixins.json:BlockBehaviourBlockStateBaseMixin from mod fabric-events-interaction-v0->@Inject::callUseWithoutItemEvent(Lnet/minecraft/world/level/Level;Lnet/minecraft/world/entity/player/Player;Lnet/minecraft/world/phys/BlockHitResult;Lorg/spongepowered/asm/mixin/injection/callback/CallbackInfoReturnable;)V does use it's CallbackInfoReturnable
[14:46:47] [main/DEBUG] (FabricLoader/Mixin) Mixing LevelMixin from fabric-lifecycle-events-v1.mixins.json into net.minecraft.world.level.Level
[14:46:47] [main/DEBUG] (FabricLoader/Mixin) Mixing AttachmentTargetsMixin from fabric-data-attachment-api-v1.mixins.json into net.minecraft.world.level.Level
[14:46:47] [main/DEBUG] (FabricLoader/Mixin) Mixing LevelMixin from fabric-data-attachment-api-v1.mixins.json into net.minecraft.world.level.Level
[14:46:47] [main/DEBUG] (FabricLoader/Mixin) Mixing crash.LevelMixin from yumi_mc_core.mixins.json into net.minecraft.world.level.Level
[14:46:47] [main/DEBUG] (FabricLoader/Mixin) yumi_mc_core.mixins.json:crash.LevelMixin from mod yumi_mc_core->@Inject::yumi$onPopulateCrashDetails(Lnet/minecraft/CrashReport;Lorg/spongepowered/asm/mixin/injection/callback/CallbackInfoReturnable;)V does use it's CallbackInfoReturnable
[14:46:47] [main/DEBUG] (FabricLoader/Mixin) Mixing LevelReaderMixin from fabric-block-getter-api-v2.mixins.json into net.minecraft.world.level.LevelReader
[14:46:47] [main/DEBUG] (FabricLoader/Mixin) Mixing BlockGetterMixin from fabric-block-getter-api-v2.mixins.json into net.minecraft.world.level.BlockGetter
[14:46:47] [main/DEBUG] (FabricLoader/Mixin) Mixing BootstrapMixin from yumi_mc_core.mixins.json into net.minecraft.server.Bootstrap
[14:46:47] [main/DEBUG] (FabricLoader/Mixin) Mixing BootstrapMixin from fabric-registry-sync-v0.mixins.json into net.minecraft.server.Bootstrap
[14:46:47] [main/DEBUG] (FabricLoader/Mixin) Renaming synthetic method lambda$afterInitialize$1(Lnet/minecraft/world/level/material/Fluid;)Ljava/util/Collection; to md46f0ef$fabric-registry-sync-v0$lambda$afterInitialize$1$0 in fabric-registry-sync-v0.mixins.json:BootstrapMixin from mod fabric-registry-sync-v0
[14:46:47] [main/DEBUG] (FabricLoader/Mixin) Renaming synthetic method lambda$afterInitialize$0(Lnet/minecraft/world/level/block/Block;)Ljava/util/Collection; to md46f0ef$fabric-registry-sync-v0$lambda$afterInitialize$0$1 in fabric-registry-sync-v0.mixins.json:BootstrapMixin from mod fabric-registry-sync-v0
[14:46:47] [main/DEBUG] (FabricLoader/Mixin) yumi_mc_core.mixins.json:BootstrapMixin from mod yumi_mc_core->@Inject::yumi$onStaticInit(Lorg/spongepowered/asm/mixin/injection/callback/CallbackInfo;)V doesn't use it's CallbackInfo
[14:46:47] [main/DEBUG] (FabricLoader/Mixin) fabric-registry-sync-v0.mixins.json:BootstrapMixin from mod fabric-registry-sync-v0->@Inject::afterInitialize(Lorg/spongepowered/asm/mixin/injection/callback/CallbackInfo;)V doesn't use it's CallbackInfo
[14:46:47] [main/DEBUG] (FabricLoader/Mixin) Mixing RegistryMixin from fabric-registry-sync-v0.mixins.json into net.minecraft.core.Registry
[14:46:47] [main/DEBUG] (FabricLoader/Mixin) Mixing BuiltInRegistriesMixin from fabric-item-api-v1.mixins.json into net.minecraft.core.registries.BuiltInRegistries
[14:46:47] [main/DEBUG] (FabricLoader/Mixin) Mixing BuiltInRegistriesMixin from fabric-object-builder-v1.mixins.json into net.minecraft.core.registries.BuiltInRegistries
[14:46:47] [main/DEBUG] (FabricLoader/Mixin) Mixing BuiltInRegistriesMixin from yumi_mc_core.mixins.json into net.minecraft.core.registries.BuiltInRegistries
[14:46:47] [main/DEBUG] (FabricLoader/Mixin) Mixing BuiltInRegistriesAccessor from fabric-registry-sync-v0.mixins.json into net.minecraft.core.registries.BuiltInRegistries
[14:46:47] [main/DEBUG] (FabricLoader/Mixin) Renaming @Accessor method getWRITABLE_REGISTRY()Lnet/minecraft/core/WritableRegistry; to getWRITABLE_REGISTRY$fabric-registry-sync-v0_$md$46f0ef$0 in fabric-registry-sync-v0.mixins.json:BuiltInRegistriesAccessor from mod fabric-registry-sync-v0
[14:46:47] [main/DEBUG] (FabricLoader/Mixin) Mixing BuiltInRegistriesMixin from fabric-registry-sync-v0.mixins.json into net.minecraft.core.registries.BuiltInRegistries
[14:46:47] [main/DEBUG] (FabricLoader/Mixin) fabric-item-api-v1.mixins.json:BuiltInRegistriesMixin from mod fabric-item-api-v1->@Inject::modifyDefaultItemComponents(Lorg/spongepowered/asm/mixin/injection/callback/CallbackInfo;)V doesn't use it's CallbackInfo
[14:46:47] [main/DEBUG] (FabricLoader/Mixin) fabric-object-builder-v1.mixins.json:BuiltInRegistriesMixin from mod fabric-object-builder-api-v1->@Inject::modifyAttributes(Lorg/spongepowered/asm/mixin/injection/callback/CallbackInfo;)V doesn't use it's CallbackInfo
[14:46:47] [main/DEBUG] (FabricLoader/Mixin) yumi_mc_core.mixins.json:BuiltInRegistriesMixin from mod yumi_mc_core->@Inject::onInitialize(Lorg/spongepowered/asm/mixin/injection/callback/CallbackInfo;)V doesn't use it's CallbackInfo
[14:46:47] [main/DEBUG] (FabricLoader/Mixin) fabric-registry-sync-v0.mixins.json:BuiltInRegistriesMixin from mod fabric-registry-sync-v0->@Inject::init(Lorg/spongepowered/asm/mixin/injection/callback/CallbackInfo;)V does use it's CallbackInfo
[14:46:47] [main/DEBUG] (FabricLoader/Mixin) Mixing MappedRegistryMixin from fabric-tag-api-v1.mixins.json into net.minecraft.core.MappedRegistry
[14:46:47] [main/DEBUG] (FabricLoader/Mixin) Mixing MappedRegistryAccessor from fabric-dimensions-v1.mixins.json into net.minecraft.core.MappedRegistry
[14:46:47] [main/DEBUG] (FabricLoader/Mixin) Mixing MappedRegistryAccessor from fabric-registry-sync-v0.mixins.json into net.minecraft.core.MappedRegistry
[14:46:47] [main/DEBUG] (FabricLoader/Mixin) Mixing MappedRegistryMixin from fabric-registry-sync-v0.mixins.json into net.minecraft.core.MappedRegistry
[14:46:47] [main/DEBUG] (FabricLoader/Mixin) Renaming synthetic method lambda$remap$0()Lnet/fabricmc/fabric/impl/registry/sync/RemapException; to md46f0ef$fabric-registry-sync-v0$lambda$remap$0$0 in fabric-registry-sync-v0.mixins.json:MappedRegistryMixin from mod fabric-registry-sync-v0
[14:46:47] [main/DEBUG] (FabricLoader/Mixin) Renaming synthetic method lambda$init$3([Lnet/fabricmc/fabric/api/event/registry/RegistryIdRemapCallback;)Lnet/fabricmc/fabric/api/event/registry/RegistryIdRemapCallback; to md46f0ef$fabric-registry-sync-v0$lambda$init$3$1 in fabric-registry-sync-v0.mixins.json:MappedRegistryMixin from mod fabric-registry-sync-v0
[14:46:47] [main/DEBUG] (FabricLoader/Mixin) Renaming synthetic method lambda$init$4([Lnet/fabricmc/fabric/api/event/registry/RegistryIdRemapCallback;Lnet/fabricmc/fabric/api/event/registry/RegistryIdRemapCallback$RemapState;)V to md46f0ef$fabric-registry-sync-v0$lambda$init$4$2 in fabric-registry-sync-v0.mixins.json:MappedRegistryMixin from mod fabric-registry-sync-v0
[14:46:47] [main/DEBUG] (FabricLoader/Mixin) Renaming synthetic method lambda$init$2(ILnet/minecraft/resources/Identifier;Ljava/lang/Object;)V to md46f0ef$fabric-registry-sync-v0$lambda$init$2$3 in fabric-registry-sync-v0.mixins.json:MappedRegistryMixin from mod fabric-registry-sync-v0
[14:46:47] [main/DEBUG] (FabricLoader/Mixin) Renaming synthetic method lambda$init$0([Lnet/fabricmc/fabric/api/event/registry/RegistryEntryAddedCallback;)Lnet/fabricmc/fabric/api/event/registry/RegistryEntryAddedCallback; to md46f0ef$fabric-registry-sync-v0$lambda$init$0$4 in fabric-registry-sync-v0.mixins.json:MappedRegistryMixin from mod fabric-registry-sync-v0
[14:46:47] [main/DEBUG] (FabricLoader/Mixin) Renaming synthetic method lambda$init$1([Lnet/fabricmc/fabric/api/event/registry/RegistryEntryAddedCallback;ILnet/minecraft/resources/Identifier;Ljava/lang/Object;)V to md46f0ef$fabric-registry-sync-v0$lambda$init$1$5 in fabric-registry-sync-v0.mixins.json:MappedRegistryMixin from mod fabric-registry-sync-v0
[14:46:47] [main/DEBUG] (FabricLoader/Mixin) fabric-registry-sync-v0.mixins.json:MappedRegistryMixin from mod fabric-registry-sync-v0->@Inject::init(Lnet/minecraft/resources/ResourceKey;Lcom/mojang/serialization/Lifecycle;ZLorg/spongepowered/asm/mixin/injection/callback/CallbackInfo;)V doesn't use it's CallbackInfo
[14:46:47] [main/DEBUG] (FabricLoader/Mixin) fabric-registry-sync-v0.mixins.json:MappedRegistryMixin from mod fabric-registry-sync-v0->@Inject::init(Lnet/minecraft/resources/ResourceKey;Lcom/mojang/serialization/Lifecycle;ZLorg/spongepowered/asm/mixin/injection/callback/CallbackInfo;)V has 0 override(s) in child classes
[14:46:47] [main/DEBUG] (FabricLoader/Mixin) fabric-registry-sync-v0.mixins.json:MappedRegistryMixin from mod fabric-registry-sync-v0->@Inject::init(Lnet/minecraft/resources/ResourceKey;Lcom/mojang/serialization/Lifecycle;ZLorg/spongepowered/asm/mixin/injection/callback/CallbackInfo;)V won't be passed a CallbackInfo as a result
[14:46:47] [main/DEBUG] (FabricLoader/Mixin) fabric-registry-sync-v0.mixins.json:MappedRegistryMixin from mod fabric-registry-sync-v0->@Inject::set(Lnet/minecraft/resources/ResourceKey;Ljava/lang/Object;Lnet/minecraft/core/RegistrationInfo;Lorg/spongepowered/asm/mixin/injection/callback/CallbackInfoReturnable;)V does use it's CallbackInfoReturnable
[14:46:47] [main/DEBUG] (FabricLoader/Mixin) Mixing DataComponentInitializersMixin from fabric-item-api-v1.mixins.json into net.minecraft.core.component.DataComponentInitializers
[14:46:47] [main/DEBUG] (FabricLoader/Mixin) Renaming synthetic method lambda$captureLookup$0(Lcom/llamalad7/mixinextras/injector/wrapoperation/Operation;Lnet/minecraft/core/HolderLookup$Provider;Lnet/minecraft/core/component/DataComponentInitializers$PendingComponentBuilders;)Lnet/minecraft/core/component/DataComponentInitializers$PendingComponents; to md46f0ef$fabric-item-api-v1$lambda$captureLookup$0$0 in fabric-item-api-v1.mixins.json:DataComponentInitializersMixin from mod fabric-item-api-v1
[14:46:47] [main/DEBUG] (FabricLoader/Mixin) Mixing effect.MobEffectMixin from fabric-entity-events-v1.mixins.json into net.minecraft.world.effect.MobEffect
[14:46:47] [main/DEBUG] (FabricLoader/Mixin) Mixing ArgumentTypeInfosAccessor from fabric-command-api-v2.mixins.json into net.minecraft.commands.synchronization.ArgumentTypeInfos
[14:46:47] [main/DEBUG] (FabricLoader/Mixin) Renaming @Accessor method fabric_getClassMap()Ljava/util/Map; to fabric_getClassMap$fabric-command-api-v2_$md$46f0ef$0 in fabric-command-api-v2.mixins.json:ArgumentTypeInfosAccessor from mod fabric-command-api-v2
[14:46:47] [main/DEBUG] (FabricLoader/Mixin) Mixing CreativeModeTabsMixin from fabric-creative-tab-api-v1.mixins.json into net.minecraft.world.item.CreativeModeTabs
[14:46:47] [main/DEBUG] (FabricLoader/Mixin) Renaming synthetic method lambda$paginateTabs$0(Lnet/minecraft/core/Holder$Reference;Lnet/minecraft/core/Holder$Reference;)I to md46f0ef$fabric-creative-tab-api-v1$lambda$paginateTabs$0$0 in fabric-creative-tab-api-v1.mixins.json:CreativeModeTabsMixin from mod fabric-creative-tab-api-v1
[14:46:47] [main/DEBUG] (FabricLoader/Mixin) fabric-creative-tab-api-v1.mixins.json:CreativeModeTabsMixin from mod fabric-creative-tab-api-v1->@Inject::deferDuplicateCheck(Lorg/spongepowered/asm/mixin/injection/callback/CallbackInfo;)V does use it's CallbackInfo
[14:46:47] [main/DEBUG] (FabricLoader/Mixin) fabric-creative-tab-api-v1.mixins.json:CreativeModeTabsMixin from mod fabric-creative-tab-api-v1->@Inject::paginateTabs(Lorg/spongepowered/asm/mixin/injection/callback/CallbackInfo;)V doesn't use it's CallbackInfo
[14:46:47] [main/DEBUG] (FabricLoader/Mixin) Mixing CreativeModeTabAccessor from fabric-creative-tab-api-v1.mixins.json into net.minecraft.world.item.CreativeModeTab
[14:46:47] [main/DEBUG] (FabricLoader/Mixin) Mixing CreativeModeTabMixin from fabric-creative-tab-api-v1.mixins.json into net.minecraft.world.item.CreativeModeTab
[14:46:47] [main/DEBUG] (FabricLoader/Mixin) Renaming synthetic method lambda$getStacks$0(Lnet/minecraft/world/item/CreativeModeTab;)Ljava/lang/IllegalStateException; to md46f0ef$fabric-creative-tab-api-v1$lambda$getStacks$0$0 in fabric-creative-tab-api-v1.mixins.json:CreativeModeTabMixin from mod fabric-creative-tab-api-v1
[14:46:47] [main/DEBUG] (FabricLoader/Mixin) fabric-creative-tab-api-v1.mixins.json:CreativeModeTabMixin from mod fabric-creative-tab-api-v1->@Inject::getStacks(Lnet/minecraft/world/item/CreativeModeTab$ItemDisplayParameters;Lorg/spongepowered/asm/mixin/injection/callback/CallbackInfo;)V doesn't use it's CallbackInfo
[14:46:47] [main/DEBUG] (FabricLoader/Mixin) fabric-creative-tab-api-v1.mixins.json:CreativeModeTabMixin from mod fabric-creative-tab-api-v1->@Inject::getStacks(Lnet/minecraft/world/item/CreativeModeTab$ItemDisplayParameters;Lorg/spongepowered/asm/mixin/injection/callback/CallbackInfo;)V has 0 override(s) in child classes
[14:46:47] [main/DEBUG] (FabricLoader/Mixin) fabric-creative-tab-api-v1.mixins.json:CreativeModeTabMixin from mod fabric-creative-tab-api-v1->@Inject::getStacks(Lnet/minecraft/world/item/CreativeModeTab$ItemDisplayParameters;Lorg/spongepowered/asm/mixin/injection/callback/CallbackInfo;)V won't be passed a CallbackInfo as a result
[14:46:47] [main/DEBUG] (FabricLoader/Mixin) Mixing GameRuleMixin from fabric-game-rule-api-v1.mixins.json into net.minecraft.world.level.gamerules.GameRule
[14:46:47] [main/DEBUG] (FabricLoader/Mixin) Renaming synthetic method lambda$deserializeEnum$1(Ljava/lang/String;)Ljava/lang/String; to md46f0ef$fabric-game-rule-api-v1$lambda$deserializeEnum$1$0 in fabric-game-rule-api-v1.mixins.json:GameRuleMixin from mod fabric-game-rule-api-v1
[14:46:47] [main/DEBUG] (FabricLoader/Mixin) Renaming synthetic method lambda$deserializeEnum$0(Ljava/lang/String;Ljava/lang/Class;)Ljava/lang/String; to md46f0ef$fabric-game-rule-api-v1$lambda$deserializeEnum$0$1 in fabric-game-rule-api-v1.mixins.json:GameRuleMixin from mod fabric-game-rule-api-v1
[14:46:47] [main/DEBUG] (FabricLoader/Mixin) Mixing FireBlockMixin from fabric-content-registries-v0.mixins.json into net.minecraft.world.level.block.FireBlock
[14:46:47] [main/DEBUG] (FabricLoader/Mixin) fabric-content-registries-v0.mixins.json:FireBlockMixin from mod fabric-content-registries-v0->@Inject::afterConstruct(Lnet/minecraft/world/level/block/state/BlockBehaviour$Properties;Lorg/spongepowered/asm/mixin/injection/callback/CallbackInfo;)V doesn't use it's CallbackInfo
[14:46:47] [main/DEBUG] (FabricLoader/Mixin) fabric-content-registries-v0.mixins.json:FireBlockMixin from mod fabric-content-registries-v0->@Inject::afterConstruct(Lnet/minecraft/world/level/block/state/BlockBehaviour$Properties;Lorg/spongepowered/asm/mixin/injection/callback/CallbackInfo;)V has 0 override(s) in child classes
[14:46:47] [main/DEBUG] (FabricLoader/Mixin) fabric-content-registries-v0.mixins.json:FireBlockMixin from mod fabric-content-registries-v0->@Inject::afterConstruct(Lnet/minecraft/world/level/block/state/BlockBehaviour$Properties;Lorg/spongepowered/asm/mixin/injection/callback/CallbackInfo;)V won't be passed a CallbackInfo as a result
[14:46:47] [main/DEBUG] (FabricLoader/Mixin) fabric-content-registries-v0.mixins.json:FireBlockMixin from mod fabric-content-registries-v0->@Inject::getFabricBurnChance(Lnet/minecraft/world/level/block/state/BlockState;Lorg/spongepowered/asm/mixin/injection/callback/CallbackInfoReturnable;)V does use it's CallbackInfoReturnable
[14:46:47] [main/DEBUG] (FabricLoader/Mixin) fabric-content-registries-v0.mixins.json:FireBlockMixin from mod fabric-content-registries-v0->@Inject::getFabricSpreadChance(Lnet/minecraft/world/level/block/state/BlockState;Lorg/spongepowered/asm/mixin/injection/callback/CallbackInfoReturnable;)V does use it's CallbackInfoReturnable
[14:46:47] [main/DEBUG] (FabricLoader/Mixin) Mixing BlockMixin from fabric-block-api-v1.mixins.json into net.minecraft.world.level.block.Block
[14:46:47] [main/DEBUG] (FabricLoader/Mixin) Mixing BlockBehaviourAccessor from fabric-content-registries-v0.mixins.json into net.minecraft.world.level.block.state.BlockBehaviour
[14:46:47] [main/DEBUG] (FabricLoader/Mixin) Mixing PlayerMixin from fabric-entity-events-v1.mixins.json into net.minecraft.world.entity.player.Player
[14:46:47] [main/DEBUG] (FabricLoader/Mixin) Mixing player.PlayerMixin from satchels.mixins.json into net.minecraft.world.entity.player.Player
[14:46:47] [main/DEBUG] (FabricLoader/Mixin) Mixing PlayerMixin from fabric-events-interaction-v0.mixins.json into net.minecraft.world.entity.player.Player
[14:46:47] [main/DEBUG] (FabricLoader/Mixin) Mixing PlayerMixin from ohmega.mixins.json into net.minecraft.world.entity.player.Player
[14:46:47] [main/DEBUG] (FabricLoader/Mixin) ohmega.mixins.json:PlayerMixin from mod ohmega: Class version 69 required is higher than the class version supported by the current version of Mixin (JAVA_21 supports class version 65)
[14:46:47] [main/DEBUG] (FabricLoader/Mixin) fabric-entity-events-v1.mixins.json:PlayerMixin from mod fabric-entity-events-v1->@Inject::onStartSleepInBed(Lnet/minecraft/world/level/block/AbstractBedBlock;Lnet/minecraft/world/level/block/state/BlockState;Lnet/minecraft/world/attribute/BedRule;Lnet/minecraft/core/BlockPos;Lorg/spongepowered/asm/mixin/injection/callback/CallbackInfoReturnable;)V does use it's CallbackInfoReturnable
[14:46:47] [main/DEBUG] (FabricLoader/Mixin) fabric-entity-events-v1.mixins.json:PlayerMixin from mod fabric-entity-events-v1->@Inject::onIsSleepingLongEnough(Lorg/spongepowered/asm/mixin/injection/callback/CallbackInfoReturnable;)V does use it's CallbackInfoReturnable
[14:46:47] [main/DEBUG] (FabricLoader/Mixin) satchels.mixins.json:player.PlayerMixin from mod satchels->@Inject::satchels$addAdditionalData(Lnet/minecraft/world/level/storage/ValueOutput;Lorg/spongepowered/asm/mixin/injection/callback/CallbackInfo;)V doesn't use it's CallbackInfo
[14:46:47] [main/DEBUG] (FabricLoader/Mixin) satchels.mixins.json:player.PlayerMixin from mod satchels->@Inject::satchels$addAdditionalData(Lnet/minecraft/world/level/storage/ValueOutput;Lorg/spongepowered/asm/mixin/injection/callback/CallbackInfo;)V has 0 override(s) in child classes
[14:46:47] [main/DEBUG] (FabricLoader/Mixin) satchels.mixins.json:player.PlayerMixin from mod satchels->@Inject::satchels$addAdditionalData(Lnet/minecraft/world/level/storage/ValueOutput;Lorg/spongepowered/asm/mixin/injection/callback/CallbackInfo;)V won't be passed a CallbackInfo as a result
[14:46:47] [main/DEBUG] (FabricLoader/Mixin) satchels.mixins.json:player.PlayerMixin from mod satchels->@Inject::satchels$readAdditionalData(Lnet/minecraft/world/level/storage/ValueInput;Lorg/spongepowered/asm/mixin/injection/callback/CallbackInfo;)V doesn't use it's CallbackInfo
[14:46:47] [main/DEBUG] (FabricLoader/Mixin) satchels.mixins.json:player.PlayerMixin from mod satchels->@Inject::satchels$readAdditionalData(Lnet/minecraft/world/level/storage/ValueInput;Lorg/spongepowered/asm/mixin/injection/callback/CallbackInfo;)V has 0 override(s) in child classes
[14:46:47] [main/DEBUG] (FabricLoader/Mixin) satchels.mixins.json:player.PlayerMixin from mod satchels->@Inject::satchels$readAdditionalData(Lnet/minecraft/world/level/storage/ValueInput;Lorg/spongepowered/asm/mixin/injection/callback/CallbackInfo;)V won't be passed a CallbackInfo as a result
[14:46:47] [main/DEBUG] (FabricLoader/Mixin) satchels.mixins.json:player.PlayerMixin from mod satchels->@Inject::satchels$dropSatchelEquipment(Lnet/minecraft/server/level/ServerLevel;Lorg/spongepowered/asm/mixin/injection/callback/CallbackInfo;)V doesn't use it's CallbackInfo
[14:46:47] [main/DEBUG] (FabricLoader/Mixin) satchels.mixins.json:player.PlayerMixin from mod satchels->@Inject::satchels$dropSatchelEquipment(Lnet/minecraft/server/level/ServerLevel;Lorg/spongepowered/asm/mixin/injection/callback/CallbackInfo;)V has 0 override(s) in child classes
[14:46:47] [main/DEBUG] (FabricLoader/Mixin) satchels.mixins.json:player.PlayerMixin from mod satchels->@Inject::satchels$dropSatchelEquipment(Lnet/minecraft/server/level/ServerLevel;Lorg/spongepowered/asm/mixin/injection/callback/CallbackInfo;)V won't be passed a CallbackInfo as a result
[14:46:47] [main/DEBUG] (FabricLoader/Mixin) satchels.mixins.json:player.PlayerMixin from mod satchels->@Inject::satchels$destroyVanishingCursedItems(Lorg/spongepowered/asm/mixin/injection/callback/CallbackInfo;)V doesn't use it's CallbackInfo
[14:46:47] [main/DEBUG] (FabricLoader/Mixin) satchels.mixins.json:player.PlayerMixin from mod satchels->@Inject::satchels$destroyVanishingCursedItems(Lorg/spongepowered/asm/mixin/injection/callback/CallbackInfo;)V has 0 override(s) in child classes
[14:46:47] [main/DEBUG] (FabricLoader/Mixin) satchels.mixins.json:player.PlayerMixin from mod satchels->@Inject::satchels$destroyVanishingCursedItems(Lorg/spongepowered/asm/mixin/injection/callback/CallbackInfo;)V won't be passed a CallbackInfo as a result
[14:46:47] [main/DEBUG] (FabricLoader/Mixin) satchels.mixins.json:player.PlayerMixin from mod satchels->@Inject::satchels$prioritizeSatchelProjectiles(Lnet/minecraft/world/item/ItemStack;Lorg/spongepowered/asm/mixin/injection/callback/CallbackInfoReturnable;)V does use it's CallbackInfoReturnable
[14:46:47] [main/DEBUG] (FabricLoader/Mixin) fabric-events-interaction-v0.mixins.json:PlayerMixin from mod fabric-events-interaction-v0->@Inject::onPlayerInteractEntity(Lnet/minecraft/world/entity/Entity;Lorg/spongepowered/asm/mixin/injection/callback/CallbackInfo;)V does use it's CallbackInfo
[14:46:47] [main/DEBUG] (FabricLoader/Mixin) ohmega.mixins.json:PlayerMixin from mod ohmega->@Inject::tick(Lorg/spongepowered/asm/mixin/injection/callback/CallbackInfo;)V doesn't use it's CallbackInfo
[14:46:47] [main/DEBUG] (FabricLoader/Mixin) ohmega.mixins.json:PlayerMixin from mod ohmega->@Inject::tick(Lorg/spongepowered/asm/mixin/injection/callback/CallbackInfo;)V has 0 override(s) in child classes
[14:46:47] [main/DEBUG] (FabricLoader/Mixin) ohmega.mixins.json:PlayerMixin from mod ohmega->@Inject::tick(Lorg/spongepowered/asm/mixin/injection/callback/CallbackInfo;)V won't be passed a CallbackInfo as a result
[14:46:47] [main/DEBUG] (FabricLoader/Mixin) ohmega.mixins.json:PlayerMixin from mod ohmega->@Inject::readAdditionalSaveData(Lnet/minecraft/world/level/storage/ValueInput;Lorg/spongepowered/asm/mixin/injection/callback/CallbackInfo;)V doesn't use it's CallbackInfo
[14:46:47] [main/DEBUG] (FabricLoader/Mixin) ohmega.mixins.json:PlayerMixin from mod ohmega->@Inject::readAdditionalSaveData(Lnet/minecraft/world/level/storage/ValueInput;Lorg/spongepowered/asm/mixin/injection/callback/CallbackInfo;)V has 0 override(s) in child classes
[14:46:47] [main/DEBUG] (FabricLoader/Mixin) ohmega.mixins.json:PlayerMixin from mod ohmega->@Inject::readAdditionalSaveData(Lnet/minecraft/world/level/storage/ValueInput;Lorg/spongepowered/asm/mixin/injection/callback/CallbackInfo;)V won't be passed a CallbackInfo as a result
[14:46:47] [main/DEBUG] (FabricLoader/Mixin) Mixing fluid.LivingEntityAccessor from fabric-content-registries-v0.mixins.json into net.minecraft.world.entity.LivingEntity
[14:46:47] [main/DEBUG] (FabricLoader/Mixin) Mixing fluid.LivingEntityMixin from fabric-content-registries-v0.mixins.json into net.minecraft.world.entity.LivingEntity
[14:46:47] [main/DEBUG] (FabricLoader/Mixin) Mixing LivingEntityMixin from fabric-item-api-v1.mixins.json into net.minecraft.world.entity.LivingEntity
[14:46:47] [main/DEBUG] (FabricLoader/Mixin) Mixing LivingEntityMixin from fabric-entity-events-v1.mixins.json into net.minecraft.world.entity.LivingEntity
[14:46:47] [main/DEBUG] (FabricLoader/Mixin) Mixing effect.LivingEntityMixin from fabric-entity-events-v1.mixins.json into net.minecraft.world.entity.LivingEntity
[14:46:47] [main/DEBUG] (FabricLoader/Mixin) Mixing elytra.LivingEntityMixin from fabric-entity-events-v1.mixins.json into net.minecraft.world.entity.LivingEntity
[14:46:47] [main/DEBUG] (FabricLoader/Mixin) Mixing LivingEntityMixin from fabric-particles-v1.mixins.json into net.minecraft.world.entity.LivingEntity
[14:46:47] [main/DEBUG] (FabricLoader/Mixin) Mixing player.LivingEntityMixin from satchels.mixins.json into net.minecraft.world.entity.LivingEntity
[14:46:47] [main/DEBUG] (FabricLoader/Mixin) Mixing LivingEntityMixin from trinkets.mixins.json into net.minecraft.world.entity.LivingEntity
[14:46:47] [main/DEBUG] (FabricLoader/Mixin) Renaming synthetic method lambda$handleEquipmentUpdates$0(Leu/pb4/trinkets/impl/LivingEntityTrinketAttachment;Lnet/minecraft/world/entity/ai/attributes/AttributeMap;Ljava/util/List;Lnet/minecraft/world/entity/LivingEntity;Leu/pb4/trinkets/api/TrinketSlotAccess;Lnet/minecraft/world/item/ItemStack;)V to md46f0ef$trinkets_updated$lambda$handleEquipmentUpdates$0$0 in trinkets.mixins.json:LivingEntityMixin from mod trinkets_updated
[14:46:47] [main/DEBUG] (FabricLoader/Mixin) Renaming synthetic method lambda$dropInventory$0(Lnet/minecraft/world/entity/LivingEntity;ZLeu/pb4/trinkets/api/TrinketSlotAccess;Lnet/minecraft/world/item/ItemStack;)V to md46f0ef$trinkets_updated$lambda$dropInventory$0$1 in trinkets.mixins.json:LivingEntityMixin from mod trinkets_updated
[14:46:47] [main/DEBUG] (FabricLoader/Mixin) Mixing behaviour.LivingEntityMixin from trinkets.mixins.json into net.minecraft.world.entity.LivingEntity
[14:46:47] [main/DEBUG] (FabricLoader/Mixin) Renaming synthetic method lambda$findTrinketTotem$0(Lnet/minecraft/world/item/ItemStack;)Z to md46f0ef$trinkets_updated$lambda$findTrinketTotem$0$2 in trinkets.mixins.json:behaviour.LivingEntityMixin from mod trinkets_updated
[14:46:47] [main/DEBUG] (FabricLoader/Mixin) Renaming synthetic method lambda$handleGazeHiding$0(Lnet/minecraft/world/entity/LivingEntity;)Z to md46f0ef$trinkets_updated$lambda$handleGazeHiding$0$3 in trinkets.mixins.json:behaviour.LivingEntityMixin from mod trinkets_updated
[14:46:47] [main/DEBUG] (FabricLoader/Mixin) Mixing client.accessor.LivingEntityAccessor from trinkets.mixins.json into net.minecraft.world.entity.LivingEntity
[14:46:47] [main/DEBUG] (FabricLoader/Mixin) Mixing behaviour.LivingEntityMixin from trinkets.fabric.mixins.json into net.minecraft.world.entity.LivingEntity
[14:46:47] [main/DEBUG] (FabricLoader/Mixin) Renaming synthetic method lambda$preventFalseBreak$1(Leu/pb4/trinkets/api/TrinketSlotAccess;Lnet/minecraft/world/entity/LivingEntity;Lnet/minecraft/world/item/ItemStack;)V to md46f0ef$trinkets_updated$lambda$preventFalseBreak$1$4 in trinkets.fabric.mixins.json:behaviour.LivingEntityMixin from mod trinkets_updated
[14:46:47] [main/DEBUG] (FabricLoader/Mixin) Renaming synthetic method lambda$preventFalseBreak$0(Lnet/minecraft/world/entity/LivingEntity;Ljava/util/ArrayList;Leu/pb4/trinkets/api/TrinketSlotAccess;Lnet/minecraft/world/item/ItemStack;)V to md46f0ef$trinkets_updated$lambda$preventFalseBreak$0$5 in trinkets.fabric.mixins.json:behaviour.LivingEntityMixin from mod trinkets_updated
[14:46:47] [main/DEBUG] (FabricLoader/Mixin) Renaming synthetic method lambda$handleGliderForTrinkets$0(Lnet/minecraft/world/item/ItemStack;)Z to md46f0ef$trinkets_updated$lambda$handleGliderForTrinkets$0$6 in trinkets.fabric.mixins.json:behaviour.LivingEntityMixin from mod trinkets_updated
[14:46:47] [main/DEBUG] (FabricLoader/Mixin) Mixing LivingEntityMixin from fabric-lifecycle-events-v1.mixins.json into net.minecraft.world.entity.LivingEntity
[14:46:47] [main/DEBUG] (FabricLoader/Mixin) Mixing LivingEntityMixin from fabric-block-api-v1.mixins.json into net.minecraft.world.entity.LivingEntity
[14:46:47] [main/DEBUG] (FabricLoader/Mixin) Mixing LivingEntityMixin from ohmega.mixins.json into net.minecraft.world.entity.LivingEntity
[14:46:47] [main/DEBUG] (FabricLoader/Mixin) ohmega.mixins.json:LivingEntityMixin from mod ohmega: Class version 69 required is higher than the class version supported by the current version of Mixin (JAVA_21 supports class version 65)
[14:46:47] [main/DEBUG] (FabricLoader/Mixin) fabric-content-registries-v0.mixins.json:fluid.LivingEntityMixin from mod fabric-content-registries-v0->@Inject::travelFlyingInCustomFluid(Lnet/minecraft/world/phys/Vec3;FFFLorg/spongepowered/asm/mixin/injection/callback/CallbackInfo;)V does use it's CallbackInfo
[14:46:47] [main/DEBUG] (FabricLoader/Mixin) fabric-item-api-v1.mixins.json:LivingEntityMixin from mod fabric-item-api-v1->@Inject::onGetPreferredEquipmentSlot(Lnet/minecraft/world/item/ItemStack;Lorg/spongepowered/asm/mixin/injection/callback/CallbackInfoReturnable;)V does use it's CallbackInfoReturnable
[14:46:47] [main/DEBUG] (FabricLoader/Mixin) fabric-entity-events-v1.mixins.json:LivingEntityMixin from mod fabric-entity-events-v1->@Inject::notifyDeath(Lnet/minecraft/world/damagesource/DamageSource;Lorg/spongepowered/asm/mixin/injection/callback/CallbackInfo;)V doesn't use it's CallbackInfo
[14:46:47] [main/DEBUG] (FabricLoader/Mixin) fabric-entity-events-v1.mixins.json:LivingEntityMixin from mod fabric-entity-events-v1->@Inject::notifyDeath(Lnet/minecraft/world/damagesource/DamageSource;Lorg/spongepowered/asm/mixin/injection/callback/CallbackInfo;)V has 0 override(s) in child classes
[14:46:47] [main/DEBUG] (FabricLoader/Mixin) fabric-entity-events-v1.mixins.json:LivingEntityMixin from mod fabric-entity-events-v1->@Inject::notifyDeath(Lnet/minecraft/world/damagesource/DamageSource;Lorg/spongepowered/asm/mixin/injection/callback/CallbackInfo;)V won't be passed a CallbackInfo as a result
[14:46:47] [main/DEBUG] (FabricLoader/Mixin) fabric-entity-events-v1.mixins.json:LivingEntityMixin from mod fabric-entity-events-v1->@Inject::beforeDamage(Lnet/minecraft/server/level/ServerLevel;Lnet/minecraft/world/damagesource/DamageSource;FLorg/spongepowered/asm/mixin/injection/callback/CallbackInfoReturnable;)V does use it's CallbackInfoReturnable
[14:46:47] [main/DEBUG] (FabricLoader/Mixin) fabric-entity-events-v1.mixins.json:LivingEntityMixin from mod fabric-entity-events-v1->@Inject::afterDamage(Lnet/minecraft/server/level/ServerLevel;Lnet/minecraft/world/damagesource/DamageSource;FLorg/spongepowered/asm/mixin/injection/callback/CallbackInfoReturnable;)V doesn't use it's CallbackInfoReturnable
[14:46:47] [main/DEBUG] (FabricLoader/Mixin) fabric-entity-events-v1.mixins.json:LivingEntityMixin from mod fabric-entity-events-v1->@Inject::afterDamage(Lnet/minecraft/server/level/ServerLevel;Lnet/minecraft/world/damagesource/DamageSource;FLorg/spongepowered/asm/mixin/injection/callback/CallbackInfoReturnable;)V has 0 override(s) in child classes
[14:46:47] [main/DEBUG] (FabricLoader/Mixin) fabric-entity-events-v1.mixins.json:LivingEntityMixin from mod fabric-entity-events-v1->@Inject::afterDamage(Lnet/minecraft/server/level/ServerLevel;Lnet/minecraft/world/damagesource/DamageSource;FLorg/spongepowered/asm/mixin/injection/callback/CallbackInfoReturnable;)V won't be passed a CallbackInfoReturnable as a result
[14:46:47] [main/DEBUG] (FabricLoader/Mixin) fabric-entity-events-v1.mixins.json:LivingEntityMixin from mod fabric-entity-events-v1->@Inject::onSleep(Lnet/minecraft/core/BlockPos;Lorg/spongepowered/asm/mixin/injection/callback/CallbackInfoReturnable;)V does use it's CallbackInfoReturnable
[14:46:47] [main/DEBUG] (FabricLoader/Mixin) fabric-entity-events-v1.mixins.json:LivingEntityMixin from mod fabric-entity-events-v1->@Inject::onSleep(Lnet/minecraft/core/BlockPos;Lorg/spongepowered/asm/mixin/injection/callback/CallbackInfoReturnable;)V does use it's CallbackInfoReturnable
[14:46:47] [main/DEBUG] (FabricLoader/Mixin) fabric-entity-events-v1.mixins.json:LivingEntityMixin from mod fabric-entity-events-v1->@Inject::onSleep(Lnet/minecraft/core/BlockPos;Lorg/spongepowered/asm/mixin/injection/callback/CallbackInfoReturnable;)V does use it's CallbackInfoReturnable
[14:46:47] [main/DEBUG] (FabricLoader/Mixin) fabric-entity-events-v1.mixins.json:LivingEntityMixin from mod fabric-entity-events-v1->@Inject::onWakeUp(Lorg/spongepowered/asm/mixin/injection/callback/CallbackInfo;)V doesn't use it's CallbackInfo
[14:46:47] [main/DEBUG] (FabricLoader/Mixin) fabric-entity-events-v1.mixins.json:LivingEntityMixin from mod fabric-entity-events-v1->@Inject::onWakeUp(Lorg/spongepowered/asm/mixin/injection/callback/CallbackInfo;)V has 0 override(s) in child classes
[14:46:47] [main/DEBUG] (FabricLoader/Mixin) fabric-entity-events-v1.mixins.json:LivingEntityMixin from mod fabric-entity-events-v1->@Inject::onWakeUp(Lorg/spongepowered/asm/mixin/injection/callback/CallbackInfo;)V won't be passed a CallbackInfo as a result
[14:46:47] [main/DEBUG] (FabricLoader/Mixin) fabric-entity-events-v1.mixins.json:LivingEntityMixin from mod fabric-entity-events-v1->@Inject::onIsSleepingInBed(Lorg/spongepowered/asm/mixin/injection/callback/CallbackInfoReturnable;)V does use it's CallbackInfoReturnable
[14:46:47] [main/DEBUG] (FabricLoader/Mixin) fabric-entity-events-v1.mixins.json:effect.LivingEntityMixin from mod fabric-entity-events-v1->@Inject::beforeAddEffect(Lnet/minecraft/world/effect/MobEffectInstance;Lnet/minecraft/world/entity/Entity;Lorg/spongepowered/asm/mixin/injection/callback/CallbackInfoReturnable;)V doesn't use it's CallbackInfoReturnable
[14:46:47] [main/DEBUG] (FabricLoader/Mixin) fabric-entity-events-v1.mixins.json:effect.LivingEntityMixin from mod fabric-entity-events-v1->@Inject::beforeAddEffect(Lnet/minecraft/world/effect/MobEffectInstance;Lnet/minecraft/world/entity/Entity;Lorg/spongepowered/asm/mixin/injection/callback/CallbackInfoReturnable;)V has 0 override(s) in child classes
[14:46:47] [main/DEBUG] (FabricLoader/Mixin) fabric-entity-events-v1.mixins.json:effect.LivingEntityMixin from mod fabric-entity-events-v1->@Inject::beforeAddEffect(Lnet/minecraft/world/effect/MobEffectInstance;Lnet/minecraft/world/entity/Entity;Lorg/spongepowered/asm/mixin/injection/callback/CallbackInfoReturnable;)V won't be passed a CallbackInfoReturnable as a result
[14:46:47] [main/DEBUG] (FabricLoader/Mixin) fabric-entity-events-v1.mixins.json:effect.LivingEntityMixin from mod fabric-entity-events-v1->@Inject::beforeForceAddEffect(Lnet/minecraft/world/effect/MobEffectInstance;Lnet/minecraft/world/entity/Entity;Lorg/spongepowered/asm/mixin/injection/callback/CallbackInfo;)V doesn't use it's CallbackInfo
[14:46:47] [main/DEBUG] (FabricLoader/Mixin) fabric-entity-events-v1.mixins.json:effect.LivingEntityMixin from mod fabric-entity-events-v1->@Inject::beforeForceAddEffect(Lnet/minecraft/world/effect/MobEffectInstance;Lnet/minecraft/world/entity/Entity;Lorg/spongepowered/asm/mixin/injection/callback/CallbackInfo;)V has 0 override(s) in child classes
[14:46:47] [main/DEBUG] (FabricLoader/Mixin) fabric-entity-events-v1.mixins.json:effect.LivingEntityMixin from mod fabric-entity-events-v1->@Inject::beforeForceAddEffect(Lnet/minecraft/world/effect/MobEffectInstance;Lnet/minecraft/world/entity/Entity;Lorg/spongepowered/asm/mixin/injection/callback/CallbackInfo;)V won't be passed a CallbackInfo as a result
[14:46:47] [main/DEBUG] (FabricLoader/Mixin) fabric-entity-events-v1.mixins.json:effect.LivingEntityMixin from mod fabric-entity-events-v1->@Inject::afterAddEffect(Lnet/minecraft/world/effect/MobEffectInstance;Lnet/minecraft/world/entity/Entity;Lorg/spongepowered/asm/mixin/injection/callback/CallbackInfo;)V doesn't use it's CallbackInfo
[14:46:47] [main/DEBUG] (FabricLoader/Mixin) fabric-entity-events-v1.mixins.json:effect.LivingEntityMixin from mod fabric-entity-events-v1->@Inject::afterAddEffect(Lnet/minecraft/world/effect/MobEffectInstance;Lnet/minecraft/world/entity/Entity;Lorg/spongepowered/asm/mixin/injection/callback/CallbackInfo;)V has 0 override(s) in child classes
[14:46:47] [main/DEBUG] (FabricLoader/Mixin) fabric-entity-events-v1.mixins.json:effect.LivingEntityMixin from mod fabric-entity-events-v1->@Inject::afterAddEffect(Lnet/minecraft/world/effect/MobEffectInstance;Lnet/minecraft/world/entity/Entity;Lorg/spongepowered/asm/mixin/injection/callback/CallbackInfo;)V won't be passed a CallbackInfo as a result
[14:46:47] [main/DEBUG] (FabricLoader/Mixin) fabric-entity-events-v1.mixins.json:effect.LivingEntityMixin from mod fabric-entity-events-v1->@Inject::beforeRemoveEffect(Lnet/minecraft/core/Holder;Lorg/spongepowered/asm/mixin/injection/callback/CallbackInfoReturnable;)V doesn't use it's CallbackInfoReturnable
[14:46:47] [main/DEBUG] (FabricLoader/Mixin) fabric-entity-events-v1.mixins.json:effect.LivingEntityMixin from mod fabric-entity-events-v1->@Inject::beforeRemoveEffect(Lnet/minecraft/core/Holder;Lorg/spongepowered/asm/mixin/injection/callback/CallbackInfoReturnable;)V has 0 override(s) in child classes
[14:46:47] [main/DEBUG] (FabricLoader/Mixin) fabric-entity-events-v1.mixins.json:effect.LivingEntityMixin from mod fabric-entity-events-v1->@Inject::beforeRemoveEffect(Lnet/minecraft/core/Holder;Lorg/spongepowered/asm/mixin/injection/callback/CallbackInfoReturnable;)V won't be passed a CallbackInfoReturnable as a result
[14:46:47] [main/DEBUG] (FabricLoader/Mixin) fabric-entity-events-v1.mixins.json:effect.LivingEntityMixin from mod fabric-entity-events-v1->@Inject::beforeExpireRemoveEffect(Lorg/spongepowered/asm/mixin/injection/callback/CallbackInfo;)V doesn't use it's CallbackInfo
[14:46:47] [main/DEBUG] (FabricLoader/Mixin) fabric-entity-events-v1.mixins.json:effect.LivingEntityMixin from mod fabric-entity-events-v1->@Inject::beforeExpireRemoveEffect(Lorg/spongepowered/asm/mixin/injection/callback/CallbackInfo;)V has 0 override(s) in child classes
[14:46:47] [main/DEBUG] (FabricLoader/Mixin) fabric-entity-events-v1.mixins.json:effect.LivingEntityMixin from mod fabric-entity-events-v1->@Inject::beforeExpireRemoveEffect(Lorg/spongepowered/asm/mixin/injection/callback/CallbackInfo;)V won't be passed a CallbackInfo as a result
[14:46:47] [main/DEBUG] (FabricLoader/Mixin) fabric-entity-events-v1.mixins.json:effect.LivingEntityMixin from mod fabric-entity-events-v1->@Inject::beforeRemoveAllEffects(Lorg/spongepowered/asm/mixin/injection/callback/CallbackInfoReturnable;)V doesn't use it's CallbackInfoReturnable
[14:46:47] [main/DEBUG] (FabricLoader/Mixin) fabric-entity-events-v1.mixins.json:effect.LivingEntityMixin from mod fabric-entity-events-v1->@Inject::beforeRemoveAllEffects(Lorg/spongepowered/asm/mixin/injection/callback/CallbackInfoReturnable;)V has 0 override(s) in child classes
[14:46:47] [main/DEBUG] (FabricLoader/Mixin) fabric-entity-events-v1.mixins.json:effect.LivingEntityMixin from mod fabric-entity-events-v1->@Inject::beforeRemoveAllEffects(Lorg/spongepowered/asm/mixin/injection/callback/CallbackInfoReturnable;)V won't be passed a CallbackInfoReturnable as a result
[14:46:47] [main/DEBUG] (FabricLoader/Mixin) fabric-entity-events-v1.mixins.json:effect.LivingEntityMixin from mod fabric-entity-events-v1->@Inject::afterRemoveEffect(Ljava/util/Collection;Lorg/spongepowered/asm/mixin/injection/callback/CallbackInfo;)V doesn't use it's CallbackInfo
[14:46:47] [main/DEBUG] (FabricLoader/Mixin) fabric-entity-events-v1.mixins.json:effect.LivingEntityMixin from mod fabric-entity-events-v1->@Inject::afterRemoveEffect(Ljava/util/Collection;Lorg/spongepowered/asm/mixin/injection/callback/CallbackInfo;)V has 0 override(s) in child classes
[14:46:47] [main/DEBUG] (FabricLoader/Mixin) fabric-entity-events-v1.mixins.json:effect.LivingEntityMixin from mod fabric-entity-events-v1->@Inject::afterRemoveEffect(Ljava/util/Collection;Lorg/spongepowered/asm/mixin/injection/callback/CallbackInfo;)V won't be passed a CallbackInfo as a result
[14:46:47] [main/DEBUG] (FabricLoader/Mixin) fabric-entity-events-v1.mixins.json:effect.LivingEntityMixin from mod fabric-entity-events-v1->@Inject::afterRemoveEffect(Ljava/util/Collection;Lorg/spongepowered/asm/mixin/injection/callback/CallbackInfo;)V doesn't use it's CallbackInfo
[14:46:47] [main/DEBUG] (FabricLoader/Mixin) fabric-entity-events-v1.mixins.json:effect.LivingEntityMixin from mod fabric-entity-events-v1->@Inject::afterRemoveEffect(Ljava/util/Collection;Lorg/spongepowered/asm/mixin/injection/callback/CallbackInfo;)V has 0 override(s) in child classes
[14:46:47] [main/DEBUG] (FabricLoader/Mixin) fabric-entity-events-v1.mixins.json:effect.LivingEntityMixin from mod fabric-entity-events-v1->@Inject::afterRemoveEffect(Ljava/util/Collection;Lorg/spongepowered/asm/mixin/injection/callback/CallbackInfo;)V won't be passed a CallbackInfo as a result
[14:46:47] [main/DEBUG] (FabricLoader/Mixin) fabric-entity-events-v1.mixins.json:elytra.LivingEntityMixin from mod fabric-entity-events-v1->@Inject::injectElytraTick(Lorg/spongepowered/asm/mixin/injection/callback/CallbackInfo;)V does use it's CallbackInfo
[14:46:47] [main/DEBUG] (FabricLoader/Mixin) fabric-entity-events-v1.mixins.json:elytra.LivingEntityMixin from mod fabric-entity-events-v1->@Inject::injectElytraCheck(Lorg/spongepowered/asm/mixin/injection/callback/CallbackInfoReturnable;)V does use it's CallbackInfoReturnable
[14:46:47] [main/DEBUG] (FabricLoader/Mixin) satchels.mixins.json:player.LivingEntityMixin from mod satchels->@Inject::satchels$setSatchelSlotIfNeeded(Lnet/minecraft/world/entity/EquipmentSlot;Lnet/minecraft/world/item/ItemStack;Lorg/spongepowered/asm/mixin/injection/callback/CallbackInfo;)V does use it's CallbackInfo
[14:46:47] [main/DEBUG] (FabricLoader/Mixin) trinkets.mixins.json:LivingEntityMixin from mod trinkets_updated->@Inject::readTrinketData(Lnet/minecraft/world/level/storage/ValueInput;Lorg/spongepowered/asm/mixin/injection/callback/CallbackInfo;)V doesn't use it's CallbackInfo
[14:46:47] [main/DEBUG] (FabricLoader/Mixin) trinkets.mixins.json:LivingEntityMixin from mod trinkets_updated->@Inject::readTrinketData(Lnet/minecraft/world/level/storage/ValueInput;Lorg/spongepowered/asm/mixin/injection/callback/CallbackInfo;)V has 0 override(s) in child classes
[14:46:47] [main/DEBUG] (FabricLoader/Mixin) trinkets.mixins.json:LivingEntityMixin from mod trinkets_updated->@Inject::readTrinketData(Lnet/minecraft/world/level/storage/ValueInput;Lorg/spongepowered/asm/mixin/injection/callback/CallbackInfo;)V won't be passed a CallbackInfo as a result
[14:46:47] [main/DEBUG] (FabricLoader/Mixin) trinkets.mixins.json:LivingEntityMixin from mod trinkets_updated->@Inject::writeTrinketData(Lnet/minecraft/world/level/storage/ValueOutput;Lorg/spongepowered/asm/mixin/injection/callback/CallbackInfo;)V doesn't use it's CallbackInfo
[14:46:47] [main/DEBUG] (FabricLoader/Mixin) trinkets.mixins.json:LivingEntityMixin from mod trinkets_updated->@Inject::writeTrinketData(Lnet/minecraft/world/level/storage/ValueOutput;Lorg/spongepowered/asm/mixin/injection/callback/CallbackInfo;)V has 0 override(s) in child classes
[14:46:47] [main/DEBUG] (FabricLoader/Mixin) trinkets.mixins.json:LivingEntityMixin from mod trinkets_updated->@Inject::writeTrinketData(Lnet/minecraft/world/level/storage/ValueOutput;Lorg/spongepowered/asm/mixin/injection/callback/CallbackInfo;)V won't be passed a CallbackInfo as a result
[14:46:47] [main/DEBUG] (FabricLoader/Mixin) trinkets.mixins.json:LivingEntityMixin from mod trinkets_updated->@Inject::canFreeze(Lorg/spongepowered/asm/mixin/injection/callback/CallbackInfoReturnable;)V does use it's CallbackInfoReturnable
[14:46:47] [main/DEBUG] (FabricLoader/Mixin) trinkets.mixins.json:LivingEntityMixin from mod trinkets_updated->@Inject::tickTrinkets(Lorg/spongepowered/asm/mixin/injection/callback/CallbackInfo;)V doesn't use it's CallbackInfo
[14:46:47] [main/DEBUG] (FabricLoader/Mixin) trinkets.mixins.json:LivingEntityMixin from mod trinkets_updated->@Inject::tickTrinkets(Lorg/spongepowered/asm/mixin/injection/callback/CallbackInfo;)V has 0 override(s) in child classes
[14:46:47] [main/DEBUG] (FabricLoader/Mixin) trinkets.mixins.json:LivingEntityMixin from mod trinkets_updated->@Inject::tickTrinkets(Lorg/spongepowered/asm/mixin/injection/callback/CallbackInfo;)V won't be passed a CallbackInfo as a result
[14:46:47] [main/DEBUG] (FabricLoader/Mixin) trinkets.mixins.json:LivingEntityMixin from mod trinkets_updated->@Inject::dropInventory(Lnet/minecraft/server/level/ServerLevel;Lorg/spongepowered/asm/mixin/injection/callback/CallbackInfo;)V doesn't use it's CallbackInfo
[14:46:47] [main/DEBUG] (FabricLoader/Mixin) trinkets.mixins.json:LivingEntityMixin from mod trinkets_updated->@Inject::dropInventory(Lnet/minecraft/server/level/ServerLevel;Lorg/spongepowered/asm/mixin/injection/callback/CallbackInfo;)V has 0 override(s) in child classes
[14:46:47] [main/DEBUG] (FabricLoader/Mixin) trinkets.mixins.json:LivingEntityMixin from mod trinkets_updated->@Inject::dropInventory(Lnet/minecraft/server/level/ServerLevel;Lorg/spongepowered/asm/mixin/injection/callback/CallbackInfo;)V won't be passed a CallbackInfo as a result
[14:46:47] [main/DEBUG] (FabricLoader/Mixin) trinkets.mixins.json:LivingEntityMixin from mod trinkets_updated->@Inject::handleEquipmentUpdates(Lorg/spongepowered/asm/mixin/injection/callback/CallbackInfo;)V doesn't use it's CallbackInfo
[14:46:47] [main/DEBUG] (FabricLoader/Mixin) trinkets.mixins.json:LivingEntityMixin from mod trinkets_updated->@Inject::handleEquipmentUpdates(Lorg/spongepowered/asm/mixin/injection/callback/CallbackInfo;)V has 0 override(s) in child classes
[14:46:47] [main/DEBUG] (FabricLoader/Mixin) trinkets.mixins.json:LivingEntityMixin from mod trinkets_updated->@Inject::handleEquipmentUpdates(Lorg/spongepowered/asm/mixin/injection/callback/CallbackInfo;)V won't be passed a CallbackInfo as a result
[14:46:47] [main/DEBUG] (FabricLoader/Mixin) trinkets.mixins.json:behaviour.LivingEntityMixin from mod trinkets_updated->@Inject::handleGazeHiding(Lorg/spongepowered/asm/mixin/injection/callback/CallbackInfo;)V doesn't use it's CallbackInfo
[14:46:47] [main/DEBUG] (FabricLoader/Mixin) trinkets.mixins.json:behaviour.LivingEntityMixin from mod trinkets_updated->@Inject::findTrinketTotem(Lorg/spongepowered/asm/mixin/injection/callback/CallbackInfoReturnable;)V doesn't use it's CallbackInfoReturnable
[14:46:47] [main/DEBUG] (FabricLoader/Mixin) trinkets.mixins.json:behaviour.LivingEntityMixin from mod trinkets_updated->@Inject::findTrinketTotem(Lorg/spongepowered/asm/mixin/injection/callback/CallbackInfoReturnable;)V has 0 override(s) in child classes
[14:46:47] [main/DEBUG] (FabricLoader/Mixin) trinkets.mixins.json:behaviour.LivingEntityMixin from mod trinkets_updated->@Inject::findTrinketTotem(Lorg/spongepowered/asm/mixin/injection/callback/CallbackInfoReturnable;)V won't be passed a CallbackInfoReturnable as a result
[14:46:47] [main/DEBUG] (FabricLoader/Mixin) trinkets.fabric.mixins.json:behaviour.LivingEntityMixin from mod trinkets_updated->@Inject::handleGliderForTrinkets(Lorg/spongepowered/asm/mixin/injection/callback/CallbackInfoReturnable;)V does use it's CallbackInfoReturnable
[14:46:47] [main/DEBUG] (FabricLoader/Mixin) fabric-lifecycle-events-v1.mixins.json:LivingEntityMixin from mod fabric-lifecycle-events-v1->@Inject::getEquipmentChanges(Lorg/spongepowered/asm/mixin/injection/callback/CallbackInfoReturnable;)V doesn't use it's CallbackInfoReturnable
[14:46:47] [main/DEBUG] (FabricLoader/Mixin) fabric-lifecycle-events-v1.mixins.json:LivingEntityMixin from mod fabric-lifecycle-events-v1->@Inject::getEquipmentChanges(Lorg/spongepowered/asm/mixin/injection/callback/CallbackInfoReturnable;)V has 0 override(s) in child classes
[14:46:47] [main/DEBUG] (FabricLoader/Mixin) fabric-lifecycle-events-v1.mixins.json:LivingEntityMixin from mod fabric-lifecycle-events-v1->@Inject::getEquipmentChanges(Lorg/spongepowered/asm/mixin/injection/callback/CallbackInfoReturnable;)V won't be passed a CallbackInfoReturnable as a result
[14:46:47] [main/DEBUG] (FabricLoader/Mixin) fabric-block-api-v1.mixins.json:LivingEntityMixin from mod fabric-block-api-v1->@Inject::allowTaggedBlocksForTrapdoorClimbing(Lnet/minecraft/core/BlockPos;Lnet/minecraft/world/level/block/state/BlockState;Lorg/spongepowered/asm/mixin/injection/callback/CallbackInfoReturnable;)V does use it's CallbackInfoReturnable
[14:46:47] [main/DEBUG] (FabricLoader/Mixin) ohmega.mixins.json:LivingEntityMixin from mod ohmega->@Inject::dropAllDeathLoot(Lnet/minecraft/server/level/ServerLevel;Lnet/minecraft/world/damagesource/DamageSource;Lorg/spongepowered/asm/mixin/injection/callback/CallbackInfo;)V doesn't use it's CallbackInfo
[14:46:47] [main/DEBUG] (FabricLoader/Mixin) ohmega.mixins.json:LivingEntityMixin from mod ohmega->@Inject::dropAllDeathLoot(Lnet/minecraft/server/level/ServerLevel;Lnet/minecraft/world/damagesource/DamageSource;Lorg/spongepowered/asm/mixin/injection/callback/CallbackInfo;)V has 0 override(s) in child classes
[14:46:47] [main/DEBUG] (FabricLoader/Mixin) ohmega.mixins.json:LivingEntityMixin from mod ohmega->@Inject::dropAllDeathLoot(Lnet/minecraft/server/level/ServerLevel;Lnet/minecraft/world/damagesource/DamageSource;Lorg/spongepowered/asm/mixin/injection/callback/CallbackInfo;)V won't be passed a CallbackInfo as a result
[14:46:48] [main/DEBUG] (FabricLoader/Mixin) Mixing ItemEntityMixin from satchels.mixins.json into net.minecraft.world.entity.item.ItemEntity
[14:46:48] [main/DEBUG] (FabricLoader/Mixin) Mixing ServerPlayerMixin from fabric-entity-events-v1.mixins.json into net.minecraft.server.level.ServerPlayer
[14:46:48] [main/DEBUG] (FabricLoader/Mixin) Mixing ServerPlayerMixin from fabric-particles-v1.mixins.json into net.minecraft.server.level.ServerPlayer
[14:46:48] [main/DEBUG] (FabricLoader/Mixin) Mixing ServerPlayerMixin from fabric-networking-api-v1.mixins.json into net.minecraft.server.level.ServerPlayer
[14:46:48] [main/DEBUG] (FabricLoader/Mixin) Mixing ServerPlayerMixin from satchels.mixins.json into net.minecraft.server.level.ServerPlayer
[14:46:48] [main/DEBUG] (FabricLoader/Mixin) Mixing ServerPlayerMixin from trinkets.mixins.json into net.minecraft.server.level.ServerPlayer
[14:46:48] [main/DEBUG] (FabricLoader/Mixin) Mixing ServerPlayerMixin from fabric-events-interaction-v0.mixins.json into net.minecraft.server.level.ServerPlayer
[14:46:48] [main/DEBUG] (FabricLoader/Mixin) Mixing ServerPlayerMixin from fabric-menu-api-v1.mixins.json into net.minecraft.server.level.ServerPlayer
[14:46:48] [main/DEBUG] (FabricLoader/Mixin) fabric-entity-events-v1.mixins.json:ServerPlayerMixin from mod fabric-entity-events-v1->@Inject::callOnKillForPlayer(Lnet/minecraft/world/damagesource/DamageSource;Lorg/spongepowered/asm/mixin/injection/callback/CallbackInfo;)V doesn't use it's CallbackInfo
[14:46:48] [main/DEBUG] (FabricLoader/Mixin) fabric-entity-events-v1.mixins.json:ServerPlayerMixin from mod fabric-entity-events-v1->@Inject::callOnKillForPlayer(Lnet/minecraft/world/damagesource/DamageSource;Lorg/spongepowered/asm/mixin/injection/callback/CallbackInfo;)V has 0 override(s) in child classes
[14:46:48] [main/DEBUG] (FabricLoader/Mixin) fabric-entity-events-v1.mixins.json:ServerPlayerMixin from mod fabric-entity-events-v1->@Inject::callOnKillForPlayer(Lnet/minecraft/world/damagesource/DamageSource;Lorg/spongepowered/asm/mixin/injection/callback/CallbackInfo;)V won't be passed a CallbackInfo as a result
[14:46:48] [main/DEBUG] (FabricLoader/Mixin) fabric-entity-events-v1.mixins.json:ServerPlayerMixin from mod fabric-entity-events-v1->@Inject::notifyDeath(Lnet/minecraft/world/damagesource/DamageSource;Lorg/spongepowered/asm/mixin/injection/callback/CallbackInfo;)V doesn't use it's CallbackInfo
[14:46:48] [main/DEBUG] (FabricLoader/Mixin) fabric-entity-events-v1.mixins.json:ServerPlayerMixin from mod fabric-entity-events-v1->@Inject::notifyDeath(Lnet/minecraft/world/damagesource/DamageSource;Lorg/spongepowered/asm/mixin/injection/callback/CallbackInfo;)V has 0 override(s) in child classes
[14:46:48] [main/DEBUG] (FabricLoader/Mixin) fabric-entity-events-v1.mixins.json:ServerPlayerMixin from mod fabric-entity-events-v1->@Inject::notifyDeath(Lnet/minecraft/world/damagesource/DamageSource;Lorg/spongepowered/asm/mixin/injection/callback/CallbackInfo;)V won't be passed a CallbackInfo as a result
[14:46:48] [main/DEBUG] (FabricLoader/Mixin) fabric-entity-events-v1.mixins.json:ServerPlayerMixin from mod fabric-entity-events-v1->@Inject::afterLevelChanged(Lnet/minecraft/server/level/ServerLevel;Lorg/spongepowered/asm/mixin/injection/callback/CallbackInfo;)V doesn't use it's CallbackInfo
[14:46:48] [main/DEBUG] (FabricLoader/Mixin) fabric-entity-events-v1.mixins.json:ServerPlayerMixin from mod fabric-entity-events-v1->@Inject::afterLevelChanged(Lnet/minecraft/server/level/ServerLevel;Lorg/spongepowered/asm/mixin/injection/callback/CallbackInfo;)V has 0 override(s) in child classes
[14:46:48] [main/DEBUG] (FabricLoader/Mixin) fabric-entity-events-v1.mixins.json:ServerPlayerMixin from mod fabric-entity-events-v1->@Inject::afterLevelChanged(Lnet/minecraft/server/level/ServerLevel;Lorg/spongepowered/asm/mixin/injection/callback/CallbackInfo;)V won't be passed a CallbackInfo as a result
[14:46:48] [main/DEBUG] (FabricLoader/Mixin) fabric-entity-events-v1.mixins.json:ServerPlayerMixin from mod fabric-entity-events-v1->@Inject::onCopyFrom(Lnet/minecraft/server/level/ServerPlayer;ZLorg/spongepowered/asm/mixin/injection/callback/CallbackInfo;)V doesn't use it's CallbackInfo
[14:46:48] [main/DEBUG] (FabricLoader/Mixin) fabric-entity-events-v1.mixins.json:ServerPlayerMixin from mod fabric-entity-events-v1->@Inject::onCopyFrom(Lnet/minecraft/server/level/ServerPlayer;ZLorg/spongepowered/asm/mixin/injection/callback/CallbackInfo;)V has 0 override(s) in child classes
[14:46:48] [main/DEBUG] (FabricLoader/Mixin) fabric-entity-events-v1.mixins.json:ServerPlayerMixin from mod fabric-entity-events-v1->@Inject::onCopyFrom(Lnet/minecraft/server/level/ServerPlayer;ZLorg/spongepowered/asm/mixin/injection/callback/CallbackInfo;)V won't be passed a CallbackInfo as a result
[14:46:48] [main/DEBUG] (FabricLoader/Mixin) satchels.mixins.json:ServerPlayerMixin from mod satchels->@Inject::satchels$onMenuOpen(Lnet/minecraft/world/MenuProvider;Lorg/spongepowered/asm/mixin/injection/callback/CallbackInfoReturnable;)V does use it's CallbackInfoReturnable
[14:46:48] [main/DEBUG] (FabricLoader/Mixin) satchels.mixins.json:ServerPlayerMixin from mod satchels->@Inject::satchels$onMenuOpen(Lnet/minecraft/world/MenuProvider;Lorg/spongepowered/asm/mixin/injection/callback/CallbackInfoReturnable;)V does use it's CallbackInfoReturnable
[14:46:48] [main/DEBUG] (FabricLoader/Mixin) satchels.mixins.json:ServerPlayerMixin from mod satchels->@Inject::satchels$onMenuOpen(Lnet/minecraft/world/MenuProvider;Lorg/spongepowered/asm/mixin/injection/callback/CallbackInfoReturnable;)V does use it's CallbackInfoReturnable
[14:46:48] [main/DEBUG] (FabricLoader/Mixin) satchels.mixins.json:ServerPlayerMixin from mod satchels->@Inject::satchels$onChangeDimension(Lnet/minecraft/world/level/portal/TeleportTransition;Lorg/spongepowered/asm/mixin/injection/callback/CallbackInfoReturnable;)V does use it's CallbackInfoReturnable
[14:46:48] [main/DEBUG] (FabricLoader/Mixin) satchels.mixins.json:ServerPlayerMixin from mod satchels->@Inject::satchels$onChangeDimension(Lnet/minecraft/world/level/portal/TeleportTransition;Lorg/spongepowered/asm/mixin/injection/callback/CallbackInfoReturnable;)V does use it's CallbackInfoReturnable
[14:46:48] [main/DEBUG] (FabricLoader/Mixin) satchels.mixins.json:ServerPlayerMixin from mod satchels->@Inject::satchels$onChangeDimension(Lnet/minecraft/world/level/portal/TeleportTransition;Lorg/spongepowered/asm/mixin/injection/callback/CallbackInfoReturnable;)V does use it's CallbackInfoReturnable
[14:46:48] [main/DEBUG] (FabricLoader/Mixin) trinkets.mixins.json:ServerPlayerMixin from mod trinkets_updated->@Inject::handleCopyingAttachment(Lnet/minecraft/server/level/ServerPlayer;ZLorg/spongepowered/asm/mixin/injection/callback/CallbackInfo;)V doesn't use it's CallbackInfo
[14:46:48] [main/DEBUG] (FabricLoader/Mixin) trinkets.mixins.json:ServerPlayerMixin from mod trinkets_updated->@Inject::handleCopyingAttachment(Lnet/minecraft/server/level/ServerPlayer;ZLorg/spongepowered/asm/mixin/injection/callback/CallbackInfo;)V has 0 override(s) in child classes
[14:46:48] [main/DEBUG] (FabricLoader/Mixin) trinkets.mixins.json:ServerPlayerMixin from mod trinkets_updated->@Inject::handleCopyingAttachment(Lnet/minecraft/server/level/ServerPlayer;ZLorg/spongepowered/asm/mixin/injection/callback/CallbackInfo;)V won't be passed a CallbackInfo as a result
[14:46:48] [main/DEBUG] (FabricLoader/Mixin) fabric-events-interaction-v0.mixins.json:ServerPlayerMixin from mod fabric-events-interaction-v0->@Inject::fakePlayerGameMode(Lnet/minecraft/world/level/GameType;Lorg/spongepowered/asm/mixin/injection/callback/CallbackInfoReturnable;)V does use it's CallbackInfoReturnable
[14:46:48] [main/DEBUG] (FabricLoader/Mixin) fabric-menu-api-v1.mixins.json:ServerPlayerMixin from mod fabric-menu-api-v1->@Inject::fabric_storeOpenedMenu(Lnet/minecraft/world/MenuProvider;Lorg/spongepowered/asm/mixin/injection/callback/CallbackInfoReturnable;)V doesn't use it's CallbackInfoReturnable
[14:46:48] [main/DEBUG] (FabricLoader/Mixin) fabric-menu-api-v1.mixins.json:ServerPlayerMixin from mod fabric-menu-api-v1->@Inject::fabric_storeOpenedMenu(Lnet/minecraft/world/MenuProvider;Lorg/spongepowered/asm/mixin/injection/callback/CallbackInfoReturnable;)V has 0 override(s) in child classes
[14:46:48] [main/DEBUG] (FabricLoader/Mixin) fabric-menu-api-v1.mixins.json:ServerPlayerMixin from mod fabric-menu-api-v1->@Inject::fabric_storeOpenedMenu(Lnet/minecraft/world/MenuProvider;Lorg/spongepowered/asm/mixin/injection/callback/CallbackInfoReturnable;)V won't be passed a CallbackInfoReturnable as a result
[14:46:48] [main/DEBUG] (FabricLoader/Mixin) Mixing ServerLevelMixin from fabric-lifecycle-events-v1.mixins.json into net.minecraft.server.level.ServerLevel
[14:46:48] [main/DEBUG] (FabricLoader/Mixin) Mixing ServerLevelMixin from fabric-data-attachment-api-v1.mixins.json into net.minecraft.server.level.ServerLevel
[14:46:48] [main/DEBUG] (FabricLoader/Mixin) Renaming synthetic method lambda$fabric_syncChange$0(Lnet/fabricmc/fabric/api/attachment/v1/AttachmentType;Lnet/fabricmc/fabric/impl/attachment/sync/AttachmentChange;Lnet/minecraft/server/level/ServerPlayer;)V to md46f0ef$fabric-data-attachment-api-v1$lambda$fabric_syncChange$0$0 in fabric-data-attachment-api-v1.mixins.json:ServerLevelMixin from mod fabric-data-attachment-api-v1
[14:46:48] [main/DEBUG] (FabricLoader/Mixin) Renaming synthetic method lambda$createAttachmentsPersistentState$0(Lnet/minecraft/server/level/ServerLevel;)Lnet/fabricmc/fabric/impl/attachment/AttachmentSavedData; to md46f0ef$fabric-data-attachment-api-v1$lambda$createAttachmentsPersistentState$0$1 in fabric-data-attachment-api-v1.mixins.json:ServerLevelMixin from mod fabric-data-attachment-api-v1
[14:46:48] [main/DEBUG] (FabricLoader/Mixin) Mixing ServerLevelMixin from fabric-api-lookup-api-v1.mixins.json into net.minecraft.server.level.ServerLevel
[14:46:48] [main/DEBUG] (FabricLoader/Mixin) Renaming synthetic method lambda$fabric_invalidateCache$2(Ljava/util/Map$Entry;)Z to md46f0ef$fabric-api-lookup-api-v1$lambda$fabric_invalidateCache$2$2 in fabric-api-lookup-api-v1.mixins.json:ServerLevelMixin from mod fabric-api-lookup-api-v1
[14:46:48] [main/DEBUG] (FabricLoader/Mixin) Renaming synthetic method lambda$fabric_invalidateCache$3(Ljava/lang/ref/WeakReference;)Z to md46f0ef$fabric-api-lookup-api-v1$lambda$fabric_invalidateCache$3$3 in fabric-api-lookup-api-v1.mixins.json:ServerLevelMixin from mod fabric-api-lookup-api-v1
[14:46:48] [main/DEBUG] (FabricLoader/Mixin) Renaming synthetic method lambda$fabric_invalidateCache$1(Ljava/lang/ref/WeakReference;)V to md46f0ef$fabric-api-lookup-api-v1$lambda$fabric_invalidateCache$1$4 in fabric-api-lookup-api-v1.mixins.json:ServerLevelMixin from mod fabric-api-lookup-api-v1
[14:46:48] [main/DEBUG] (FabricLoader/Mixin) Renaming synthetic method lambda$fabric_invalidateCache$0(Ljava/lang/ref/WeakReference;)Z to md46f0ef$fabric-api-lookup-api-v1$lambda$fabric_invalidateCache$0$5 in fabric-api-lookup-api-v1.mixins.json:ServerLevelMixin from mod fabric-api-lookup-api-v1
[14:46:48] [main/DEBUG] (FabricLoader/Mixin) Renaming synthetic method lambda$fabric_registerCache$1(Ljava/lang/ref/WeakReference;)Z to md46f0ef$fabric-api-lookup-api-v1$lambda$fabric_registerCache$1$6 in fabric-api-lookup-api-v1.mixins.json:ServerLevelMixin from mod fabric-api-lookup-api-v1
[14:46:48] [main/DEBUG] (FabricLoader/Mixin) Renaming synthetic method lambda$fabric_registerCache$0(Lnet/minecraft/core/BlockPos;)Ljava/util/List; to md46f0ef$fabric-api-lookup-api-v1$lambda$fabric_registerCache$0$7 in fabric-api-lookup-api-v1.mixins.json:ServerLevelMixin from mod fabric-api-lookup-api-v1
[14:46:48] [main/DEBUG] (FabricLoader/Mixin) fabric-lifecycle-events-v1.mixins.json:ServerLevelMixin from mod fabric-lifecycle-events-v1->@Inject::startLevelTick(Ljava/util/function/BooleanSupplier;Lorg/spongepowered/asm/mixin/injection/callback/CallbackInfo;)V doesn't use it's CallbackInfo
[14:46:48] [main/DEBUG] (FabricLoader/Mixin) fabric-lifecycle-events-v1.mixins.json:ServerLevelMixin from mod fabric-lifecycle-events-v1->@Inject::startLevelTick(Ljava/util/function/BooleanSupplier;Lorg/spongepowered/asm/mixin/injection/callback/CallbackInfo;)V has 0 override(s) in child classes
[14:46:48] [main/DEBUG] (FabricLoader/Mixin) fabric-lifecycle-events-v1.mixins.json:ServerLevelMixin from mod fabric-lifecycle-events-v1->@Inject::startLevelTick(Ljava/util/function/BooleanSupplier;Lorg/spongepowered/asm/mixin/injection/callback/CallbackInfo;)V won't be passed a CallbackInfo as a result
[14:46:48] [main/DEBUG] (FabricLoader/Mixin) fabric-lifecycle-events-v1.mixins.json:ServerLevelMixin from mod fabric-lifecycle-events-v1->@Inject::endLevelTick(Ljava/util/function/BooleanSupplier;Lorg/spongepowered/asm/mixin/injection/callback/CallbackInfo;)V doesn't use it's CallbackInfo
[14:46:48] [main/DEBUG] (FabricLoader/Mixin) fabric-lifecycle-events-v1.mixins.json:ServerLevelMixin from mod fabric-lifecycle-events-v1->@Inject::endLevelTick(Ljava/util/function/BooleanSupplier;Lorg/spongepowered/asm/mixin/injection/callback/CallbackInfo;)V has 0 override(s) in child classes
[14:46:48] [main/DEBUG] (FabricLoader/Mixin) fabric-lifecycle-events-v1.mixins.json:ServerLevelMixin from mod fabric-lifecycle-events-v1->@Inject::endLevelTick(Ljava/util/function/BooleanSupplier;Lorg/spongepowered/asm/mixin/injection/callback/CallbackInfo;)V won't be passed a CallbackInfo as a result
[14:46:48] [main/DEBUG] (FabricLoader/Mixin) fabric-data-attachment-api-v1.mixins.json:ServerLevelMixin from mod fabric-data-attachment-api-v1->@Inject::createAttachmentsPersistentState(Lorg/spongepowered/asm/mixin/injection/callback/CallbackInfo;)V doesn't use it's CallbackInfo
[14:46:48] [main/DEBUG] (FabricLoader/Mixin) fabric-data-attachment-api-v1.mixins.json:ServerLevelMixin from mod fabric-data-attachment-api-v1->@Inject::createAttachmentsPersistentState(Lorg/spongepowered/asm/mixin/injection/callback/CallbackInfo;)V has 0 override(s) in child classes
[14:46:48] [main/DEBUG] (FabricLoader/Mixin) fabric-data-attachment-api-v1.mixins.json:ServerLevelMixin from mod fabric-data-attachment-api-v1->@Inject::createAttachmentsPersistentState(Lorg/spongepowered/asm/mixin/injection/callback/CallbackInfo;)V won't be passed a CallbackInfo as a result
[14:46:48] [main/DEBUG] (FabricLoader/Mixin) Mixing IdMapperMixin from fabric-registry-sync-v0.mixins.json into net.minecraft.core.IdMapper
[14:46:48] [main/DEBUG] (FabricLoader/Mixin) Renaming synthetic method lambda$fabric_remapIds$0(Lit/unimi/dsi/fastutil/ints/Int2IntMap;Ljava/lang/Object;Ljava/lang/Integer;)Ljava/lang/Integer; to md46f0ef$fabric-registry-sync-v0$lambda$fabric_remapIds$0$0 in fabric-registry-sync-v0.mixins.json:IdMapperMixin from mod fabric-registry-sync-v0
[14:46:48] [main/DEBUG] (FabricLoader/Mixin) Mixing RegistryFriendlyByteBufMixin from fabric-networking-api-v1.mixins.json into net.minecraft.network.RegistryFriendlyByteBuf
[14:46:48] [main/DEBUG] (FabricLoader/Mixin) Mixing BlocksMixin from fabric-registry-sync-v0.mixins.json into net.minecraft.world.level.block.Blocks
[14:46:48] [main/DEBUG] (FabricLoader/Mixin) Renaming synthetic method lambda$initShapeCache$0(ILnet/minecraft/resources/Identifier;Lnet/minecraft/world/level/block/Block;)V to md46f0ef$fabric-registry-sync-v0$lambda$initShapeCache$0$0 in fabric-registry-sync-v0.mixins.json:BlocksMixin from mod fabric-registry-sync-v0
[14:46:48] [main/DEBUG] (FabricLoader/Mixin) fabric-registry-sync-v0.mixins.json:BlocksMixin from mod fabric-registry-sync-v0->@Inject::initShapeCache(Lorg/spongepowered/asm/mixin/injection/callback/CallbackInfo;)V doesn't use it's CallbackInfo
[14:46:48] [main/DEBUG] (FabricLoader/Mixin) Mixing LiquidBlockMixin from fabric-block-api-v1.mixins.json into net.minecraft.world.level.block.LiquidBlock
[14:46:48] [main/DEBUG] (FabricLoader/Mixin) fabric-block-api-v1.mixins.json:LiquidBlockMixin from mod fabric-block-api-v1->@Inject::shouldSpreadLiquid(Lnet/minecraft/world/level/Level;Lnet/minecraft/core/BlockPos;Lnet/minecraft/world/level/block/state/BlockState;Lorg/spongepowered/asm/mixin/injection/callback/CallbackInfoReturnable;)V does use it's CallbackInfoReturnable
[14:46:48] [main/DEBUG] (FabricLoader/Mixin) Mixing WeatheringCopperMixin from fabric-content-registries-v0.mixins.json into net.minecraft.world.level.block.WeatheringCopper
[14:46:48] [main/DEBUG] (FabricLoader/Mixin) fabric-content-registries-v0.mixins.json:WeatheringCopperMixin from mod fabric-content-registries-v0->@Inject::createOxidationLevelIncreasesMap(Lorg/spongepowered/asm/mixin/injection/callback/CallbackInfoReturnable;)V does use it's CallbackInfoReturnable
[14:46:48] [main/DEBUG] (FabricLoader/Mixin) Mixing BlockBehaviourPropertiesMixin from fabric-block-api-v1.mixins.json into net.minecraft.world.level.block.state.BlockBehaviour$Properties
[14:46:48] [main/DEBUG] (FabricLoader/Mixin) Mixing EntityTypeMixin from fabric-object-builder-v1.mixins.json into net.minecraft.world.entity.EntityType
[14:46:48] [main/DEBUG] (FabricLoader/Mixin) Mixing EntityTypeMixin from fabric-lifecycle-events-v1.mixins.json into net.minecraft.world.entity.EntityType
[14:46:48] [main/DEBUG] (FabricLoader/Mixin) fabric-object-builder-v1.mixins.json:EntityTypeMixin from mod fabric-object-builder-api-v1->@Inject::onAlwaysUpdateVelocity(Lorg/spongepowered/asm/mixin/injection/callback/CallbackInfoReturnable;)V does use it's CallbackInfoReturnable
[14:46:48] [main/DEBUG] (FabricLoader/Mixin) fabric-object-builder-v1.mixins.json:EntityTypeMixin from mod fabric-object-builder-api-v1->@Inject::onCanPotentiallyExecuteCommands(Lorg/spongepowered/asm/mixin/injection/callback/CallbackInfoReturnable;)V does use it's CallbackInfoReturnable
[14:46:48] [main/DEBUG] (FabricLoader/Mixin) fabric-lifecycle-events-v1.mixins.json:EntityTypeMixin from mod fabric-lifecycle-events-v1->@Inject::setSpawnReason(Lnet/minecraft/world/level/Level;Lnet/minecraft/world/entity/EntitySpawnRequest;Lorg/spongepowered/asm/mixin/injection/callback/CallbackInfoReturnable;)V does use it's CallbackInfoReturnable
[14:46:48] [main/DEBUG] (FabricLoader/Mixin) fabric-lifecycle-events-v1.mixins.json:EntityTypeMixin from mod fabric-lifecycle-events-v1->@Inject::setSpawnReason(Lnet/minecraft/world/level/Level;Lnet/minecraft/world/entity/EntitySpawnRequest;Lorg/spongepowered/asm/mixin/injection/callback/CallbackInfoReturnable;)V does use it's CallbackInfoReturnable
[14:46:48] [main/DEBUG] (FabricLoader/Mixin) Mixing FluidMixin from fabric-transfer-api-v1.mixins.json into net.minecraft.world.level.material.Fluid
[14:46:48] [main/DEBUG] (FabricLoader/Mixin) fabric-transfer-api-v1.mixins.json:FluidMixin from mod fabric-transfer-api-v1->@Inject::hookGetBucketFillSound(Lorg/spongepowered/asm/mixin/injection/callback/CallbackInfoReturnable;)V does use it's CallbackInfoReturnable
[14:46:48] [main/DEBUG] (FabricLoader/Mixin) Mixing FlowingFluidMixin from fabric-block-api-v1.mixins.json into net.minecraft.world.level.material.FlowingFluid
[14:46:48] [main/DEBUG] (FabricLoader/Mixin) fabric-block-api-v1.mixins.json:FlowingFluidMixin from mod fabric-block-api-v1->@Inject::shouldSpreadLiquid(Lnet/minecraft/world/level/LevelAccessor;Lnet/minecraft/core/BlockPos;Lnet/minecraft/world/level/block/state/BlockState;Lnet/minecraft/core/Direction;Lnet/minecraft/world/level/material/FluidState;Lorg/spongepowered/asm/mixin/injection/callback/CallbackInfo;)V does use it's CallbackInfo
[14:46:48] [main/DEBUG] (FabricLoader/Mixin) Mixing LavaFluidMixin from fabric-block-api-v1.mixins.json into net.minecraft.world.level.material.LavaFluid
[14:46:48] [main/DEBUG] (FabricLoader/Mixin) fabric-block-api-v1.mixins.json:LavaFluidMixin from mod fabric-block-api-v1->@Inject::shouldSpreadLiquid(Lnet/minecraft/world/level/LevelAccessor;Lnet/minecraft/core/BlockPos;Lnet/minecraft/world/level/block/state/BlockState;Lnet/minecraft/core/Direction;Lnet/minecraft/world/level/material/FluidState;Lorg/spongepowered/asm/mixin/injection/callback/CallbackInfo;)V does use it's CallbackInfo
[14:46:48] [main/DEBUG] (FabricLoader/Mixin) Mixing DataComponentMapBuilderMixin from fabric-item-api-v1.mixins.json into net.minecraft.core.component.DataComponentMap$Builder
[14:46:48] [main/DEBUG] (FabricLoader/Mixin) Mixing TagKeyMixin from fabric-convention-tags-api-v2.mixins.json into net.minecraft.tags.TagKey
[14:46:48] [main/DEBUG] (FabricLoader/Mixin) Mixing BlockParticleOptionMixin from fabric-particles-v1.mixins.json into net.minecraft.core.particles.BlockParticleOption
[14:46:48] [main/DEBUG] (FabricLoader/Mixin) Mixing MenuProviderMixin from fabric-menu-api-v1.mixins.json into net.minecraft.world.MenuProvider
[14:46:48] [main/DEBUG] (FabricLoader/Mixin) Mixing BaseContainerBlockEntityMixin from fabric-transfer-api-v1.mixins.json into net.minecraft.world.level.block.entity.BaseContainerBlockEntity
[14:46:48] [main/DEBUG] (FabricLoader/Mixin) Mixing DetectorRailBlockMixin from fabric-object-builder-v1.mixins.json into net.minecraft.world.level.block.DetectorRailBlock
[14:46:48] [main/DEBUG] (FabricLoader/Mixin) Renaming synthetic method lambda$getCustomComparatorOutput$0(Lnet/minecraft/world/entity/Entity;)Z to md46f0ef$fabric-object-builder-api-v1$lambda$getCustomComparatorOutput$0$0 in fabric-object-builder-v1.mixins.json:DetectorRailBlockMixin from mod fabric-object-builder-api-v1
[14:46:48] [main/DEBUG] (FabricLoader/Mixin) fabric-object-builder-v1.mixins.json:DetectorRailBlockMixin from mod fabric-object-builder-api-v1->@Inject::getCustomComparatorOutput(Lnet/minecraft/world/level/block/state/BlockState;Lnet/minecraft/world/level/Level;Lnet/minecraft/core/BlockPos;Lnet/minecraft/core/Direction;Lorg/spongepowered/asm/mixin/injection/callback/CallbackInfoReturnable;)V does use it's CallbackInfoReturnable
[14:46:48] [main/DEBUG] (FabricLoader/Mixin) Mixing MobMixin from fabric-entity-events-v1.mixins.json into net.minecraft.world.entity.Mob
[14:46:48] [main/DEBUG] (FabricLoader/Mixin) Mixing EntityMixin from fabric-debug-api-v1.mixins.json into net.minecraft.world.entity.Mob
[14:46:48] [main/DEBUG] (FabricLoader/Mixin) fabric-debug-api-v1.mixins.json:EntityMixin from mod fabric-debug-api-v1->@Inject::addDebugValues(Lnet/minecraft/server/level/ServerLevel;Lnet/minecraft/util/debug/DebugValueSource$Registration;Lorg/spongepowered/asm/mixin/injection/callback/CallbackInfo;)V doesn't use it's CallbackInfo
[14:46:48] [main/DEBUG] (FabricLoader/Mixin) fabric-debug-api-v1.mixins.json:EntityMixin from mod fabric-debug-api-v1->@Inject::addDebugValues(Lnet/minecraft/server/level/ServerLevel;Lnet/minecraft/util/debug/DebugValueSource$Registration;Lorg/spongepowered/asm/mixin/injection/callback/CallbackInfo;)V has 0 override(s) in child classes
[14:46:48] [main/DEBUG] (FabricLoader/Mixin) fabric-debug-api-v1.mixins.json:EntityMixin from mod fabric-debug-api-v1->@Inject::addDebugValues(Lnet/minecraft/server/level/ServerLevel;Lnet/minecraft/util/debug/DebugValueSource$Registration;Lorg/spongepowered/asm/mixin/injection/callback/CallbackInfo;)V won't be passed a CallbackInfo as a result
[14:46:48] [main/DEBUG] (FabricLoader/Mixin) Mixing ChiseledBookShelfBlockEntityMixin from fabric-transfer-api-v1.mixins.json into net.minecraft.world.level.block.entity.ChiseledBookShelfBlockEntity
[14:46:48] [main/DEBUG] (FabricLoader/Mixin) fabric-transfer-api-v1.mixins.json:ChiseledBookShelfBlockEntityMixin from mod fabric-transfer-api-v1->@Inject::setStackBypass(ILnet/minecraft/world/item/ItemStack;Lorg/spongepowered/asm/mixin/injection/callback/CallbackInfo;)V does use it's CallbackInfo
[14:46:48] [main/DEBUG] (FabricLoader/Mixin) Mixing ListBackedContainerMixin from fabric-transfer-api-v1.mixins.json into net.minecraft.world.level.block.entity.ListBackedContainer
[14:46:48] [main/DEBUG] (FabricLoader/Mixin) Mixing ShelfBlockEntityMixin from fabric-transfer-api-v1.mixins.json into net.minecraft.world.level.block.entity.ShelfBlockEntity
[14:46:48] [main/DEBUG] (FabricLoader/Mixin) Mixing BlockEntityTypeMixin from fabric-object-builder-v1.mixins.json into net.minecraft.world.level.block.entity.BlockEntityType
[14:46:48] [main/DEBUG] (FabricLoader/Mixin) Mixing BlockEntityTypeAccessor from fabric-api-lookup-api-v1.mixins.json into net.minecraft.world.level.block.entity.BlockEntityType
[14:46:48] [main/DEBUG] (FabricLoader/Mixin) fabric-object-builder-v1.mixins.json:BlockEntityTypeMixin from mod fabric-object-builder-api-v1->@Inject::mutableBlocks(Lnet/minecraft/world/level/block/entity/BlockEntityType$BlockEntitySupplier;Ljava/util/Set;Lorg/spongepowered/asm/mixin/injection/callback/CallbackInfo;)V doesn't use it's CallbackInfo
[14:46:48] [main/DEBUG] (FabricLoader/Mixin) fabric-object-builder-v1.mixins.json:BlockEntityTypeMixin from mod fabric-object-builder-api-v1->@Inject::mutableBlocks(Lnet/minecraft/world/level/block/entity/BlockEntityType$BlockEntitySupplier;Ljava/util/Set;Lorg/spongepowered/asm/mixin/injection/callback/CallbackInfo;)V has 0 override(s) in child classes
[14:46:48] [main/DEBUG] (FabricLoader/Mixin) fabric-object-builder-v1.mixins.json:BlockEntityTypeMixin from mod fabric-object-builder-api-v1->@Inject::mutableBlocks(Lnet/minecraft/world/level/block/entity/BlockEntityType$BlockEntitySupplier;Ljava/util/Set;Lorg/spongepowered/asm/mixin/injection/callback/CallbackInfo;)V won't be passed a CallbackInfo as a result
[14:46:48] [main/DEBUG] (FabricLoader/Mixin) Mixing AbstractContainerMenuMixin from fabric-item-api-v1.mixins.json into net.minecraft.world.inventory.AbstractContainerMenu
[14:46:48] [main/DEBUG] (FabricLoader/Mixin) Mixing menu.AbstractContainerMenuMixin from satchels.mixins.json into net.minecraft.world.inventory.AbstractContainerMenu
[14:46:48] [main/DEBUG] (FabricLoader/Mixin) Renaming synthetic method lambda$satchels$addEquipmentSlotToGenericMenus$0(Lnet/minecraft/world/inventory/Slot;)Z to md46f0ef$satchels$lambda$satchels$addEquipmentSlotToGenericMenus$0$0 in satchels.mixins.json:menu.AbstractContainerMenuMixin from mod satchels
[14:46:48] [main/DEBUG] (FabricLoader/Mixin) Mixing accessor.AbstractedContainerMenuAccessor from trinkets.mixins.json into net.minecraft.world.inventory.AbstractContainerMenu
[14:46:48] [main/DEBUG] (FabricLoader/Mixin) fabric-item-api-v1.mixins.json:AbstractContainerMenuMixin from mod fabric-item-api-v1->@Inject::overrideContainerMenuItemClickBehaviour(Lnet/minecraft/world/entity/player/Player;Lnet/minecraft/world/inventory/ClickAction;Lnet/minecraft/world/inventory/Slot;Lnet/minecraft/world/item/ItemStack;Lnet/minecraft/world/item/ItemStack;Lorg/spongepowered/asm/mixin/injection/callback/CallbackInfoReturnable;)V does use it's CallbackInfoReturnable
[14:46:48] [main/DEBUG] (FabricLoader/Mixin) satchels.mixins.json:menu.AbstractContainerMenuMixin from mod satchels->@Inject::satchels$addEquipmentSlotToGenericMenus(Lnet/minecraft/world/Container;IILorg/spongepowered/asm/mixin/injection/callback/CallbackInfo;)V doesn't use it's CallbackInfo
[14:46:48] [main/DEBUG] (FabricLoader/Mixin) satchels.mixins.json:menu.AbstractContainerMenuMixin from mod satchels->@Inject::satchels$addEquipmentSlotToGenericMenus(Lnet/minecraft/world/Container;IILorg/spongepowered/asm/mixin/injection/callback/CallbackInfo;)V has 0 override(s) in child classes
[14:46:48] [main/DEBUG] (FabricLoader/Mixin) satchels.mixins.json:menu.AbstractContainerMenuMixin from mod satchels->@Inject::satchels$addEquipmentSlotToGenericMenus(Lnet/minecraft/world/Container;IILorg/spongepowered/asm/mixin/injection/callback/CallbackInfo;)V won't be passed a CallbackInfo as a result
[14:46:48] [main/DEBUG] (FabricLoader/Mixin) Mixing AbstractFurnaceBlockEntityMixin from fabric-item-api-v1.mixins.json into net.minecraft.world.level.block.entity.AbstractFurnaceBlockEntity
[14:46:48] [main/DEBUG] (FabricLoader/Mixin) Mixing AbstractFurnaceBlockEntityMixin from fabric-transfer-api-v1.mixins.json into net.minecraft.world.level.block.entity.AbstractFurnaceBlockEntity
[14:46:48] [main/DEBUG] (FabricLoader/Mixin) fabric-item-api-v1.mixins.json:AbstractFurnaceBlockEntityMixin from mod fabric-item-api-v1->@Inject::copyStack(Lnet/minecraft/server/level/ServerLevel;Lnet/minecraft/core/BlockPos;Lnet/minecraft/core/NonNullList;Lnet/minecraft/world/item/ItemStack;Lorg/spongepowered/asm/mixin/injection/callback/CallbackInfo;)V doesn't use it's CallbackInfo
[14:46:48] [main/DEBUG] (FabricLoader/Mixin) fabric-transfer-api-v1.mixins.json:AbstractFurnaceBlockEntityMixin from mod fabric-transfer-api-v1->@Inject::setStackSuppressUpdate(ILnet/minecraft/world/item/ItemStack;Lorg/spongepowered/asm/mixin/injection/callback/CallbackInfo;)V does use it's CallbackInfo
[14:46:48] [main/DEBUG] (FabricLoader/Mixin) Mixing JukeboxBlockEntityMixin from fabric-transfer-api-v1.mixins.json into net.minecraft.world.level.block.entity.JukeboxBlockEntity
[14:46:48] [main/DEBUG] (FabricLoader/Mixin) fabric-transfer-api-v1.mixins.json:JukeboxBlockEntityMixin from mod fabric-transfer-api-v1->@Inject::setStackBypass(Lnet/minecraft/world/item/ItemStack;Lorg/spongepowered/asm/mixin/injection/callback/CallbackInfo;)V does use it's CallbackInfo
[14:46:48] [main/DEBUG] (FabricLoader/Mixin) Mixing EnchantmentMenuMixin from fabric-block-api-v1.mixins.json into net.minecraft.world.inventory.EnchantmentMenu
[14:46:48] [main/DEBUG] (FabricLoader/Mixin) Mixing BrewingStandBlockEntityMixin from fabric-item-api-v1.mixins.json into net.minecraft.world.level.block.entity.BrewingStandBlockEntity
[14:46:48] [main/DEBUG] (FabricLoader/Mixin) Mixing AnvilMenuMixin from fabric-item-api-v1.mixins.json into net.minecraft.world.inventory.AnvilMenu
[14:46:48] [main/DEBUG] (FabricLoader/Mixin) Mixing HopperBlockEntityMixin from fabric-transfer-api-v1.mixins.json into net.minecraft.world.level.block.entity.HopperBlockEntity
[14:46:48] [main/DEBUG] (FabricLoader/Mixin) Renaming synthetic method lambda$hookExtract$0(Lnet/fabricmc/fabric/api/transfer/v1/item/ItemVariant;)Z to md46f0ef$fabric-transfer-api-v1$lambda$hookExtract$0$0 in fabric-transfer-api-v1.mixins.json:HopperBlockEntityMixin from mod fabric-transfer-api-v1
[14:46:48] [main/DEBUG] (FabricLoader/Mixin) Renaming synthetic method lambda$hookInsert$0(Lnet/fabricmc/fabric/api/transfer/v1/item/ItemVariant;)Z to md46f0ef$fabric-transfer-api-v1$lambda$hookInsert$0$1 in fabric-transfer-api-v1.mixins.json:HopperBlockEntityMixin from mod fabric-transfer-api-v1
[14:46:48] [main/DEBUG] (FabricLoader/Mixin) fabric-transfer-api-v1.mixins.json:HopperBlockEntityMixin from mod fabric-transfer-api-v1->@Inject::hookInsert(Lnet/minecraft/world/level/Level;Lnet/minecraft/core/BlockPos;Lnet/minecraft/world/level/block/entity/HopperBlockEntity;Lorg/spongepowered/asm/mixin/injection/callback/CallbackInfoReturnable;)V does use it's CallbackInfoReturnable
[14:46:48] [main/DEBUG] (FabricLoader/Mixin) fabric-transfer-api-v1.mixins.json:HopperBlockEntityMixin from mod fabric-transfer-api-v1->@Inject::hookExtract(Lnet/minecraft/world/level/Level;Lnet/minecraft/world/level/block/entity/Hopper;Lorg/spongepowered/asm/mixin/injection/callback/CallbackInfoReturnable;)V does use it's CallbackInfoReturnable
[14:46:48] [main/DEBUG] (FabricLoader/Mixin) Mixing DropperBlockMixin from fabric-transfer-api-v1.mixins.json into net.minecraft.world.level.block.DropperBlock
[14:46:48] [main/DEBUG] (FabricLoader/Mixin) Renaming synthetic method lambda$hookDispense$0(Lnet/fabricmc/fabric/api/transfer/v1/item/ItemVariant;)Z to md46f0ef$fabric-transfer-api-v1$lambda$hookDispense$0$0 in fabric-transfer-api-v1.mixins.json:DropperBlockMixin from mod fabric-transfer-api-v1
[14:46:48] [main/DEBUG] (FabricLoader/Mixin) fabric-transfer-api-v1.mixins.json:DropperBlockMixin from mod fabric-transfer-api-v1->@Inject::hookDispense(Lnet/minecraft/server/level/ServerLevel;Lnet/minecraft/world/level/block/state/BlockState;Lnet/minecraft/core/BlockPos;Lorg/spongepowered/asm/mixin/injection/callback/CallbackInfo;)V does use it's CallbackInfo
[14:46:48] [main/DEBUG] (FabricLoader/Mixin) Mixing BannerBlockEntityMixin from fabric-data-attachment-api-v1.mixins.json into net.minecraft.world.level.block.entity.BannerBlockEntity
[14:46:48] [main/DEBUG] (FabricLoader/Mixin) Mixing CrafterBlockMixin from fabric-transfer-api-v1.mixins.json into net.minecraft.world.level.block.CrafterBlock
[14:46:48] [main/DEBUG] (FabricLoader/Mixin) fabric-transfer-api-v1.mixins.json:CrafterBlockMixin from mod fabric-transfer-api-v1->@Inject::transferOrSpawnStack(Lnet/minecraft/server/level/ServerLevel;Lnet/minecraft/core/BlockPos;Lnet/minecraft/world/level/block/entity/CrafterBlockEntity;Lnet/minecraft/world/item/ItemStack;Lnet/minecraft/world/level/block/state/BlockState;Lnet/minecraft/world/item/crafting/RecipeHolder;Lorg/spongepowered/asm/mixin/injection/callback/CallbackInfo;)V doesn't use it's CallbackInfo
[14:46:48] [main/DEBUG] (FabricLoader/Mixin) fabric-transfer-api-v1.mixins.json:CrafterBlockMixin from mod fabric-transfer-api-v1->@Inject::transferOrSpawnStack(Lnet/minecraft/server/level/ServerLevel;Lnet/minecraft/core/BlockPos;Lnet/minecraft/world/level/block/entity/CrafterBlockEntity;Lnet/minecraft/world/item/ItemStack;Lnet/minecraft/world/level/block/state/BlockState;Lnet/minecraft/world/item/crafting/RecipeHolder;Lorg/spongepowered/asm/mixin/injection/callback/CallbackInfo;)V has 0 override(s) in child classes
[14:46:48] [main/DEBUG] (FabricLoader/Mixin) fabric-transfer-api-v1.mixins.json:CrafterBlockMixin from mod fabric-transfer-api-v1->@Inject::transferOrSpawnStack(Lnet/minecraft/server/level/ServerLevel;Lnet/minecraft/core/BlockPos;Lnet/minecraft/world/level/block/entity/CrafterBlockEntity;Lnet/minecraft/world/item/ItemStack;Lnet/minecraft/world/level/block/state/BlockState;Lnet/minecraft/world/item/crafting/RecipeHolder;Lorg/spongepowered/asm/mixin/injection/callback/CallbackInfo;)V won't be passed a CallbackInfo as a result
[14:46:48] [main/DEBUG] (FabricLoader/Mixin) fabric-transfer-api-v1.mixins.json:CrafterBlockMixin from mod fabric-transfer-api-v1->@Inject::transferOrSpawnStack(Lnet/minecraft/server/level/ServerLevel;Lnet/minecraft/core/BlockPos;Lnet/minecraft/world/level/block/entity/CrafterBlockEntity;Lnet/minecraft/world/item/ItemStack;Lnet/minecraft/world/level/block/state/BlockState;Lnet/minecraft/world/item/crafting/RecipeHolder;Lorg/spongepowered/asm/mixin/injection/callback/CallbackInfo;)V doesn't use it's CallbackInfo
[14:46:48] [main/DEBUG] (FabricLoader/Mixin) fabric-transfer-api-v1.mixins.json:CrafterBlockMixin from mod fabric-transfer-api-v1->@Inject::transferOrSpawnStack(Lnet/minecraft/server/level/ServerLevel;Lnet/minecraft/core/BlockPos;Lnet/minecraft/world/level/block/entity/CrafterBlockEntity;Lnet/minecraft/world/item/ItemStack;Lnet/minecraft/world/level/block/state/BlockState;Lnet/minecraft/world/item/crafting/RecipeHolder;Lorg/spongepowered/asm/mixin/injection/callback/CallbackInfo;)V has 0 override(s) in child classes
[14:46:48] [main/DEBUG] (FabricLoader/Mixin) fabric-transfer-api-v1.mixins.json:CrafterBlockMixin from mod fabric-transfer-api-v1->@Inject::transferOrSpawnStack(Lnet/minecraft/server/level/ServerLevel;Lnet/minecraft/core/BlockPos;Lnet/minecraft/world/level/block/entity/CrafterBlockEntity;Lnet/minecraft/world/item/ItemStack;Lnet/minecraft/world/level/block/state/BlockState;Lnet/minecraft/world/item/crafting/RecipeHolder;Lorg/spongepowered/asm/mixin/injection/callback/CallbackInfo;)V won't be passed a CallbackInfo as a result
[14:46:48] [main/DEBUG] (FabricLoader/Mixin) fabric-transfer-api-v1.mixins.json:CrafterBlockMixin from mod fabric-transfer-api-v1->@Inject::transferOrSpawnStack(Lnet/minecraft/server/level/ServerLevel;Lnet/minecraft/core/BlockPos;Lnet/minecraft/world/level/block/entity/CrafterBlockEntity;Lnet/minecraft/world/item/ItemStack;Lnet/minecraft/world/level/block/state/BlockState;Lnet/minecraft/world/item/crafting/RecipeHolder;Lorg/spongepowered/asm/mixin/injection/callback/CallbackInfo;)V doesn't use it's CallbackInfo
[14:46:48] [main/DEBUG] (FabricLoader/Mixin) fabric-transfer-api-v1.mixins.json:CrafterBlockMixin from mod fabric-transfer-api-v1->@Inject::transferOrSpawnStack(Lnet/minecraft/server/level/ServerLevel;Lnet/minecraft/core/BlockPos;Lnet/minecraft/world/level/block/entity/CrafterBlockEntity;Lnet/minecraft/world/item/ItemStack;Lnet/minecraft/world/level/block/state/BlockState;Lnet/minecraft/world/item/crafting/RecipeHolder;Lorg/spongepowered/asm/mixin/injection/callback/CallbackInfo;)V has 0 override(s) in child classes
[14:46:48] [main/DEBUG] (FabricLoader/Mixin) fabric-transfer-api-v1.mixins.json:CrafterBlockMixin from mod fabric-transfer-api-v1->@Inject::transferOrSpawnStack(Lnet/minecraft/server/level/ServerLevel;Lnet/minecraft/core/BlockPos;Lnet/minecraft/world/level/block/entity/CrafterBlockEntity;Lnet/minecraft/world/item/ItemStack;Lnet/minecraft/world/level/block/state/BlockState;Lnet/minecraft/world/item/crafting/RecipeHolder;Lorg/spongepowered/asm/mixin/injection/callback/CallbackInfo;)V won't be passed a CallbackInfo as a result
[14:46:48] [main/DEBUG] (FabricLoader/Mixin) fabric-transfer-api-v1.mixins.json:CrafterBlockMixin from mod fabric-transfer-api-v1->@Inject::transferOrSpawnStack(Lnet/minecraft/server/level/ServerLevel;Lnet/minecraft/core/BlockPos;Lnet/minecraft/world/level/block/entity/CrafterBlockEntity;Lnet/minecraft/world/item/ItemStack;Lnet/minecraft/world/level/block/state/BlockState;Lnet/minecraft/world/item/crafting/RecipeHolder;Lorg/spongepowered/asm/mixin/injection/callback/CallbackInfo;)V doesn't use it's CallbackInfo
[14:46:48] [main/DEBUG] (FabricLoader/Mixin) fabric-transfer-api-v1.mixins.json:CrafterBlockMixin from mod fabric-transfer-api-v1->@Inject::transferOrSpawnStack(Lnet/minecraft/server/level/ServerLevel;Lnet/minecraft/core/BlockPos;Lnet/minecraft/world/level/block/entity/CrafterBlockEntity;Lnet/minecraft/world/item/ItemStack;Lnet/minecraft/world/level/block/state/BlockState;Lnet/minecraft/world/item/crafting/RecipeHolder;Lorg/spongepowered/asm/mixin/injection/callback/CallbackInfo;)V has 0 override(s) in child classes
[14:46:48] [main/DEBUG] (FabricLoader/Mixin) fabric-transfer-api-v1.mixins.json:CrafterBlockMixin from mod fabric-transfer-api-v1->@Inject::transferOrSpawnStack(Lnet/minecraft/server/level/ServerLevel;Lnet/minecraft/core/BlockPos;Lnet/minecraft/world/level/block/entity/CrafterBlockEntity;Lnet/minecraft/world/item/ItemStack;Lnet/minecraft/world/level/block/state/BlockState;Lnet/minecraft/world/item/crafting/RecipeHolder;Lorg/spongepowered/asm/mixin/injection/callback/CallbackInfo;)V won't be passed a CallbackInfo as a result
[14:46:49] [main/DEBUG] (FabricLoader/Mixin) Mixing ItemStackMixin from fabric-item-api-v1.mixins.json into net.minecraft.world.item.ItemStack
[14:46:49] [main/DEBUG] (FabricLoader/Mixin) Renaming synthetic method lambda$hookDamage$0(Lorg/apache/commons/lang3/mutable/MutableBoolean;Ljava/util/function/Consumer;)V to md46f0ef$fabric-item-api-v1$lambda$hookDamage$0$0 in fabric-item-api-v1.mixins.json:ItemStackMixin from mod fabric-item-api-v1
[14:46:49] [main/DEBUG] (FabricLoader/Mixin) Mixing ItemStackMixin from fabric-item-api-v1.client.mixins.json into net.minecraft.world.item.ItemStack
[14:46:49] [main/DEBUG] (FabricLoader/Mixin) Mixing ItemStackAccessor from fabric-transfer-api-v1.mixins.json into net.minecraft.world.item.ItemStack
[14:46:49] [main/DEBUG] (FabricLoader/Mixin) Renaming @Invoker method validateComponents(Lnet/minecraft/core/component/DataComponentMap;)Lcom/mojang/serialization/DataResult; to validateComponents$fabric-transfer-api-v1_$md$46f0ef$1 in fabric-transfer-api-v1.mixins.json:ItemStackAccessor from mod fabric-transfer-api-v1
[14:46:49] [main/DEBUG] (FabricLoader/Mixin) Mixing ItemStackMixin from trinkets.fabric.mixins.json into net.minecraft.world.item.ItemStack
[14:46:49] [main/DEBUG] (FabricLoader/Mixin) Mixing ItemStackMixin from fabric-events-interaction-v0.mixins.json into net.minecraft.world.item.ItemStack
[14:46:49] [main/DEBUG] (FabricLoader/Mixin) fabric-item-api-v1.mixins.json:ItemStackMixin from mod fabric-item-api-v1->@Inject::preAttributeModifiers(Lnet/minecraft/world/item/Item$TooltipContext;Lnet/minecraft/world/item/component/TooltipDisplay;Lnet/minecraft/world/entity/player/Player;Lnet/minecraft/world/item/TooltipFlag;Ljava/util/function/Consumer;Lorg/spongepowered/asm/mixin/injection/callback/CallbackInfo;)V doesn't use it's CallbackInfo
[14:46:49] [main/DEBUG] (FabricLoader/Mixin) fabric-item-api-v1.mixins.json:ItemStackMixin from mod fabric-item-api-v1->@Inject::postTooltipsAdvanced(Lnet/minecraft/world/item/Item$TooltipContext;Lnet/minecraft/world/item/component/TooltipDisplay;Lnet/minecraft/world/entity/player/Player;Lnet/minecraft/world/item/TooltipFlag;Ljava/util/function/Consumer;Lorg/spongepowered/asm/mixin/injection/callback/CallbackInfo;)V doesn't use it's CallbackInfo
[14:46:49] [main/DEBUG] (FabricLoader/Mixin) fabric-item-api-v1.client.mixins.json:ItemStackMixin from mod fabric-item-api-v1->@Inject::getTooltip(Lnet/minecraft/world/item/Item$TooltipContext;Lnet/minecraft/world/entity/player/Player;Lnet/minecraft/world/item/TooltipFlag;Lorg/spongepowered/asm/mixin/injection/callback/CallbackInfoReturnable;)V does use it's CallbackInfoReturnable
[14:46:49] [main/DEBUG] (FabricLoader/Mixin) trinkets.fabric.mixins.json:ItemStackMixin from mod trinkets_updated->@Inject::getTooltipVanilla(Lnet/minecraft/world/item/Item$TooltipContext;Lnet/minecraft/world/item/component/TooltipDisplay;Lnet/minecraft/world/entity/player/Player;Lnet/minecraft/world/item/TooltipFlag;Ljava/util/function/Consumer;Lorg/spongepowered/asm/mixin/injection/callback/CallbackInfo;)V doesn't use it's CallbackInfo
[14:46:49] [main/DEBUG] (FabricLoader/Mixin) Mixing ValueOutputMixin from fabric-serialization-api-v1.mixins.json into net.minecraft.world.level.storage.ValueOutput
[14:46:49] [main/DEBUG] (FabricLoader/Mixin) Mixing ItemMixin from fabric-item-api-v1.mixins.json into net.minecraft.world.item.Item
[14:46:49] [main/DEBUG] (FabricLoader/Mixin) Mixing ItemMixin from fabric-transfer-api-v1.mixins.json into net.minecraft.world.item.Item
[14:46:49] [main/DEBUG] (FabricLoader/Mixin) Mixing ItemMixin from trinkets.mixins.json into net.minecraft.world.item.Item
[14:46:49] [main/DEBUG] (FabricLoader/Mixin) fabric-item-api-v1.mixins.json:ItemMixin from mod fabric-item-api-v1->@Inject::onConstruct(Lnet/minecraft/world/item/Item$Properties;Lorg/spongepowered/asm/mixin/injection/callback/CallbackInfo;)V doesn't use it's CallbackInfo
[14:46:49] [main/DEBUG] (FabricLoader/Mixin) fabric-item-api-v1.mixins.json:ItemMixin from mod fabric-item-api-v1->@Inject::onConstruct(Lnet/minecraft/world/item/Item$Properties;Lorg/spongepowered/asm/mixin/injection/callback/CallbackInfo;)V has 0 override(s) in child classes
[14:46:49] [main/DEBUG] (FabricLoader/Mixin) fabric-item-api-v1.mixins.json:ItemMixin from mod fabric-item-api-v1->@Inject::onConstruct(Lnet/minecraft/world/item/Item$Properties;Lorg/spongepowered/asm/mixin/injection/callback/CallbackInfo;)V won't be passed a CallbackInfo as a result
[14:46:49] [main/DEBUG] (FabricLoader/Mixin) trinkets.mixins.json:ItemMixin from mod trinkets_updated->@Inject::onItemUsed(Lnet/minecraft/world/level/Level;Lnet/minecraft/world/entity/player/Player;Lnet/minecraft/world/InteractionHand;Lorg/spongepowered/asm/mixin/injection/callback/CallbackInfoReturnable;)V does use it's CallbackInfoReturnable
[14:46:49] [main/DEBUG] (FabricLoader/Mixin) Mixing BucketItemAccessor from fabric-transfer-api-v1.mixins.json into net.minecraft.world.item.BucketItem
[14:46:49] [main/DEBUG] (FabricLoader/Mixin) Mixing BucketItemMixin from fabric-transfer-api-v1.mixins.json into net.minecraft.world.item.BucketItem
[14:46:49] [main/DEBUG] (FabricLoader/Mixin) Mixing ItemPropertiesMixin from fabric-item-api-v1.mixins.json into net.minecraft.world.item.Item$Properties
[14:46:49] [main/DEBUG] (FabricLoader/Mixin) Mixing EnchantmentDefinitionMixin from trinkets.mixins.json into net.minecraft.world.item.enchantment.Enchantment$EnchantmentDefinition
[14:46:49] [main/DEBUG] (FabricLoader/Mixin) Renaming synthetic method lambda$extendCodec$0(Lcom/mojang/serialization/MapCodec;Lcom/mojang/serialization/codecs/RecordCodecBuilder$Instance;)Lcom/mojang/datafixers/kinds/App; to md46f0ef$trinkets_updated$lambda$extendCodec$0$0 in trinkets.mixins.json:EnchantmentDefinitionMixin from mod trinkets_updated
[14:46:49] [main/DEBUG] (FabricLoader/Mixin) Renaming synthetic method lambda$extendCodec$2(Lnet/minecraft/world/item/enchantment/Enchantment$EnchantmentDefinition;Ljava/util/Set;)Lnet/minecraft/world/item/enchantment/Enchantment$EnchantmentDefinition; to md46f0ef$trinkets_updated$lambda$extendCodec$2$1 in trinkets.mixins.json:EnchantmentDefinitionMixin from mod trinkets_updated
[14:46:49] [main/DEBUG] (FabricLoader/Mixin) Renaming synthetic method lambda$extendCodec$1(Lnet/minecraft/world/item/enchantment/Enchantment$EnchantmentDefinition;)Ljava/util/Set; to md46f0ef$trinkets_updated$lambda$extendCodec$1$2 in trinkets.mixins.json:EnchantmentDefinitionMixin from mod trinkets_updated
[14:46:49] [main/DEBUG] (FabricLoader/Mixin) Mixing BlockTransformerMixin from fabric-item-api-v1.mixins.json into net.minecraft.core.component.BlockTransformer
[14:46:49] [main/DEBUG] (FabricLoader/Mixin) Mixing LootTableAccessor from fabric-loot-api-v3.mixins.json into net.minecraft.world.level.storage.loot.LootTable
[14:46:49] [main/DEBUG] (FabricLoader/Mixin) Mixing LootTableMixin from fabric-loot-api-v3.mixins.json into net.minecraft.world.level.storage.loot.LootTable
[14:46:49] [main/DEBUG] (FabricLoader/Mixin) Mixing BundleContentsAccessor from fabric-transfer-api-v1.mixins.json into net.minecraft.world.item.component.BundleContents
[14:46:49] [main/DEBUG] (FabricLoader/Mixin) Renaming @Invoker method getWeight(Lnet/minecraft/world/item/ItemInstance;)Lcom/mojang/serialization/DataResult; to getWeight$fabric-transfer-api-v1_$md$46f0ef$0 in fabric-transfer-api-v1.mixins.json:BundleContentsAccessor from mod fabric-transfer-api-v1
[14:46:49] [main/DEBUG] (FabricLoader/Mixin) Mixing AttachmentTargetsMixin from fabric-data-attachment-api-v1.mixins.json into net.minecraft.world.level.chunk.ChunkAccess
[14:46:49] [main/DEBUG] (FabricLoader/Mixin) Mixing ChunkAccessMixin from fabric-data-attachment-api-v1.mixins.json into net.minecraft.world.level.chunk.ChunkAccess
[14:46:49] [main/DEBUG] (FabricLoader/Mixin) Mixing LevelChunkMixin from fabric-lifecycle-events-v1.client.mixins.json into net.minecraft.world.level.chunk.LevelChunk
[14:46:49] [main/DEBUG] (FabricLoader/Mixin) Mixing LevelChunkMixin from fabric-data-attachment-api-v1.mixins.json into net.minecraft.world.level.chunk.LevelChunk
[14:46:49] [main/DEBUG] (FabricLoader/Mixin) Renaming synthetic method lambda$fabric_syncChange$0(Lnet/fabricmc/fabric/api/attachment/v1/AttachmentType;Lnet/fabricmc/fabric/impl/attachment/sync/AttachmentChange;Lnet/minecraft/server/level/ServerPlayer;)V to md46f0ef$fabric-data-attachment-api-v1$lambda$fabric_syncChange$0$0 in fabric-data-attachment-api-v1.mixins.json:LevelChunkMixin from mod fabric-data-attachment-api-v1
[14:46:49] [main/DEBUG] (FabricLoader/Mixin) fabric-lifecycle-events-v1.client.mixins.json:LevelChunkMixin from mod fabric-lifecycle-events-v1->@Inject::onRemoveBlockEntity(Lnet/minecraft/world/level/block/entity/BlockEntity;Lorg/spongepowered/asm/mixin/injection/callback/CallbackInfo;)V doesn't use it's CallbackInfo
[14:46:49] [main/DEBUG] (FabricLoader/Mixin) fabric-lifecycle-events-v1.client.mixins.json:LevelChunkMixin from mod fabric-lifecycle-events-v1->@Inject::onRemoveBlockEntity(Lnet/minecraft/world/level/block/entity/BlockEntity;Lorg/spongepowered/asm/mixin/injection/callback/CallbackInfo;)V has 0 override(s) in child classes
[14:46:49] [main/DEBUG] (FabricLoader/Mixin) fabric-lifecycle-events-v1.client.mixins.json:LevelChunkMixin from mod fabric-lifecycle-events-v1->@Inject::onRemoveBlockEntity(Lnet/minecraft/world/level/block/entity/BlockEntity;Lorg/spongepowered/asm/mixin/injection/callback/CallbackInfo;)V won't be passed a CallbackInfo as a result
[14:46:49] [main/DEBUG] (FabricLoader/Mixin) fabric-lifecycle-events-v1.client.mixins.json:LevelChunkMixin from mod fabric-lifecycle-events-v1->@Inject::onRemoveBlockEntity(Lnet/minecraft/core/BlockPos;Lorg/spongepowered/asm/mixin/injection/callback/CallbackInfo;)V doesn't use it's CallbackInfo
[14:46:49] [main/DEBUG] (FabricLoader/Mixin) fabric-lifecycle-events-v1.client.mixins.json:LevelChunkMixin from mod fabric-lifecycle-events-v1->@Inject::onRemoveBlockEntity(Lnet/minecraft/core/BlockPos;Lorg/spongepowered/asm/mixin/injection/callback/CallbackInfo;)V has 0 override(s) in child classes
[14:46:49] [main/DEBUG] (FabricLoader/Mixin) fabric-lifecycle-events-v1.client.mixins.json:LevelChunkMixin from mod fabric-lifecycle-events-v1->@Inject::onRemoveBlockEntity(Lnet/minecraft/core/BlockPos;Lorg/spongepowered/asm/mixin/injection/callback/CallbackInfo;)V won't be passed a CallbackInfo as a result
[14:46:49] [main/DEBUG] (FabricLoader/Mixin) fabric-data-attachment-api-v1.mixins.json:LevelChunkMixin from mod fabric-data-attachment-api-v1->@Inject::transferProtoChunkAttachment(Lnet/minecraft/server/level/ServerLevel;Lnet/minecraft/world/level/chunk/ProtoChunk;Lnet/minecraft/world/level/chunk/LevelChunk$PostLoadProcessor;Lorg/spongepowered/asm/mixin/injection/callback/CallbackInfo;)V doesn't use it's CallbackInfo
[14:46:49] [main/DEBUG] (FabricLoader/Mixin) fabric-data-attachment-api-v1.mixins.json:LevelChunkMixin from mod fabric-data-attachment-api-v1->@Inject::transferProtoChunkAttachment(Lnet/minecraft/server/level/ServerLevel;Lnet/minecraft/world/level/chunk/ProtoChunk;Lnet/minecraft/world/level/chunk/LevelChunk$PostLoadProcessor;Lorg/spongepowered/asm/mixin/injection/callback/CallbackInfo;)V has 0 override(s) in child classes
[14:46:49] [main/DEBUG] (FabricLoader/Mixin) fabric-data-attachment-api-v1.mixins.json:LevelChunkMixin from mod fabric-data-attachment-api-v1->@Inject::transferProtoChunkAttachment(Lnet/minecraft/server/level/ServerLevel;Lnet/minecraft/world/level/chunk/ProtoChunk;Lnet/minecraft/world/level/chunk/LevelChunk$PostLoadProcessor;Lorg/spongepowered/asm/mixin/injection/callback/CallbackInfo;)V won't be passed a CallbackInfo as a result
[14:46:49] [main/DEBUG] (FabricLoader/Mixin) Mixing ItemContainerContentsAccessor from fabric-transfer-api-v1.mixins.json into net.minecraft.world.item.component.ItemContainerContents
[14:46:49] [main/DEBUG] (FabricLoader/Mixin) Mixing fluid.AbstractBoatMixin from fabric-content-registries-v0.mixins.json into net.minecraft.world.entity.vehicle.boat.AbstractBoat
[14:46:49] [main/DEBUG] (FabricLoader/Mixin) Mixing EntityTypeBuilderMixin from fabric-object-builder-v1.mixins.json into net.minecraft.world.entity.EntityType$Builder
[14:46:49] [main/DEBUG] (FabricLoader/Mixin) fabric-object-builder-v1.mixins.json:EntityTypeBuilderMixin from mod fabric-object-builder-api-v1->@Inject::applyChildBuilders(Lnet/minecraft/resources/ResourceKey;Lorg/spongepowered/asm/mixin/injection/callback/CallbackInfoReturnable;)V does use it's CallbackInfoReturnable
[14:46:49] [main/DEBUG] (FabricLoader/Mixin) Mixing fluid.FloatGoalMixin from fabric-content-registries-v0.mixins.json into net.minecraft.world.entity.ai.goal.FloatGoal
[14:46:49] [main/DEBUG] (FabricLoader/Mixin) Mixing BreezeMixin from fabric-particles-v1.mixins.json into net.minecraft.world.entity.monster.breeze.Breeze
[14:46:49] [main/DEBUG] (FabricLoader/Mixin) Mixing VillagerMixin from fabric-content-registries-v0.mixins.json into net.minecraft.world.entity.npc.villager.Villager
[14:46:49] [main/DEBUG] (FabricLoader/Mixin) Mixing EntityDataSerializersAccessor from fabric-object-builder-v1.mixins.json into net.minecraft.network.syncher.EntityDataSerializers
[14:46:49] [main/DEBUG] (FabricLoader/Mixin) Renaming @Accessor method fabric_getDataHandlers()Lnet/minecraft/util/CrudeIncrementalIntIdentityHashBiMap; to fabric_getDataHandlers$fabric-object-builder-api-v1_$md$46f0ef$0 in fabric-object-builder-v1.mixins.json:EntityDataSerializersAccessor from mod fabric-object-builder-api-v1
[14:46:49] [main/DEBUG] (FabricLoader/Mixin) Mixing EntityDataSerializersMixin from fabric-object-builder-v1.mixins.json into net.minecraft.network.syncher.EntityDataSerializers
[14:46:49] [main/DEBUG] (FabricLoader/Mixin) fabric-object-builder-v1.mixins.json:EntityDataSerializersMixin from mod fabric-object-builder-api-v1->@Inject::storeVanillaHandlers(Lorg/spongepowered/asm/mixin/injection/callback/CallbackInfo;)V doesn't use it's CallbackInfo
[14:46:49] [main/DEBUG] (FabricLoader/Mixin) fabric-object-builder-v1.mixins.json:EntityDataSerializersMixin from mod fabric-object-builder-api-v1->@Inject::onHeadRegister(Lnet/minecraft/network/syncher/EntityDataSerializer;Lorg/spongepowered/asm/mixin/injection/callback/CallbackInfo;)V doesn't use it's CallbackInfo
[14:46:49] [main/DEBUG] (net.fabricmc.fabric.impl.object.builder.FabricEntityDataRegistryImpl) Stored 44 vanilla handlers
[14:46:49] [main/DEBUG] (FabricLoader/Mixin) Mixing WardenMixin from fabric-particles-v1.mixins.json into net.minecraft.world.entity.monster.warden.Warden
[14:46:49] [main/DEBUG] (FabricLoader/Mixin) Mixing HoneycombItemMixin from fabric-content-registries-v0.mixins.json into net.minecraft.world.item.HoneycombItem
[14:46:49] [main/DEBUG] (FabricLoader/Mixin) fabric-content-registries-v0.mixins.json:HoneycombItemMixin from mod fabric-content-registries-v0->@Inject::createWaxables(Lorg/spongepowered/asm/mixin/injection/callback/CallbackInfoReturnable;)V does use it's CallbackInfoReturnable
[14:46:49] [main/DEBUG] (FabricLoader/Mixin) Mixing BrushItemMixin from fabric-particles-v1.mixins.json into net.minecraft.world.item.BrushItem
[14:46:50] [main/DEBUG] (FabricLoader/Mixin) Mixing EntitySelectorOptionsAccessor from fabric-command-api-v2.mixins.json into net.minecraft.commands.arguments.selector.options.EntitySelectorOptions
[14:46:50] [main/DEBUG] (FabricLoader/Mixin) Renaming @Invoker method callPutOption(Ljava/lang/String;Lnet/minecraft/commands/arguments/selector/options/EntitySelectorOptions$Modifier;Ljava/util/function/Predicate;Lnet/minecraft/network/chat/Component;)V to callPutOption$fabric-command-api-v2_$md$46f0ef$0 in fabric-command-api-v2.mixins.json:EntitySelectorOptionsAccessor from mod fabric-command-api-v2
[14:46:50] [main/DEBUG] (FabricLoader/Mixin) Mixing EntitySelectorParserMixin from fabric-command-api-v2.mixins.json into net.minecraft.commands.arguments.selector.EntitySelectorParser
[14:46:50] [main/DEBUG] (FabricLoader/Mixin) Generating mapped inner class net/minecraft/world/level/block/entity/ChiseledBookShelfBlockEntity$Anonymous$6b8fabc9a3dd3f94be74f1199f97fdb5 (originally net/fabricmc/fabric/mixin/transfer/ChiseledBookShelfBlockEntityMixin$1)
[14:46:50] [main/DEBUG] (FabricLoader/Mixin) Mixing player.InventoryMixin from satchels.mixins.json into net.minecraft.world.entity.player.Inventory
[14:46:50] [main/DEBUG] (FabricLoader/Mixin) Mixing InventoryMixin from trinkets.mixins.json into net.minecraft.world.entity.player.Inventory
[14:46:50] [main/DEBUG] (FabricLoader/Mixin) Renaming synthetic method lambda$containsTrinkets$0(Lnet/minecraft/world/item/ItemStack;Lnet/minecraft/world/item/ItemStack;)Z to md46f0ef$trinkets_updated$lambda$containsTrinkets$0$0 in trinkets.mixins.json:InventoryMixin from mod trinkets_updated
[14:46:50] [main/DEBUG] (FabricLoader/Mixin) Mixing InventoryMixin from ohmega_common.mixins.json into net.minecraft.world.entity.player.Inventory
[14:46:50] [main/DEBUG] (FabricLoader/Mixin) ohmega_common.mixins.json:InventoryMixin from mod ohmega: Class version 69 required is higher than the class version supported by the current version of Mixin (JAVA_21 supports class version 65)
[14:46:50] [main/DEBUG] (FabricLoader/Mixin) satchels.mixins.json:player.InventoryMixin from mod satchels->@Inject::satchels$placeItemBackInInventory(Lnet/minecraft/world/item/ItemStack;ZLnet/minecraft/util/Prediction;Lorg/spongepowered/asm/mixin/injection/callback/CallbackInfo;)V does use it's CallbackInfo
[14:46:50] [main/DEBUG] (FabricLoader/Mixin) satchels.mixins.json:player.InventoryMixin from mod satchels->@Inject::satchels$removeFromSelected(ZLorg/spongepowered/asm/mixin/injection/callback/CallbackInfoReturnable;)V does use it's CallbackInfoReturnable
[14:46:50] [main/DEBUG] (FabricLoader/Mixin) satchels.mixins.json:player.InventoryMixin from mod satchels->@Inject::satchels$clearOrCountMatchingItems(Ljava/util/function/Predicate;ZILnet/minecraft/world/Container;Lorg/spongepowered/asm/mixin/injection/callback/CallbackInfoReturnable;)V does use it's CallbackInfoReturnable
[14:46:50] [main/DEBUG] (FabricLoader/Mixin) satchels.mixins.json:player.InventoryMixin from mod satchels->@Inject::satchels$removeItem(Lnet/minecraft/world/item/ItemStack;Lorg/spongepowered/asm/mixin/injection/callback/CallbackInfo;)V doesn't use it's CallbackInfo
[14:46:50] [main/DEBUG] (FabricLoader/Mixin) satchels.mixins.json:player.InventoryMixin from mod satchels->@Inject::satchels$removeItem(Lnet/minecraft/world/item/ItemStack;Lorg/spongepowered/asm/mixin/injection/callback/CallbackInfo;)V has 0 override(s) in child classes
[14:46:50] [main/DEBUG] (FabricLoader/Mixin) satchels.mixins.json:player.InventoryMixin from mod satchels->@Inject::satchels$removeItem(Lnet/minecraft/world/item/ItemStack;Lorg/spongepowered/asm/mixin/injection/callback/CallbackInfo;)V won't be passed a CallbackInfo as a result
[14:46:50] [main/DEBUG] (FabricLoader/Mixin) satchels.mixins.json:player.InventoryMixin from mod satchels->@Inject::satchels$putIntoSatchelIfActive(ILorg/spongepowered/asm/mixin/injection/callback/CallbackInfo;)V does use it's CallbackInfo
[14:46:50] [main/DEBUG] (FabricLoader/Mixin) trinkets.mixins.json:InventoryMixin from mod trinkets_updated->@Inject::clearTrinkets(Lorg/spongepowered/asm/mixin/injection/callback/CallbackInfo;)V doesn't use it's CallbackInfo
[14:46:50] [main/DEBUG] (FabricLoader/Mixin) trinkets.mixins.json:InventoryMixin from mod trinkets_updated->@Inject::clearTrinkets(Lorg/spongepowered/asm/mixin/injection/callback/CallbackInfo;)V has 0 override(s) in child classes
[14:46:50] [main/DEBUG] (FabricLoader/Mixin) trinkets.mixins.json:InventoryMixin from mod trinkets_updated->@Inject::clearTrinkets(Lorg/spongepowered/asm/mixin/injection/callback/CallbackInfo;)V won't be passed a CallbackInfo as a result
[14:46:50] [main/DEBUG] (FabricLoader/Mixin) Mixing SimpleContainerMixin from fabric-transfer-api-v1.mixins.json into net.minecraft.world.SimpleContainer
[14:46:50] [main/DEBUG] (FabricLoader/Mixin) Mixing CraftingRecipeMixin from fabric-item-api-v1.mixins.json into net.minecraft.world.item.crafting.CraftingRecipe
[14:46:50] [main/DEBUG] (FabricLoader/Mixin) Mixing ingredient.IngredientMixin from fabric-recipe-api-v1.mixins.json into net.minecraft.world.item.crafting.Ingredient
[14:46:50] [main/DEBUG] (FabricLoader/Mixin) Renaming synthetic method lambda$injectCodec$2(Lnet/minecraft/world/item/crafting/Ingredient;)Lcom/mojang/datafixers/util/Either; to md46f0ef$fabric-recipe-api-v1$lambda$injectCodec$2$0 in fabric-recipe-api-v1.mixins.json:ingredient.IngredientMixin from mod fabric-recipe-api-v1
[14:46:50] [main/DEBUG] (FabricLoader/Mixin) Renaming synthetic method lambda$injectCodec$0(Lcom/mojang/datafixers/util/Either;)Lnet/minecraft/world/item/crafting/Ingredient; to md46f0ef$fabric-recipe-api-v1$lambda$injectCodec$0$1 in fabric-recipe-api-v1.mixins.json:ingredient.IngredientMixin from mod fabric-recipe-api-v1
[14:46:50] [main/DEBUG] (FabricLoader/Mixin) Renaming synthetic method lambda$injectCodec$1(Lnet/minecraft/world/item/crafting/Ingredient;)Lnet/minecraft/world/item/crafting/Ingredient; to md46f0ef$fabric-recipe-api-v1$lambda$injectCodec$1$2 in fabric-recipe-api-v1.mixins.json:ingredient.IngredientMixin from mod fabric-recipe-api-v1
[14:46:50] [main/DEBUG] (FabricLoader/Mixin) fabric-recipe-api-v1.mixins.json:ingredient.IngredientMixin from mod fabric-recipe-api-v1->@Inject::injectCodec(Lorg/spongepowered/asm/mixin/injection/callback/CallbackInfo;)V doesn't use it's CallbackInfo
[14:46:50] [main/DEBUG] (FabricLoader/Mixin) fabric-recipe-api-v1.mixins.json:ingredient.IngredientMixin from mod fabric-recipe-api-v1->@Inject::onGetEntries(Lnet/minecraft/world/item/crafting/Ingredient;Lorg/spongepowered/asm/mixin/injection/callback/CallbackInfoReturnable;)V does use it's CallbackInfoReturnable
[14:46:50] [main/DEBUG] (FabricLoader/Mixin) fabric-recipe-api-v1.mixins.json:ingredient.IngredientMixin from mod fabric-recipe-api-v1->@Inject::onGetEntries(Lnet/minecraft/world/item/crafting/Ingredient;Lorg/spongepowered/asm/mixin/injection/callback/CallbackInfoReturnable;)V does use it's CallbackInfoReturnable
[14:46:50] [main/DEBUG] (FabricLoader/Mixin) fabric-recipe-api-v1.mixins.json:ingredient.IngredientMixin from mod fabric-recipe-api-v1->@Inject::onGetEntries(Lnet/minecraft/world/item/crafting/Ingredient;Lorg/spongepowered/asm/mixin/injection/callback/CallbackInfoReturnable;)V does use it's CallbackInfoReturnable
[14:46:50] [main/DEBUG] (FabricLoader/Mixin) fabric-recipe-api-v1.mixins.json:ingredient.IngredientMixin from mod fabric-recipe-api-v1->@Inject::onHeadEquals(Ljava/lang/Object;Lorg/spongepowered/asm/mixin/injection/callback/CallbackInfoReturnable;)V does use it's CallbackInfoReturnable
[14:46:50] [main/DEBUG] (FabricLoader/Mixin) Mixing ingredient.ShapelessRecipeMixin from fabric-recipe-api-v1.mixins.json into net.minecraft.world.item.crafting.ShapelessRecipe
[14:46:50] [main/DEBUG] (FabricLoader/Mixin) fabric-recipe-api-v1.mixins.json:ingredient.ShapelessRecipeMixin from mod fabric-recipe-api-v1->@Inject::cacheRequiresTesting(Lnet/minecraft/world/item/crafting/Recipe$CommonInfo;Lnet/minecraft/world/item/crafting/CraftingRecipe$CraftingBookInfo;Lnet/minecraft/world/item/ItemStackTemplate;Ljava/util/List;Lorg/spongepowered/asm/mixin/injection/callback/CallbackInfo;)V doesn't use it's CallbackInfo
[14:46:50] [main/DEBUG] (FabricLoader/Mixin) fabric-recipe-api-v1.mixins.json:ingredient.ShapelessRecipeMixin from mod fabric-recipe-api-v1->@Inject::cacheRequiresTesting(Lnet/minecraft/world/item/crafting/Recipe$CommonInfo;Lnet/minecraft/world/item/crafting/CraftingRecipe$CraftingBookInfo;Lnet/minecraft/world/item/ItemStackTemplate;Ljava/util/List;Lorg/spongepowered/asm/mixin/injection/callback/CallbackInfo;)V has 0 override(s) in child classes
[14:46:50] [main/DEBUG] (FabricLoader/Mixin) fabric-recipe-api-v1.mixins.json:ingredient.ShapelessRecipeMixin from mod fabric-recipe-api-v1->@Inject::cacheRequiresTesting(Lnet/minecraft/world/item/crafting/Recipe$CommonInfo;Lnet/minecraft/world/item/crafting/CraftingRecipe$CraftingBookInfo;Lnet/minecraft/world/item/ItemStackTemplate;Ljava/util/List;Lorg/spongepowered/asm/mixin/injection/callback/CallbackInfo;)V won't be passed a CallbackInfo as a result
[14:46:50] [main/DEBUG] (FabricLoader/Mixin) fabric-recipe-api-v1.mixins.json:ingredient.ShapelessRecipeMixin from mod fabric-recipe-api-v1->@Inject::customIngredientMatch(Lnet/minecraft/world/item/crafting/CraftingInput;Lnet/minecraft/world/level/Level;Lorg/spongepowered/asm/mixin/injection/callback/CallbackInfoReturnable;)V does use it's CallbackInfoReturnable
[14:46:50] [main/DEBUG] (FabricLoader/Mixin) Mixing EnchantRandomlyFunctionMixin from fabric-item-api-v1.mixins.json into net.minecraft.world.level.storage.loot.functions.EnchantRandomlyFunction
[14:46:50] [main/DEBUG] (FabricLoader/Mixin) Mixing DimensionTypeAccessor from fabric-dimensions-v1.mixins.json into net.minecraft.world.level.dimension.DimensionType
[14:46:50] [main/DEBUG] (FabricLoader/Mixin) Mixing StructureTemplateManagerMixin from fabric-gametest-api-v1.mixins.json into net.minecraft.world.level.levelgen.structure.templatesystem.StructureTemplateManager
[14:46:50] [main/DEBUG] (FabricLoader/Mixin) fabric-gametest-api-v1.mixins.json:StructureTemplateManagerMixin from mod fabric-gametest-api-v1->@Inject::addFabricTemplateProvider(Lnet/minecraft/server/packs/resources/ResourceManager;Lnet/minecraft/world/level/storage/LevelStorageSource$LevelStorageAccess;Lcom/mojang/datafixers/DataFixer;Lnet/minecraft/core/HolderGetter;Lorg/spongepowered/asm/mixin/injection/callback/CallbackInfo;)V doesn't use it's CallbackInfo
[14:46:50] [main/DEBUG] (FabricLoader/Mixin) fabric-gametest-api-v1.mixins.json:StructureTemplateManagerMixin from mod fabric-gametest-api-v1->@Inject::addFabricTemplateProvider(Lnet/minecraft/server/packs/resources/ResourceManager;Lnet/minecraft/world/level/storage/LevelStorageSource$LevelStorageAccess;Lcom/mojang/datafixers/DataFixer;Lnet/minecraft/core/HolderGetter;Lorg/spongepowered/asm/mixin/injection/callback/CallbackInfo;)V has 0 override(s) in child classes
[14:46:50] [main/DEBUG] (FabricLoader/Mixin) fabric-gametest-api-v1.mixins.json:StructureTemplateManagerMixin from mod fabric-gametest-api-v1->@Inject::addFabricTemplateProvider(Lnet/minecraft/server/packs/resources/ResourceManager;Lnet/minecraft/world/level/storage/LevelStorageSource$LevelStorageAccess;Lcom/mojang/datafixers/DataFixer;Lnet/minecraft/core/HolderGetter;Lorg/spongepowered/asm/mixin/injection/callback/CallbackInfo;)V won't be passed a CallbackInfo as a result
[14:46:50] [main/DEBUG] (FabricLoader/Mixin) Mixing BiomeSourceMixin from fabric-biome-api-v1.mixins.json into net.minecraft.world.level.biome.BiomeSource
[14:46:50] [main/DEBUG] (FabricLoader/Mixin) Mixing MultiNoiseBiomeSourceMixin from fabric-biome-api-v1.mixins.json into net.minecraft.world.level.biome.MultiNoiseBiomeSource
[14:46:50] [main/DEBUG] (FabricLoader/Mixin) Mixing NetherBiomePresetMixin from fabric-biome-api-v1.mixins.json into net.minecraft.world.level.biome.MultiNoiseBiomeSourceParameterList$Preset$1
[14:46:50] [main/DEBUG] (FabricLoader/Mixin) fabric-biome-api-v1.mixins.json:NetherBiomePresetMixin from mod fabric-biome-api-v1->@Inject::apply(Ljava/util/function/Function;Lorg/spongepowered/asm/mixin/injection/callback/CallbackInfoReturnable;)V does use it's CallbackInfoReturnable
[14:46:50] [main/DEBUG] (FabricLoader/Mixin) Mixing RegistryOpsAccessor from fabric-resource-conditions-api-v1.mixins.json into net.minecraft.resources.RegistryOps
[14:46:50] [main/DEBUG] (FabricLoader/Mixin) Mixing TheEndBiomeSourceMixin from fabric-biome-api-v1.mixins.json into net.minecraft.world.level.biome.TheEndBiomeSource
[14:46:50] [main/DEBUG] (FabricLoader/Mixin) Renaming synthetic method lambda$init$0(Lnet/minecraft/core/HolderGetter;)Lnet/fabricmc/fabric/impl/biome/TheEndBiomeData$Overrides; to md46f0ef$fabric-biome-api-v1$lambda$init$0$0 in fabric-biome-api-v1.mixins.json:TheEndBiomeSourceMixin from mod fabric-biome-api-v1
[14:46:50] [main/DEBUG] (FabricLoader/Mixin) Renaming synthetic method lambda$modifyCodec$0(Lcom/mojang/serialization/codecs/RecordCodecBuilder$Instance;)Lcom/mojang/datafixers/kinds/App; to md46f0ef$fabric-biome-api-v1$lambda$modifyCodec$0$1 in fabric-biome-api-v1.mixins.json:TheEndBiomeSourceMixin from mod fabric-biome-api-v1
[14:46:50] [main/DEBUG] (FabricLoader/Mixin) fabric-biome-api-v1.mixins.json:TheEndBiomeSourceMixin from mod fabric-biome-api-v1->@Inject::modifyCodec(Lorg/spongepowered/asm/mixin/injection/callback/CallbackInfo;)V doesn't use it's CallbackInfo
[14:46:50] [main/DEBUG] (FabricLoader/Mixin) fabric-biome-api-v1.mixins.json:TheEndBiomeSourceMixin from mod fabric-biome-api-v1->@Inject::rememberLookup(Lnet/minecraft/core/HolderGetter;Lorg/spongepowered/asm/mixin/injection/callback/CallbackInfoReturnable;)V doesn't use it's CallbackInfoReturnable
[14:46:50] [main/DEBUG] (FabricLoader/Mixin) fabric-biome-api-v1.mixins.json:TheEndBiomeSourceMixin from mod fabric-biome-api-v1->@Inject::clearLookup(Lnet/minecraft/core/HolderGetter;Lorg/spongepowered/asm/mixin/injection/callback/CallbackInfoReturnable;)V doesn't use it's CallbackInfoReturnable
[14:46:50] [main/DEBUG] (FabricLoader/Mixin) fabric-biome-api-v1.mixins.json:TheEndBiomeSourceMixin from mod fabric-biome-api-v1->@Inject::init(Lnet/minecraft/core/Holder;Lnet/minecraft/core/Holder;Lnet/minecraft/core/Holder;Lnet/minecraft/core/Holder;Lnet/minecraft/core/Holder;Lorg/spongepowered/asm/mixin/injection/callback/CallbackInfo;)V doesn't use it's CallbackInfo
[14:46:50] [main/DEBUG] (FabricLoader/Mixin) fabric-biome-api-v1.mixins.json:TheEndBiomeSourceMixin from mod fabric-biome-api-v1->@Inject::init(Lnet/minecraft/core/Holder;Lnet/minecraft/core/Holder;Lnet/minecraft/core/Holder;Lnet/minecraft/core/Holder;Lnet/minecraft/core/Holder;Lorg/spongepowered/asm/mixin/injection/callback/CallbackInfo;)V has 0 override(s) in child classes
[14:46:50] [main/DEBUG] (FabricLoader/Mixin) fabric-biome-api-v1.mixins.json:TheEndBiomeSourceMixin from mod fabric-biome-api-v1->@Inject::init(Lnet/minecraft/core/Holder;Lnet/minecraft/core/Holder;Lnet/minecraft/core/Holder;Lnet/minecraft/core/Holder;Lnet/minecraft/core/Holder;Lorg/spongepowered/asm/mixin/injection/callback/CallbackInfo;)V won't be passed a CallbackInfo as a result
[14:46:50] [main/DEBUG] (FabricLoader/Mixin) fabric-biome-api-v1.mixins.json:TheEndBiomeSourceMixin from mod fabric-biome-api-v1->@Inject::getWeightedEndBiome(IIILnet/minecraft/world/level/biome/Climate$Sampler;Lorg/spongepowered/asm/mixin/injection/callback/CallbackInfoReturnable;)V does use it's CallbackInfoReturnable
[14:46:50] [main/DEBUG] (FabricLoader/Mixin) fabric-biome-api-v1.mixins.json:TheEndBiomeSourceMixin from mod fabric-biome-api-v1->@Inject::getWeightedEndBiome(IIILnet/minecraft/world/level/biome/Climate$Sampler;Lorg/spongepowered/asm/mixin/injection/callback/CallbackInfoReturnable;)V does use it's CallbackInfoReturnable
[14:46:50] [main/DEBUG] (FabricLoader/Mixin) fabric-biome-api-v1.mixins.json:TheEndBiomeSourceMixin from mod fabric-biome-api-v1->@Inject::getWeightedEndBiome(IIILnet/minecraft/world/level/biome/Climate$Sampler;Lorg/spongepowered/asm/mixin/injection/callback/CallbackInfoReturnable;)V does use it's CallbackInfoReturnable
[14:46:50] [main/DEBUG] (FabricLoader/Mixin) fabric-biome-api-v1.mixins.json:TheEndBiomeSourceMixin from mod fabric-biome-api-v1->@Inject::getWeightedEndBiome(IIILnet/minecraft/world/level/biome/Climate$Sampler;Lorg/spongepowered/asm/mixin/injection/callback/CallbackInfoReturnable;)V does use it's CallbackInfoReturnable
[14:46:50] [main/DEBUG] (FabricLoader/Mixin) fabric-biome-api-v1.mixins.json:TheEndBiomeSourceMixin from mod fabric-biome-api-v1->@Inject::getWeightedEndBiome(IIILnet/minecraft/world/level/biome/Climate$Sampler;Lorg/spongepowered/asm/mixin/injection/callback/CallbackInfoReturnable;)V does use it's CallbackInfoReturnable
[14:46:50] [main/DEBUG] (FabricLoader/Mixin) Mixing DebugLevelSourceAccessor from fabric-registry-sync-v0.mixins.json into net.minecraft.world.level.levelgen.DebugLevelSource
[14:46:50] [main/DEBUG] (FabricLoader/Mixin) Renaming @Accessor method setALL_BLOCKS(Ljava/util/List;)V to setALL_BLOCKS$fabric-registry-sync-v0_$md$46f0ef$0 in fabric-registry-sync-v0.mixins.json:DebugLevelSourceAccessor from mod fabric-registry-sync-v0
[14:46:50] [main/DEBUG] (FabricLoader/Mixin) Renaming @Accessor method setGRID_WIDTH(I)V to setGRID_WIDTH$fabric-registry-sync-v0_$md$46f0ef$1 in fabric-registry-sync-v0.mixins.json:DebugLevelSourceAccessor from mod fabric-registry-sync-v0
[14:46:50] [main/DEBUG] (FabricLoader/Mixin) Renaming @Accessor method setGRID_HEIGHT(I)V to setGRID_HEIGHT$fabric-registry-sync-v0_$md$46f0ef$2 in fabric-registry-sync-v0.mixins.json:DebugLevelSourceAccessor from mod fabric-registry-sync-v0
[14:46:50] [main/DEBUG] (FabricLoader/Mixin) Mixing GameRulesServiceGameRuleUpdateMixin from fabric-game-rule-api-v1.mixins.json into net.minecraft.server.jsonrpc.methods.GameRulesService$GameRuleUpdate
[14:46:50] [main/DEBUG] (FabricLoader/Mixin) Renaming synthetic method lambda$fabric_createTypedCodec$0(Lnet/minecraft/world/level/gamerules/GameRule;Lcom/mojang/serialization/codecs/RecordCodecBuilder$Instance;)Lcom/mojang/datafixers/kinds/App; to md46f0ef$fabric-game-rule-api-v1$lambda$fabric_createTypedCodec$0$0 in fabric-game-rule-api-v1.mixins.json:GameRulesServiceGameRuleUpdateMixin from mod fabric-game-rule-api-v1
[14:46:50] [main/DEBUG] (FabricLoader/Mixin) Renaming synthetic method lambda$fabric_createTypedCodec$2(Lnet/minecraft/world/level/gamerules/GameRule;Lnet/fabricmc/fabric/impl/gamerule/rpc/FabricGameRuleType;Ljava/lang/Object;)Lnet/minecraft/server/jsonrpc/methods/GameRulesService$GameRuleUpdate; to md46f0ef$fabric-game-rule-api-v1$lambda$fabric_createTypedCodec$2$1 in fabric-game-rule-api-v1.mixins.json:GameRulesServiceGameRuleUpdateMixin from mod fabric-game-rule-api-v1
[14:46:50] [main/DEBUG] (FabricLoader/Mixin) Renaming synthetic method lambda$fabric_createTypedCodec$1(Lnet/minecraft/server/jsonrpc/methods/GameRulesService$GameRuleUpdate;)Lnet/fabricmc/fabric/impl/gamerule/rpc/FabricGameRuleType; to md46f0ef$fabric-game-rule-api-v1$lambda$fabric_createTypedCodec$1$2 in fabric-game-rule-api-v1.mixins.json:GameRulesServiceGameRuleUpdateMixin from mod fabric-game-rule-api-v1
[14:46:50] [main/DEBUG] (FabricLoader/Mixin) Renaming synthetic method lambda$getValueAndFabricTypeCodec$1(Lnet/minecraft/server/jsonrpc/methods/GameRulesService$GameRuleUpdate;)Lcom/mojang/datafixers/util/Either; to md46f0ef$fabric-game-rule-api-v1$lambda$getValueAndFabricTypeCodec$1$3 in fabric-game-rule-api-v1.mixins.json:GameRulesServiceGameRuleUpdateMixin from mod fabric-game-rule-api-v1
[14:46:50] [main/DEBUG] (FabricLoader/Mixin) Renaming synthetic method lambda$getValueAndFabricTypeCodec$0(Lcom/mojang/datafixers/util/Either;)Lnet/minecraft/server/jsonrpc/methods/GameRulesService$GameRuleUpdate; to md46f0ef$fabric-game-rule-api-v1$lambda$getValueAndFabricTypeCodec$0$4 in fabric-game-rule-api-v1.mixins.json:GameRulesServiceGameRuleUpdateMixin from mod fabric-game-rule-api-v1
[14:46:50] [main/DEBUG] (FabricLoader/Mixin) fabric-game-rule-api-v1.mixins.json:GameRulesServiceGameRuleUpdateMixin from mod fabric-game-rule-api-v1->@Inject::updateFabricType(Lnet/minecraft/world/level/gamerules/GameRule;Ljava/lang/Object;Lorg/spongepowered/asm/mixin/injection/callback/CallbackInfo;)V doesn't use it's CallbackInfo
[14:46:50] [main/DEBUG] (FabricLoader/Mixin) Mixing item.CuboidItemModelWrapperMixin from fabric-renderer-api-v1.mixins.json into net.minecraft.client.renderer.item.CuboidItemModelWrapper
[14:46:50] [main/DEBUG] (FabricLoader/Mixin) fabric-renderer-api-v1.mixins.json:item.CuboidItemModelWrapperMixin from mod fabric-renderer-api-v1->@Inject::onReturnInit(Ljava/util/List;Lnet/minecraft/client/resources/model/geometry/QuadCollection;Lnet/minecraft/client/renderer/item/ModelRenderProperties;Lorg/joml/Matrix4fc;Lorg/spongepowered/asm/mixin/injection/callback/CallbackInfo;)V doesn't use it's CallbackInfo
[14:46:50] [main/DEBUG] (FabricLoader/Mixin) fabric-renderer-api-v1.mixins.json:item.CuboidItemModelWrapperMixin from mod fabric-renderer-api-v1->@Inject::onReturnInit(Ljava/util/List;Lnet/minecraft/client/resources/model/geometry/QuadCollection;Lnet/minecraft/client/renderer/item/ModelRenderProperties;Lorg/joml/Matrix4fc;Lorg/spongepowered/asm/mixin/injection/callback/CallbackInfo;)V has 0 override(s) in child classes
[14:46:50] [main/DEBUG] (FabricLoader/Mixin) fabric-renderer-api-v1.mixins.json:item.CuboidItemModelWrapperMixin from mod fabric-renderer-api-v1->@Inject::onReturnInit(Ljava/util/List;Lnet/minecraft/client/resources/model/geometry/QuadCollection;Lnet/minecraft/client/renderer/item/ModelRenderProperties;Lorg/joml/Matrix4fc;Lorg/spongepowered/asm/mixin/injection/callback/CallbackInfo;)V won't be passed a CallbackInfo as a result
[14:46:50] [main/DEBUG] (FabricLoader/Mixin) fabric-renderer-api-v1.mixins.json:item.CuboidItemModelWrapperMixin from mod fabric-renderer-api-v1->@Inject::onReturnUpdate(Lnet/minecraft/client/renderer/item/ItemStackRenderState;Lnet/minecraft/world/item/ItemStack;Lnet/minecraft/client/renderer/item/ItemModelResolver;Lnet/minecraft/world/item/ItemDisplayContext;Lnet/minecraft/client/multiplayer/ClientLevel;Lnet/minecraft/world/entity/ItemOwner;ILorg/spongepowered/asm/mixin/injection/callback/CallbackInfo;)V doesn't use it's CallbackInfo
[14:46:50] [main/DEBUG] (FabricLoader/Mixin) fabric-renderer-api-v1.mixins.json:item.CuboidItemModelWrapperMixin from mod fabric-renderer-api-v1->@Inject::onReturnUpdate(Lnet/minecraft/client/renderer/item/ItemStackRenderState;Lnet/minecraft/world/item/ItemStack;Lnet/minecraft/client/renderer/item/ItemModelResolver;Lnet/minecraft/world/item/ItemDisplayContext;Lnet/minecraft/client/multiplayer/ClientLevel;Lnet/minecraft/world/entity/ItemOwner;ILorg/spongepowered/asm/mixin/injection/callback/CallbackInfo;)V has 0 override(s) in child classes
[14:46:50] [main/DEBUG] (FabricLoader/Mixin) fabric-renderer-api-v1.mixins.json:item.CuboidItemModelWrapperMixin from mod fabric-renderer-api-v1->@Inject::onReturnUpdate(Lnet/minecraft/client/renderer/item/ItemStackRenderState;Lnet/minecraft/world/item/ItemStack;Lnet/minecraft/client/renderer/item/ItemModelResolver;Lnet/minecraft/world/item/ItemDisplayContext;Lnet/minecraft/client/multiplayer/ClientLevel;Lnet/minecraft/world/entity/ItemOwner;ILorg/spongepowered/asm/mixin/injection/callback/CallbackInfo;)V won't be passed a CallbackInfo as a result
[14:46:50] [main/DEBUG] (FabricLoader/Mixin) Mixing ModelMixin from fabric-rendering-v1.mixins.json into net.minecraft.client.model.Model
[14:46:50] [main/DEBUG] (FabricLoader/Mixin) Renaming synthetic method lambda$copyTransforms$0(Ljava/lang/String;Lnet/minecraft/client/model/geom/ModelPart;)V to md46f0ef$fabric-rendering-v1$lambda$copyTransforms$0$0 in fabric-rendering-v1.mixins.json:ModelMixin from mod fabric-rendering-v1
[14:46:50] [main/DEBUG] (FabricLoader/Mixin) Mixing client.render.ModelMixin from trinkets.mixins.json into net.minecraft.client.model.Model
[14:46:50] [main/DEBUG] (FabricLoader/Mixin) fabric-rendering-v1.mixins.json:ModelMixin from mod fabric-rendering-v1->@Inject::fillChildPartMap(Lnet/minecraft/client/model/geom/ModelPart;Ljava/util/function/Function;Lorg/spongepowered/asm/mixin/injection/callback/CallbackInfo;)V doesn't use it's CallbackInfo
[14:46:50] [main/DEBUG] (FabricLoader/Mixin) fabric-rendering-v1.mixins.json:ModelMixin from mod fabric-rendering-v1->@Inject::fillChildPartMap(Lnet/minecraft/client/model/geom/ModelPart;Ljava/util/function/Function;Lorg/spongepowered/asm/mixin/injection/callback/CallbackInfo;)V has 0 override(s) in child classes
[14:46:50] [main/DEBUG] (FabricLoader/Mixin) fabric-rendering-v1.mixins.json:ModelMixin from mod fabric-rendering-v1->@Inject::fillChildPartMap(Lnet/minecraft/client/model/geom/ModelPart;Ljava/util/function/Function;Lorg/spongepowered/asm/mixin/injection/callback/CallbackInfo;)V won't be passed a CallbackInfo as a result
[14:46:50] [main/DEBUG] (FabricLoader/Mixin) Mixing KeyMappingAccessor from fabric-key-mapping-api-v1.mixins.json into net.minecraft.client.KeyMapping
[14:46:50] [main/DEBUG] (FabricLoader/Mixin) Mixing KeyMappingAccessor from fabric-events-interaction-v0.client.mixins.json into net.minecraft.client.KeyMapping
[14:46:50] [main/DEBUG] (FabricLoader/Mixin) Mixing SpriteSourcesAccessor from fabric-rendering-v1.mixins.json into net.minecraft.client.renderer.texture.atlas.SpriteSources
[14:46:50] [main/DEBUG] (FabricLoader/Mixin) Renaming @Accessor method getSpriteSourceCodecs()Lnet/minecraft/util/ExtraCodecs$LateBoundIdMapper; to getSpriteSourceCodecs$fabric-rendering-v1_$md$46f0ef$0 in fabric-rendering-v1.mixins.json:SpriteSourcesAccessor from mod fabric-rendering-v1
[14:46:50] [main/DEBUG] (FabricLoader/Mixin) Mixing ScreenMixin from jei.mixins.json into net.minecraft.client.gui.screens.Screen
[14:46:50] [main/DEBUG] (FabricLoader/Mixin) Renaming synthetic method lambda$drawForeground$0(Lnet/minecraft/client/gui/screens/Screen;Lnet/minecraft/client/gui/GuiGraphicsExtractor;II)V to md46f0ef$jei$lambda$drawForeground$0$0 in jei.mixins.json:ScreenMixin from mod jei
[14:46:50] [main/DEBUG] (FabricLoader/Mixin) Renaming synthetic method lambda$drawBackground$0(Lnet/minecraft/client/gui/screens/Screen;Lnet/minecraft/client/gui/GuiGraphicsExtractor;)V to md46f0ef$jei$lambda$drawBackground$0$1 in jei.mixins.json:ScreenMixin from mod jei
[14:46:50] [main/DEBUG] (FabricLoader/Mixin) Mixing ScreenAccessor from fabric-screen-api-v1.mixins.json into net.minecraft.client.gui.screens.Screen
[14:46:50] [main/DEBUG] (FabricLoader/Mixin) Mixing ScreenMixin from fabric-screen-api-v1.mixins.json into net.minecraft.client.gui.screens.Screen
[14:46:50] [main/DEBUG] (FabricLoader/Mixin) jei.mixins.json:ScreenMixin from mod jei->@Inject::drawBackground(Lnet/minecraft/client/gui/GuiGraphicsExtractor;IIFLorg/spongepowered/asm/mixin/injection/callback/CallbackInfo;)V doesn't use it's CallbackInfo
[14:46:50] [main/DEBUG] (FabricLoader/Mixin) jei.mixins.json:ScreenMixin from mod jei->@Inject::drawBackground(Lnet/minecraft/client/gui/GuiGraphicsExtractor;IIFLorg/spongepowered/asm/mixin/injection/callback/CallbackInfo;)V has 0 override(s) in child classes
[14:46:50] [main/DEBUG] (FabricLoader/Mixin) jei.mixins.json:ScreenMixin from mod jei->@Inject::drawBackground(Lnet/minecraft/client/gui/GuiGraphicsExtractor;IIFLorg/spongepowered/asm/mixin/injection/callback/CallbackInfo;)V won't be passed a CallbackInfo as a result
[14:46:50] [main/DEBUG] (FabricLoader/Mixin) jei.mixins.json:ScreenMixin from mod jei->@Inject::drawForeground(Lnet/minecraft/client/gui/GuiGraphicsExtractor;IIFLorg/spongepowered/asm/mixin/injection/callback/CallbackInfo;)V doesn't use it's CallbackInfo
[14:46:50] [main/DEBUG] (FabricLoader/Mixin) jei.mixins.json:ScreenMixin from mod jei->@Inject::drawForeground(Lnet/minecraft/client/gui/GuiGraphicsExtractor;IIFLorg/spongepowered/asm/mixin/injection/callback/CallbackInfo;)V has 0 override(s) in child classes
[14:46:50] [main/DEBUG] (FabricLoader/Mixin) jei.mixins.json:ScreenMixin from mod jei->@Inject::drawForeground(Lnet/minecraft/client/gui/GuiGraphicsExtractor;IIFLorg/spongepowered/asm/mixin/injection/callback/CallbackInfo;)V won't be passed a CallbackInfo as a result
[14:46:50] [main/DEBUG] (FabricLoader/Mixin) fabric-screen-api-v1.mixins.json:ScreenMixin from mod fabric-screen-api-v1->@Inject::extractBackground(Lnet/minecraft/client/gui/GuiGraphicsExtractor;IIFLorg/spongepowered/asm/mixin/injection/callback/CallbackInfo;)V doesn't use it's CallbackInfo
[14:46:50] [main/DEBUG] (FabricLoader/Mixin) fabric-screen-api-v1.mixins.json:ScreenMixin from mod fabric-screen-api-v1->@Inject::extractForeground(Lnet/minecraft/client/gui/GuiGraphicsExtractor;IIFLorg/spongepowered/asm/mixin/injection/callback/CallbackInfo;)V doesn't use it's CallbackInfo
[14:46:50] [main/DEBUG] (FabricLoader/Mixin) fabric-screen-api-v1.mixins.json:ScreenMixin from mod fabric-screen-api-v1->@Inject::beforeInitScreen(IILorg/spongepowered/asm/mixin/injection/callback/CallbackInfo;)V doesn't use it's CallbackInfo
[14:46:50] [main/DEBUG] (FabricLoader/Mixin) fabric-screen-api-v1.mixins.json:ScreenMixin from mod fabric-screen-api-v1->@Inject::beforeInitScreen(IILorg/spongepowered/asm/mixin/injection/callback/CallbackInfo;)V has 0 override(s) in child classes
[14:46:50] [main/DEBUG] (FabricLoader/Mixin) fabric-screen-api-v1.mixins.json:ScreenMixin from mod fabric-screen-api-v1->@Inject::beforeInitScreen(IILorg/spongepowered/asm/mixin/injection/callback/CallbackInfo;)V won't be passed a CallbackInfo as a result
[14:46:50] [main/DEBUG] (FabricLoader/Mixin) fabric-screen-api-v1.mixins.json:ScreenMixin from mod fabric-screen-api-v1->@Inject::afterInitScreen(IILorg/spongepowered/asm/mixin/injection/callback/CallbackInfo;)V doesn't use it's CallbackInfo
[14:46:50] [main/DEBUG] (FabricLoader/Mixin) fabric-screen-api-v1.mixins.json:ScreenMixin from mod fabric-screen-api-v1->@Inject::afterInitScreen(IILorg/spongepowered/asm/mixin/injection/callback/CallbackInfo;)V has 0 override(s) in child classes
[14:46:50] [main/DEBUG] (FabricLoader/Mixin) fabric-screen-api-v1.mixins.json:ScreenMixin from mod fabric-screen-api-v1->@Inject::afterInitScreen(IILorg/spongepowered/asm/mixin/injection/callback/CallbackInfo;)V won't be passed a CallbackInfo as a result
[14:46:50] [main/DEBUG] (FabricLoader/Mixin) fabric-screen-api-v1.mixins.json:ScreenMixin from mod fabric-screen-api-v1->@Inject::beforeResizeScreen(IILorg/spongepowered/asm/mixin/injection/callback/CallbackInfo;)V doesn't use it's CallbackInfo
[14:46:50] [main/DEBUG] (FabricLoader/Mixin) fabric-screen-api-v1.mixins.json:ScreenMixin from mod fabric-screen-api-v1->@Inject::beforeResizeScreen(IILorg/spongepowered/asm/mixin/injection/callback/CallbackInfo;)V has 0 override(s) in child classes
[14:46:50] [main/DEBUG] (FabricLoader/Mixin) fabric-screen-api-v1.mixins.json:ScreenMixin from mod fabric-screen-api-v1->@Inject::beforeResizeScreen(IILorg/spongepowered/asm/mixin/injection/callback/CallbackInfo;)V won't be passed a CallbackInfo as a result
[14:46:50] [main/DEBUG] (FabricLoader/Mixin) fabric-screen-api-v1.mixins.json:ScreenMixin from mod fabric-screen-api-v1->@Inject::afterResizeScreen(IILorg/spongepowered/asm/mixin/injection/callback/CallbackInfo;)V doesn't use it's CallbackInfo
[14:46:50] [main/DEBUG] (FabricLoader/Mixin) fabric-screen-api-v1.mixins.json:ScreenMixin from mod fabric-screen-api-v1->@Inject::afterResizeScreen(IILorg/spongepowered/asm/mixin/injection/callback/CallbackInfo;)V has 0 override(s) in child classes
[14:46:50] [main/DEBUG] (FabricLoader/Mixin) fabric-screen-api-v1.mixins.json:ScreenMixin from mod fabric-screen-api-v1->@Inject::afterResizeScreen(IILorg/spongepowered/asm/mixin/injection/callback/CallbackInfo;)V won't be passed a CallbackInfo as a result
[14:46:50] [main/DEBUG] (FabricLoader/Mixin) Mixing ClientLevelMixin from fabric-rendering-v1.mixins.json into net.minecraft.client.multiplayer.ClientLevel
[14:46:50] [main/DEBUG] (FabricLoader/Mixin) Renaming synthetic method lambda$new$0(Lnet/minecraft/world/level/ColorResolver;)Lnet/minecraft/client/color/block/BlockTintCache; to md46f0ef$fabric-rendering-v1$lambda$new$0$0 in fabric-rendering-v1.mixins.json:ClientLevelMixin from mod fabric-rendering-v1
[14:46:50] [main/DEBUG] (FabricLoader/Mixin) Renaming synthetic method lambda$new$1(Lnet/minecraft/world/level/ColorResolver;Lnet/minecraft/core/BlockPos;)I to md46f0ef$fabric-rendering-v1$lambda$new$1$1 in fabric-rendering-v1.mixins.json:ClientLevelMixin from mod fabric-rendering-v1
[14:46:50] [main/DEBUG] (FabricLoader/Mixin) Mixing ClientLevelMixin from fabric-lifecycle-events-v1.client.mixins.json into net.minecraft.client.multiplayer.ClientLevel
[14:46:50] [main/DEBUG] (FabricLoader/Mixin) Mixing ClientLevelMixin from fabric-data-attachment-api-v1.client.mixins.json into net.minecraft.client.multiplayer.ClientLevel
[14:46:50] [main/DEBUG] (FabricLoader/Mixin) fabric-rendering-v1.mixins.json:ClientLevelMixin from mod fabric-rendering-v1->@Inject::onResetChunkColor(Lnet/minecraft/world/level/ChunkPos;Lorg/spongepowered/asm/mixin/injection/callback/CallbackInfo;)V doesn't use it's CallbackInfo
[14:46:50] [main/DEBUG] (FabricLoader/Mixin) fabric-rendering-v1.mixins.json:ClientLevelMixin from mod fabric-rendering-v1->@Inject::onResetChunkColor(Lnet/minecraft/world/level/ChunkPos;Lorg/spongepowered/asm/mixin/injection/callback/CallbackInfo;)V has 0 override(s) in child classes
[14:46:50] [main/DEBUG] (FabricLoader/Mixin) fabric-rendering-v1.mixins.json:ClientLevelMixin from mod fabric-rendering-v1->@Inject::onResetChunkColor(Lnet/minecraft/world/level/ChunkPos;Lorg/spongepowered/asm/mixin/injection/callback/CallbackInfo;)V won't be passed a CallbackInfo as a result
[14:46:50] [main/DEBUG] (FabricLoader/Mixin) fabric-rendering-v1.mixins.json:ClientLevelMixin from mod fabric-rendering-v1->@Inject::onReloadColor(Lorg/spongepowered/asm/mixin/injection/callback/CallbackInfo;)V doesn't use it's CallbackInfo
[14:46:50] [main/DEBUG] (FabricLoader/Mixin) fabric-rendering-v1.mixins.json:ClientLevelMixin from mod fabric-rendering-v1->@Inject::onReloadColor(Lorg/spongepowered/asm/mixin/injection/callback/CallbackInfo;)V has 0 override(s) in child classes
[14:46:50] [main/DEBUG] (FabricLoader/Mixin) fabric-rendering-v1.mixins.json:ClientLevelMixin from mod fabric-rendering-v1->@Inject::onReloadColor(Lorg/spongepowered/asm/mixin/injection/callback/CallbackInfo;)V won't be passed a CallbackInfo as a result
[14:46:50] [main/DEBUG] (FabricLoader/Mixin) fabric-lifecycle-events-v1.client.mixins.json:ClientLevelMixin from mod fabric-lifecycle-events-v1->@Inject::startLevelTick(Lorg/spongepowered/asm/mixin/injection/callback/CallbackInfo;)V doesn't use it's CallbackInfo
[14:46:50] [main/DEBUG] (FabricLoader/Mixin) fabric-lifecycle-events-v1.client.mixins.json:ClientLevelMixin from mod fabric-lifecycle-events-v1->@Inject::startLevelTick(Lorg/spongepowered/asm/mixin/injection/callback/CallbackInfo;)V has 0 override(s) in child classes
[14:46:50] [main/DEBUG] (FabricLoader/Mixin) fabric-lifecycle-events-v1.client.mixins.json:ClientLevelMixin from mod fabric-lifecycle-events-v1->@Inject::startLevelTick(Lorg/spongepowered/asm/mixin/injection/callback/CallbackInfo;)V won't be passed a CallbackInfo as a result
[14:46:50] [main/DEBUG] (FabricLoader/Mixin) fabric-lifecycle-events-v1.client.mixins.json:ClientLevelMixin from mod fabric-lifecycle-events-v1->@Inject::endLevelTick(Lorg/spongepowered/asm/mixin/injection/callback/CallbackInfo;)V doesn't use it's CallbackInfo
[14:46:50] [main/DEBUG] (FabricLoader/Mixin) fabric-lifecycle-events-v1.client.mixins.json:ClientLevelMixin from mod fabric-lifecycle-events-v1->@Inject::endLevelTick(Lorg/spongepowered/asm/mixin/injection/callback/CallbackInfo;)V has 0 override(s) in child classes
[14:46:50] [main/DEBUG] (FabricLoader/Mixin) fabric-lifecycle-events-v1.client.mixins.json:ClientLevelMixin from mod fabric-lifecycle-events-v1->@Inject::endLevelTick(Lorg/spongepowered/asm/mixin/injection/callback/CallbackInfo;)V won't be passed a CallbackInfo as a result
[14:46:50] [main/DEBUG] (FabricLoader/Mixin) Mixing LocalPlayerMixin from fabric-content-registries-v0.client.mixins.json into net.minecraft.client.player.LocalPlayer
[14:46:50] [main/DEBUG] (FabricLoader/Mixin) Mixing LocalPlayerMixin from fabric-networking-api-v1.client.mixins.json into net.minecraft.client.player.LocalPlayer
[14:46:50] [main/DEBUG] (FabricLoader/Mixin) Mixing client.AbstractWidgetMixin from trinkets.mixins.json into net.minecraft.client.gui.components.AbstractWidget
[14:46:50] [main/DEBUG] (FabricLoader/Mixin) trinkets.mixins.json:client.AbstractWidgetMixin from mod trinkets_updated->@Inject::render(Lnet/minecraft/client/gui/GuiGraphicsExtractor;IIFLorg/spongepowered/asm/mixin/injection/callback/CallbackInfo;)V doesn't use it's CallbackInfo
[14:46:50] [main/DEBUG] (FabricLoader/Mixin) trinkets.mixins.json:client.AbstractWidgetMixin from mod trinkets_updated->@Inject::render(Lnet/minecraft/client/gui/GuiGraphicsExtractor;IIFLorg/spongepowered/asm/mixin/injection/callback/CallbackInfo;)V has 0 override(s) in child classes
[14:46:50] [main/DEBUG] (FabricLoader/Mixin) trinkets.mixins.json:client.AbstractWidgetMixin from mod trinkets_updated->@Inject::render(Lnet/minecraft/client/gui/GuiGraphicsExtractor;IIFLorg/spongepowered/asm/mixin/injection/callback/CallbackInfo;)V won't be passed a CallbackInfo as a result
[14:46:50] [main/DEBUG] (FabricLoader/Mixin) trinkets.mixins.json:client.AbstractWidgetMixin from mod trinkets_updated->@Inject::mouseClicked(Lnet/minecraft/client/input/MouseButtonEvent;ZLorg/spongepowered/asm/mixin/injection/callback/CallbackInfoReturnable;)V does use it's CallbackInfoReturnable
[14:46:50] [main/DEBUG] (FabricLoader/Mixin) Mixing DefaultAttributesAccessor from fabric-object-builder-v1.mixins.json into net.minecraft.world.entity.ai.attributes.DefaultAttributes
[14:46:50] [main/DEBUG] (FabricLoader/Mixin) Renaming @Accessor method getRegistry()Ljava/util/Map; to getRegistry$fabric-object-builder-api-v1_$md$46f0ef$0 in fabric-object-builder-v1.mixins.json:DefaultAttributesAccessor from mod fabric-object-builder-api-v1
[14:46:50] [main/DEBUG] (FabricLoader/Mixin) Mixing DefaultAttributesMixin from fabric-object-builder-v1.mixins.json into net.minecraft.world.entity.ai.attributes.DefaultAttributes
[14:46:50] [main/DEBUG] (FabricLoader/Mixin) fabric-object-builder-v1.mixins.json:DefaultAttributesMixin from mod fabric-object-builder-api-v1->@Inject::injectAttributes(Lorg/spongepowered/asm/mixin/injection/callback/CallbackInfo;)V doesn't use it's CallbackInfo
[14:46:50] [main/DEBUG] (FabricLoader/Mixin) Mixing AttributeSupplierAccessor from fabric-object-builder-v1.mixins.json into net.minecraft.world.entity.ai.attributes.AttributeSupplier
[14:46:50] [main/DEBUG] (FabricLoader/Mixin) Mixing AttributeSupplierBuilderAccessor from fabric-object-builder-v1.mixins.json into net.minecraft.world.entity.ai.attributes.AttributeSupplier$Builder
[14:46:50] [main/DEBUG] (FabricLoader/Mixin) Mixing behaviour.PiglinAiMixin from trinkets.mixins.json into net.minecraft.world.entity.monster.piglin.PiglinAi
[14:46:50] [main/DEBUG] (FabricLoader/Mixin) Mixing menu.InventoryMenuMixin from satchels.mixins.json into net.minecraft.world.inventory.InventoryMenu
[14:46:50] [main/DEBUG] (FabricLoader/Mixin) Renaming synthetic method lambda$satchels$addMoreSlots$0(Lnet/minecraft/world/inventory/Slot;)V to md46f0ef$satchels$lambda$satchels$addMoreSlots$0$0 in satchels.mixins.json:menu.InventoryMenuMixin from mod satchels
[14:46:50] [main/DEBUG] (FabricLoader/Mixin) Mixing InventoryMenuMixin from trinkets.mixins.json into net.minecraft.world.inventory.InventoryMenu
[14:46:50] [main/DEBUG] (FabricLoader/Mixin) Renaming synthetic method lambda$trinkets$updateTrinketSlots$5(Leu/pb4/trinkets/impl/TrinketInventoryImpl;)Z to md46f0ef$trinkets_updated$lambda$trinkets$updateTrinketSlots$5$1 in trinkets.mixins.json:InventoryMenuMixin from mod trinkets_updated
[14:46:50] [main/DEBUG] (FabricLoader/Mixin) Renaming synthetic method lambda$trinkets$updateTrinketSlots$4(Leu/pb4/trinkets/impl/TrinketInventoryImpl;)Ljava/lang/String; to md46f0ef$trinkets_updated$lambda$trinkets$updateTrinketSlots$4$2 in trinkets.mixins.json:InventoryMenuMixin from mod trinkets_updated
[14:46:50] [main/DEBUG] (FabricLoader/Mixin) Renaming synthetic method lambda$trinkets$updateTrinketSlots$3(Leu/pb4/trinkets/impl/TrinketInventoryImpl;)I to md46f0ef$trinkets_updated$lambda$trinkets$updateTrinketSlots$3$3 in trinkets.mixins.json:InventoryMenuMixin from mod trinkets_updated
[14:46:50] [main/DEBUG] (FabricLoader/Mixin) Renaming synthetic method lambda$trinkets$updateTrinketSlots$2(Leu/pb4/trinkets/impl/TrinketInventoryImpl;)Ljava/lang/String; to md46f0ef$trinkets_updated$lambda$trinkets$updateTrinketSlots$2$4 in trinkets.mixins.json:InventoryMenuMixin from mod trinkets_updated
[14:46:50] [main/DEBUG] (FabricLoader/Mixin) Renaming synthetic method lambda$trinkets$updateTrinketSlots$1(Leu/pb4/trinkets/impl/TrinketInventoryImpl;)I to md46f0ef$trinkets_updated$lambda$trinkets$updateTrinketSlots$1$5 in trinkets.mixins.json:InventoryMenuMixin from mod trinkets_updated
[14:46:50] [main/DEBUG] (FabricLoader/Mixin) Renaming synthetic method lambda$trinkets$updateTrinketSlots$0(Leu/pb4/trinkets/impl/TrinketInventoryImpl;)Z to md46f0ef$trinkets_updated$lambda$trinkets$updateTrinketSlots$0$6 in trinkets.mixins.json:InventoryMenuMixin from mod trinkets_updated
[14:46:50] [main/DEBUG] (FabricLoader/Mixin) satchels.mixins.json:menu.InventoryMenuMixin from mod satchels->@Inject::satchels$addMoreSlots(Lnet/minecraft/world/entity/player/Inventory;ZLnet/minecraft/world/entity/player/Player;Lorg/spongepowered/asm/mixin/injection/callback/CallbackInfo;)V doesn't use it's CallbackInfo
[14:46:50] [main/DEBUG] (FabricLoader/Mixin) satchels.mixins.json:menu.InventoryMenuMixin from mod satchels->@Inject::satchels$addMoreSlots(Lnet/minecraft/world/entity/player/Inventory;ZLnet/minecraft/world/entity/player/Player;Lorg/spongepowered/asm/mixin/injection/callback/CallbackInfo;)V has 0 override(s) in child classes
[14:46:50] [main/DEBUG] (FabricLoader/Mixin) satchels.mixins.json:menu.InventoryMenuMixin from mod satchels->@Inject::satchels$addMoreSlots(Lnet/minecraft/world/entity/player/Inventory;ZLnet/minecraft/world/entity/player/Player;Lorg/spongepowered/asm/mixin/injection/callback/CallbackInfo;)V won't be passed a CallbackInfo as a result
[14:46:50] [main/DEBUG] (FabricLoader/Mixin) trinkets.mixins.json:InventoryMenuMixin from mod trinkets_updated->@Inject::init(Lnet/minecraft/world/entity/player/Inventory;ZLnet/minecraft/world/entity/player/Player;Lorg/spongepowered/asm/mixin/injection/callback/CallbackInfo;)V doesn't use it's CallbackInfo
[14:46:50] [main/DEBUG] (FabricLoader/Mixin) trinkets.mixins.json:InventoryMenuMixin from mod trinkets_updated->@Inject::init(Lnet/minecraft/world/entity/player/Inventory;ZLnet/minecraft/world/entity/player/Player;Lorg/spongepowered/asm/mixin/injection/callback/CallbackInfo;)V has 0 override(s) in child classes
[14:46:50] [main/DEBUG] (FabricLoader/Mixin) trinkets.mixins.json:InventoryMenuMixin from mod trinkets_updated->@Inject::init(Lnet/minecraft/world/entity/player/Inventory;ZLnet/minecraft/world/entity/player/Player;Lorg/spongepowered/asm/mixin/injection/callback/CallbackInfo;)V won't be passed a CallbackInfo as a result
[14:46:50] [main/DEBUG] (FabricLoader/Mixin) trinkets.mixins.json:InventoryMenuMixin from mod trinkets_updated->@Inject::onClosed(Lnet/minecraft/world/entity/player/Player;Lorg/spongepowered/asm/mixin/injection/callback/CallbackInfo;)V doesn't use it's CallbackInfo
[14:46:50] [main/DEBUG] (FabricLoader/Mixin) trinkets.mixins.json:InventoryMenuMixin from mod trinkets_updated->@Inject::onClosed(Lnet/minecraft/world/entity/player/Player;Lorg/spongepowered/asm/mixin/injection/callback/CallbackInfo;)V has 0 override(s) in child classes
[14:46:50] [main/DEBUG] (FabricLoader/Mixin) trinkets.mixins.json:InventoryMenuMixin from mod trinkets_updated->@Inject::onClosed(Lnet/minecraft/world/entity/player/Player;Lorg/spongepowered/asm/mixin/injection/callback/CallbackInfo;)V won't be passed a CallbackInfo as a result
[14:46:50] [main/DEBUG] (FabricLoader/Mixin) trinkets.mixins.json:InventoryMenuMixin from mod trinkets_updated->@Inject::quickMove(Lnet/minecraft/world/entity/player/Player;ILorg/spongepowered/asm/mixin/injection/callback/CallbackInfoReturnable;)V does use it's CallbackInfoReturnable
[14:46:50] [Render thread/DEBUG] (FabricLoader/Mixin) Mixing MinecraftMixin from jei.mixins.json into net.minecraft.client.Minecraft
[14:46:50] [Render thread/DEBUG] (FabricLoader/Mixin) Mixing accessor.MinecraftAccessor from fabric-networking-api-v1.client.mixins.json into net.minecraft.client.Minecraft
[14:46:50] [Render thread/DEBUG] (FabricLoader/Mixin) Mixing MinecraftMixin from fabric-screen-api-v1.mixins.json into net.minecraft.client.Minecraft
[14:46:50] [Render thread/DEBUG] (FabricLoader/Mixin) Mixing MinecraftMixin from fabric-events-interaction-v0.client.mixins.json into net.minecraft.client.Minecraft
[14:46:50] [Render thread/DEBUG] (FabricLoader/Mixin) Mixing MinecraftMixin from fabric-lifecycle-events-v1.client.mixins.json into net.minecraft.client.Minecraft
[14:46:50] [Render thread/DEBUG] (FabricLoader/Mixin) Mixing MinecraftMixin from fabric-data-generation-api-v1.client.mixins.json into net.minecraft.client.Minecraft
[14:46:50] [Render thread/DEBUG] (FabricLoader/Mixin) Mixing client.MinecraftClientMixin from yumi_mc_core.mixins.json into net.minecraft.client.Minecraft
[14:46:50] [Render thread/DEBUG] (FabricLoader/Mixin) Mixing MinecraftMixin from fabric-registry-sync-v0.client.mixins.json into net.minecraft.client.Minecraft
[14:46:50] [Render thread/DEBUG] (FabricLoader/Mixin) jei.mixins.json:MinecraftMixin from mod jei->@Inject::beforeInitialResourceReload(Lnet/minecraft/client/main/GameConfig;Lorg/spongepowered/asm/mixin/injection/callback/CallbackInfo;)V doesn't use it's CallbackInfo
[14:46:50] [Render thread/DEBUG] (FabricLoader/Mixin) jei.mixins.json:MinecraftMixin from mod jei->@Inject::beforeInitialResourceReload(Lnet/minecraft/client/main/GameConfig;Lorg/spongepowered/asm/mixin/injection/callback/CallbackInfo;)V has 0 override(s) in child classes
[14:46:50] [Render thread/DEBUG] (FabricLoader/Mixin) jei.mixins.json:MinecraftMixin from mod jei->@Inject::beforeInitialResourceReload(Lnet/minecraft/client/main/GameConfig;Lorg/spongepowered/asm/mixin/injection/callback/CallbackInfo;)V won't be passed a CallbackInfo as a result
[14:46:50] [Render thread/DEBUG] (FabricLoader/Mixin) jei.mixins.json:MinecraftMixin from mod jei->@Inject::updateLevelInEngines(Lnet/minecraft/client/multiplayer/ClientLevel;ZLorg/spongepowered/asm/mixin/injection/callback/CallbackInfo;)V doesn't use it's CallbackInfo
[14:46:50] [Render thread/DEBUG] (FabricLoader/Mixin) jei.mixins.json:MinecraftMixin from mod jei->@Inject::updateLevelInEngines(Lnet/minecraft/client/multiplayer/ClientLevel;ZLorg/spongepowered/asm/mixin/injection/callback/CallbackInfo;)V has 0 override(s) in child classes
[14:46:50] [Render thread/DEBUG] (FabricLoader/Mixin) jei.mixins.json:MinecraftMixin from mod jei->@Inject::updateLevelInEngines(Lnet/minecraft/client/multiplayer/ClientLevel;ZLorg/spongepowered/asm/mixin/injection/callback/CallbackInfo;)V won't be passed a CallbackInfo as a result
[14:46:50] [Render thread/DEBUG] (FabricLoader/Mixin) fabric-screen-api-v1.mixins.json:MinecraftMixin from mod fabric-screen-api-v1->@Inject::onInit(Lorg/spongepowered/asm/mixin/injection/callback/CallbackInfo;)V doesn't use it's CallbackInfo
[14:46:50] [Render thread/DEBUG] (FabricLoader/Mixin) fabric-screen-api-v1.mixins.json:MinecraftMixin from mod fabric-screen-api-v1->@Inject::onInit(Lorg/spongepowered/asm/mixin/injection/callback/CallbackInfo;)V has 0 override(s) in child classes
[14:46:50] [Render thread/DEBUG] (FabricLoader/Mixin) fabric-screen-api-v1.mixins.json:MinecraftMixin from mod fabric-screen-api-v1->@Inject::onInit(Lorg/spongepowered/asm/mixin/injection/callback/CallbackInfo;)V won't be passed a CallbackInfo as a result
[14:46:50] [Render thread/DEBUG] (FabricLoader/Mixin) fabric-screen-api-v1.mixins.json:MinecraftMixin from mod fabric-screen-api-v1->@Inject::onScreenRemoveBecauseStopping(Lorg/spongepowered/asm/mixin/injection/callback/CallbackInfo;)V doesn't use it's CallbackInfo
[14:46:50] [Render thread/DEBUG] (FabricLoader/Mixin) fabric-screen-api-v1.mixins.json:MinecraftMixin from mod fabric-screen-api-v1->@Inject::onScreenRemoveBecauseStopping(Lorg/spongepowered/asm/mixin/injection/callback/CallbackInfo;)V has 0 override(s) in child classes
[14:46:50] [Render thread/DEBUG] (FabricLoader/Mixin) fabric-screen-api-v1.mixins.json:MinecraftMixin from mod fabric-screen-api-v1->@Inject::onScreenRemoveBecauseStopping(Lorg/spongepowered/asm/mixin/injection/callback/CallbackInfo;)V won't be passed a CallbackInfo as a result
[14:46:50] [Render thread/DEBUG] (FabricLoader/Mixin) fabric-screen-api-v1.mixins.json:MinecraftMixin from mod fabric-screen-api-v1->@Inject::beforeLoadingScreenTick(Lorg/spongepowered/asm/mixin/injection/callback/CallbackInfo;)V doesn't use it's CallbackInfo
[14:46:50] [Render thread/DEBUG] (FabricLoader/Mixin) fabric-screen-api-v1.mixins.json:MinecraftMixin from mod fabric-screen-api-v1->@Inject::beforeLoadingScreenTick(Lorg/spongepowered/asm/mixin/injection/callback/CallbackInfo;)V has 0 override(s) in child classes
[14:46:50] [Render thread/DEBUG] (FabricLoader/Mixin) fabric-screen-api-v1.mixins.json:MinecraftMixin from mod fabric-screen-api-v1->@Inject::beforeLoadingScreenTick(Lorg/spongepowered/asm/mixin/injection/callback/CallbackInfo;)V won't be passed a CallbackInfo as a result
[14:46:50] [Render thread/DEBUG] (FabricLoader/Mixin) fabric-screen-api-v1.mixins.json:MinecraftMixin from mod fabric-screen-api-v1->@Inject::afterLoadingScreenTick(Lorg/spongepowered/asm/mixin/injection/callback/CallbackInfo;)V doesn't use it's CallbackInfo
[14:46:50] [Render thread/DEBUG] (FabricLoader/Mixin) fabric-screen-api-v1.mixins.json:MinecraftMixin from mod fabric-screen-api-v1->@Inject::afterLoadingScreenTick(Lorg/spongepowered/asm/mixin/injection/callback/CallbackInfo;)V has 0 override(s) in child classes
[14:46:50] [Render thread/DEBUG] (FabricLoader/Mixin) fabric-screen-api-v1.mixins.json:MinecraftMixin from mod fabric-screen-api-v1->@Inject::afterLoadingScreenTick(Lorg/spongepowered/asm/mixin/injection/callback/CallbackInfo;)V won't be passed a CallbackInfo as a result
[14:46:50] [Render thread/DEBUG] (FabricLoader/Mixin) fabric-events-interaction-v0.client.mixins.json:MinecraftMixin from mod fabric-events-interaction-v0->@Inject::injectUseEntityCallback(Lorg/spongepowered/asm/mixin/injection/callback/CallbackInfo;)V does use it's CallbackInfo
[14:46:50] [Render thread/DEBUG] (FabricLoader/Mixin) fabric-events-interaction-v0.client.mixins.json:MinecraftMixin from mod fabric-events-interaction-v0->@Inject::injectHandleInputEventsForPreAttackCallback(Lorg/spongepowered/asm/mixin/injection/callback/CallbackInfo;)V doesn't use it's CallbackInfo
[14:46:50] [Render thread/DEBUG] (FabricLoader/Mixin) fabric-events-interaction-v0.client.mixins.json:MinecraftMixin from mod fabric-events-interaction-v0->@Inject::injectHandleInputEventsForPreAttackCallback(Lorg/spongepowered/asm/mixin/injection/callback/CallbackInfo;)V has 0 override(s) in child classes
[14:46:50] [Render thread/DEBUG] (FabricLoader/Mixin) fabric-events-interaction-v0.client.mixins.json:MinecraftMixin from mod fabric-events-interaction-v0->@Inject::injectHandleInputEventsForPreAttackCallback(Lorg/spongepowered/asm/mixin/injection/callback/CallbackInfo;)V won't be passed a CallbackInfo as a result
[14:46:50] [Render thread/DEBUG] (FabricLoader/Mixin) fabric-events-interaction-v0.client.mixins.json:MinecraftMixin from mod fabric-events-interaction-v0->@Inject::injectDoAttackForCancelling(Lorg/spongepowered/asm/mixin/injection/callback/CallbackInfoReturnable;)V does use it's CallbackInfoReturnable
[14:46:50] [Render thread/DEBUG] (FabricLoader/Mixin) fabric-events-interaction-v0.client.mixins.json:MinecraftMixin from mod fabric-events-interaction-v0->@Inject::injectHandleBlockBreakingForCancelling(ZLorg/spongepowered/asm/mixin/injection/callback/CallbackInfo;)V does use it's CallbackInfo
[14:46:50] [Render thread/DEBUG] (FabricLoader/Mixin) fabric-lifecycle-events-v1.client.mixins.json:MinecraftMixin from mod fabric-lifecycle-events-v1->@Inject::onStartTick(Lorg/spongepowered/asm/mixin/injection/callback/CallbackInfo;)V doesn't use it's CallbackInfo
[14:46:50] [Render thread/DEBUG] (FabricLoader/Mixin) fabric-lifecycle-events-v1.client.mixins.json:MinecraftMixin from mod fabric-lifecycle-events-v1->@Inject::onStartTick(Lorg/spongepowered/asm/mixin/injection/callback/CallbackInfo;)V has 0 override(s) in child classes
[14:46:50] [Render thread/DEBUG] (FabricLoader/Mixin) fabric-lifecycle-events-v1.client.mixins.json:MinecraftMixin from mod fabric-lifecycle-events-v1->@Inject::onStartTick(Lorg/spongepowered/asm/mixin/injection/callback/CallbackInfo;)V won't be passed a CallbackInfo as a result
[14:46:50] [Render thread/DEBUG] (FabricLoader/Mixin) fabric-lifecycle-events-v1.client.mixins.json:MinecraftMixin from mod fabric-lifecycle-events-v1->@Inject::onEndTick(Lorg/spongepowered/asm/mixin/injection/callback/CallbackInfo;)V doesn't use it's CallbackInfo
[14:46:50] [Render thread/DEBUG] (FabricLoader/Mixin) fabric-lifecycle-events-v1.client.mixins.json:MinecraftMixin from mod fabric-lifecycle-events-v1->@Inject::onEndTick(Lorg/spongepowered/asm/mixin/injection/callback/CallbackInfo;)V has 0 override(s) in child classes
[14:46:50] [Render thread/DEBUG] (FabricLoader/Mixin) fabric-lifecycle-events-v1.client.mixins.json:MinecraftMixin from mod fabric-lifecycle-events-v1->@Inject::onEndTick(Lorg/spongepowered/asm/mixin/injection/callback/CallbackInfo;)V won't be passed a CallbackInfo as a result
[14:46:50] [Render thread/DEBUG] (FabricLoader/Mixin) fabric-lifecycle-events-v1.client.mixins.json:MinecraftMixin from mod fabric-lifecycle-events-v1->@Inject::onStopping(Lorg/spongepowered/asm/mixin/injection/callback/CallbackInfo;)V doesn't use it's CallbackInfo
[14:46:50] [Render thread/DEBUG] (FabricLoader/Mixin) fabric-lifecycle-events-v1.client.mixins.json:MinecraftMixin from mod fabric-lifecycle-events-v1->@Inject::onStopping(Lorg/spongepowered/asm/mixin/injection/callback/CallbackInfo;)V has 0 override(s) in child classes
[14:46:50] [Render thread/DEBUG] (FabricLoader/Mixin) fabric-lifecycle-events-v1.client.mixins.json:MinecraftMixin from mod fabric-lifecycle-events-v1->@Inject::onStopping(Lorg/spongepowered/asm/mixin/injection/callback/CallbackInfo;)V won't be passed a CallbackInfo as a result
[14:46:50] [Render thread/DEBUG] (FabricLoader/Mixin) fabric-lifecycle-events-v1.client.mixins.json:MinecraftMixin from mod fabric-lifecycle-events-v1->@Inject::onStart(Lorg/spongepowered/asm/mixin/injection/callback/CallbackInfo;)V doesn't use it's CallbackInfo
[14:46:50] [Render thread/DEBUG] (FabricLoader/Mixin) fabric-lifecycle-events-v1.client.mixins.json:MinecraftMixin from mod fabric-lifecycle-events-v1->@Inject::onStart(Lorg/spongepowered/asm/mixin/injection/callback/CallbackInfo;)V has 0 override(s) in child classes
[14:46:50] [Render thread/DEBUG] (FabricLoader/Mixin) fabric-lifecycle-events-v1.client.mixins.json:MinecraftMixin from mod fabric-lifecycle-events-v1->@Inject::onStart(Lorg/spongepowered/asm/mixin/injection/callback/CallbackInfo;)V won't be passed a CallbackInfo as a result
[14:46:50] [Render thread/DEBUG] (FabricLoader/Mixin) fabric-lifecycle-events-v1.client.mixins.json:MinecraftMixin from mod fabric-lifecycle-events-v1->@Inject::afterClientLevelChange(Lnet/minecraft/client/multiplayer/ClientLevel;ZLorg/spongepowered/asm/mixin/injection/callback/CallbackInfo;)V doesn't use it's CallbackInfo
[14:46:50] [Render thread/DEBUG] (FabricLoader/Mixin) fabric-lifecycle-events-v1.client.mixins.json:MinecraftMixin from mod fabric-lifecycle-events-v1->@Inject::afterClientLevelChange(Lnet/minecraft/client/multiplayer/ClientLevel;ZLorg/spongepowered/asm/mixin/injection/callback/CallbackInfo;)V has 0 override(s) in child classes
[14:46:50] [Render thread/DEBUG] (FabricLoader/Mixin) fabric-lifecycle-events-v1.client.mixins.json:MinecraftMixin from mod fabric-lifecycle-events-v1->@Inject::afterClientLevelChange(Lnet/minecraft/client/multiplayer/ClientLevel;ZLorg/spongepowered/asm/mixin/injection/callback/CallbackInfo;)V won't be passed a CallbackInfo as a result
[14:46:50] [Render thread/DEBUG] (FabricLoader/Mixin) fabric-data-generation-api-v1.client.mixins.json:MinecraftMixin from mod fabric-data-generation-api-v1->@Inject::main(Lorg/spongepowered/asm/mixin/injection/callback/CallbackInfo;)V doesn't use it's CallbackInfo
[14:46:50] [Render thread/DEBUG] (FabricLoader/Mixin) fabric-data-generation-api-v1.client.mixins.json:MinecraftMixin from mod fabric-data-generation-api-v1->@Inject::main(Lorg/spongepowered/asm/mixin/injection/callback/CallbackInfo;)V has 0 override(s) in child classes
[14:46:50] [Render thread/DEBUG] (FabricLoader/Mixin) fabric-data-generation-api-v1.client.mixins.json:MinecraftMixin from mod fabric-data-generation-api-v1->@Inject::main(Lorg/spongepowered/asm/mixin/injection/callback/CallbackInfo;)V won't be passed a CallbackInfo as a result
[14:46:50] [Render thread/DEBUG] (FabricLoader/Mixin) yumi_mc_core.mixins.json:client.MinecraftClientMixin from mod yumi_mc_core->@Inject::onInit(Lnet/minecraft/client/main/GameConfig;Lorg/spongepowered/asm/mixin/injection/callback/CallbackInfo;)V doesn't use it's CallbackInfo
[14:46:50] [Render thread/DEBUG] (FabricLoader/Mixin) yumi_mc_core.mixins.json:client.MinecraftClientMixin from mod yumi_mc_core->@Inject::onInit(Lnet/minecraft/client/main/GameConfig;Lorg/spongepowered/asm/mixin/injection/callback/CallbackInfo;)V has 0 override(s) in child classes
[14:46:50] [Render thread/DEBUG] (FabricLoader/Mixin) yumi_mc_core.mixins.json:client.MinecraftClientMixin from mod yumi_mc_core->@Inject::onInit(Lnet/minecraft/client/main/GameConfig;Lorg/spongepowered/asm/mixin/injection/callback/CallbackInfo;)V won't be passed a CallbackInfo as a result
[14:46:50] [Render thread/DEBUG] (FabricLoader/Mixin) fabric-registry-sync-v0.client.mixins.json:MinecraftMixin from mod fabric-registry-sync-v0->@Inject::disconnectAfter(Lnet/minecraft/client/gui/screens/Screen;ZZLorg/spongepowered/asm/mixin/injection/callback/CallbackInfo;)V doesn't use it's CallbackInfo
[14:46:50] [Render thread/DEBUG] (FabricLoader/Mixin) fabric-registry-sync-v0.client.mixins.json:MinecraftMixin from mod fabric-registry-sync-v0->@Inject::disconnectAfter(Lnet/minecraft/client/gui/screens/Screen;ZZLorg/spongepowered/asm/mixin/injection/callback/CallbackInfo;)V has 0 override(s) in child classes
[14:46:50] [Render thread/DEBUG] (FabricLoader/Mixin) fabric-registry-sync-v0.client.mixins.json:MinecraftMixin from mod fabric-registry-sync-v0->@Inject::disconnectAfter(Lnet/minecraft/client/gui/screens/Screen;ZZLorg/spongepowered/asm/mixin/injection/callback/CallbackInfo;)V won't be passed a CallbackInfo as a result
[14:46:50] [Render thread/DEBUG] (FabricLoader/Mixin) fabric-registry-sync-v0.client.mixins.json:MinecraftMixin from mod fabric-registry-sync-v0->@Inject::afterModInit(Lorg/spongepowered/asm/mixin/injection/callback/CallbackInfo;)V doesn't use it's CallbackInfo
[14:46:50] [Render thread/DEBUG] (FabricLoader/Mixin) fabric-registry-sync-v0.client.mixins.json:MinecraftMixin from mod fabric-registry-sync-v0->@Inject::afterModInit(Lorg/spongepowered/asm/mixin/injection/callback/CallbackInfo;)V has 0 override(s) in child classes
[14:46:50] [Render thread/DEBUG] (FabricLoader/Mixin) fabric-registry-sync-v0.client.mixins.json:MinecraftMixin from mod fabric-registry-sync-v0->@Inject::afterModInit(Lorg/spongepowered/asm/mixin/injection/callback/CallbackInfo;)V won't be passed a CallbackInfo as a result
[14:46:50] [Render thread/DEBUG] (FabricLoader/Mixin) Mixing client.InventoryScreenMixin from trinkets.mixins.json into net.minecraft.client.gui.screens.inventory.InventoryScreen
[14:46:50] [Render thread/DEBUG] (FabricLoader/Mixin) Renaming synthetic method lambda$addButton$0()I to md46f0ef$trinkets_updated$lambda$addButton$0$0 in trinkets.mixins.json:client.InventoryScreenMixin from mod trinkets_updated
[14:46:50] [Render thread/DEBUG] (FabricLoader/Mixin) trinkets.mixins.json:client.InventoryScreenMixin from mod trinkets_updated->@Inject::init(Lorg/spongepowered/asm/mixin/injection/callback/CallbackInfo;)V doesn't use it's CallbackInfo
[14:46:50] [Render thread/DEBUG] (FabricLoader/Mixin) trinkets.mixins.json:client.InventoryScreenMixin from mod trinkets_updated->@Inject::init(Lorg/spongepowered/asm/mixin/injection/callback/CallbackInfo;)V has 0 override(s) in child classes
[14:46:50] [Render thread/DEBUG] (FabricLoader/Mixin) trinkets.mixins.json:client.InventoryScreenMixin from mod trinkets_updated->@Inject::init(Lorg/spongepowered/asm/mixin/injection/callback/CallbackInfo;)V won't be passed a CallbackInfo as a result
[14:46:50] [Render thread/DEBUG] (FabricLoader/Mixin) trinkets.mixins.json:client.InventoryScreenMixin from mod trinkets_updated->@Inject::addButton(Lorg/spongepowered/asm/mixin/injection/callback/CallbackInfo;)V doesn't use it's CallbackInfo
[14:46:50] [Render thread/DEBUG] (FabricLoader/Mixin) trinkets.mixins.json:client.InventoryScreenMixin from mod trinkets_updated->@Inject::addButton(Lorg/spongepowered/asm/mixin/injection/callback/CallbackInfo;)V has 0 override(s) in child classes
[14:46:50] [Render thread/DEBUG] (FabricLoader/Mixin) trinkets.mixins.json:client.InventoryScreenMixin from mod trinkets_updated->@Inject::addButton(Lorg/spongepowered/asm/mixin/injection/callback/CallbackInfo;)V won't be passed a CallbackInfo as a result
[14:46:50] [Render thread/DEBUG] (FabricLoader/Mixin) trinkets.mixins.json:client.InventoryScreenMixin from mod trinkets_updated->@Inject::tick(Lorg/spongepowered/asm/mixin/injection/callback/CallbackInfo;)V doesn't use it's CallbackInfo
[14:46:50] [Render thread/DEBUG] (FabricLoader/Mixin) trinkets.mixins.json:client.InventoryScreenMixin from mod trinkets_updated->@Inject::tick(Lorg/spongepowered/asm/mixin/injection/callback/CallbackInfo;)V has 0 override(s) in child classes
[14:46:50] [Render thread/DEBUG] (FabricLoader/Mixin) trinkets.mixins.json:client.InventoryScreenMixin from mod trinkets_updated->@Inject::tick(Lorg/spongepowered/asm/mixin/injection/callback/CallbackInfo;)V won't be passed a CallbackInfo as a result
[14:46:50] [Render thread/DEBUG] (FabricLoader/Mixin) trinkets.mixins.json:client.InventoryScreenMixin from mod trinkets_updated->@Inject::render(Lnet/minecraft/client/gui/GuiGraphicsExtractor;IIFLorg/spongepowered/asm/mixin/injection/callback/CallbackInfo;)V doesn't use it's CallbackInfo
[14:46:50] [Render thread/DEBUG] (FabricLoader/Mixin) trinkets.mixins.json:client.InventoryScreenMixin from mod trinkets_updated->@Inject::render(Lnet/minecraft/client/gui/GuiGraphicsExtractor;IIFLorg/spongepowered/asm/mixin/injection/callback/CallbackInfo;)V has 0 override(s) in child classes
[14:46:50] [Render thread/DEBUG] (FabricLoader/Mixin) trinkets.mixins.json:client.InventoryScreenMixin from mod trinkets_updated->@Inject::render(Lnet/minecraft/client/gui/GuiGraphicsExtractor;IIFLorg/spongepowered/asm/mixin/injection/callback/CallbackInfo;)V won't be passed a CallbackInfo as a result
[14:46:50] [Render thread/DEBUG] (FabricLoader/Mixin) trinkets.mixins.json:client.InventoryScreenMixin from mod trinkets_updated->@Inject::drawBackground(Lnet/minecraft/client/gui/GuiGraphicsExtractor;IIFLorg/spongepowered/asm/mixin/injection/callback/CallbackInfo;)V doesn't use it's CallbackInfo
[14:46:50] [Render thread/DEBUG] (FabricLoader/Mixin) trinkets.mixins.json:client.InventoryScreenMixin from mod trinkets_updated->@Inject::drawBackground(Lnet/minecraft/client/gui/GuiGraphicsExtractor;IIFLorg/spongepowered/asm/mixin/injection/callback/CallbackInfo;)V has 0 override(s) in child classes
[14:46:50] [Render thread/DEBUG] (FabricLoader/Mixin) trinkets.mixins.json:client.InventoryScreenMixin from mod trinkets_updated->@Inject::drawBackground(Lnet/minecraft/client/gui/GuiGraphicsExtractor;IIFLorg/spongepowered/asm/mixin/injection/callback/CallbackInfo;)V won't be passed a CallbackInfo as a result
[14:46:50] [Render thread/DEBUG] (FabricLoader/Mixin) Mixing AbstractRecipeBookScreenMixin from fabric-screen-api-v1.mixins.json into net.minecraft.client.gui.screens.inventory.AbstractRecipeBookScreen
[14:46:50] [Render thread/DEBUG] (FabricLoader/Mixin) Mixing client.RecipeBookScreenMixin from trinkets.mixins.json into net.minecraft.client.gui.screens.inventory.AbstractRecipeBookScreen
[14:46:50] [Render thread/DEBUG] (FabricLoader/Mixin) Mixing client.accessor.RecipeBookScreenAccessor from trinkets.mixins.json into net.minecraft.client.gui.screens.inventory.AbstractRecipeBookScreen
[14:46:50] [Render thread/DEBUG] (FabricLoader/Mixin) fabric-screen-api-v1.mixins.json:AbstractRecipeBookScreenMixin from mod fabric-screen-api-v1->@Inject::extractRenderState(Lnet/minecraft/client/gui/GuiGraphicsExtractor;IIFLorg/spongepowered/asm/mixin/injection/callback/CallbackInfo;)V doesn't use it's CallbackInfo
[14:46:50] [Render thread/DEBUG] (FabricLoader/Mixin) fabric-screen-api-v1.mixins.json:AbstractRecipeBookScreenMixin from mod fabric-screen-api-v1->@Inject::extractRenderState(Lnet/minecraft/client/gui/GuiGraphicsExtractor;IIFLorg/spongepowered/asm/mixin/injection/callback/CallbackInfo;)V has 0 override(s) in child classes
[14:46:50] [Render thread/DEBUG] (FabricLoader/Mixin) fabric-screen-api-v1.mixins.json:AbstractRecipeBookScreenMixin from mod fabric-screen-api-v1->@Inject::extractRenderState(Lnet/minecraft/client/gui/GuiGraphicsExtractor;IIFLorg/spongepowered/asm/mixin/injection/callback/CallbackInfo;)V won't be passed a CallbackInfo as a result
[14:46:50] [Render thread/DEBUG] (FabricLoader/Mixin) trinkets.mixins.json:client.RecipeBookScreenMixin from mod trinkets_updated->@Inject::isClickOutsideBounds(DDIILorg/spongepowered/asm/mixin/injection/callback/CallbackInfoReturnable;)V does use it's CallbackInfoReturnable
[14:46:50] [Render thread/DEBUG] (FabricLoader/Mixin) trinkets.mixins.json:client.RecipeBookScreenMixin from mod trinkets_updated->@Inject::drawForeground(Lnet/minecraft/client/gui/GuiGraphicsExtractor;IIFLorg/spongepowered/asm/mixin/injection/callback/CallbackInfo;)V doesn't use it's CallbackInfo
[14:46:50] [Render thread/DEBUG] (FabricLoader/Mixin) trinkets.mixins.json:client.RecipeBookScreenMixin from mod trinkets_updated->@Inject::drawForeground(Lnet/minecraft/client/gui/GuiGraphicsExtractor;IIFLorg/spongepowered/asm/mixin/injection/callback/CallbackInfo;)V has 0 override(s) in child classes
[14:46:50] [Render thread/DEBUG] (FabricLoader/Mixin) trinkets.mixins.json:client.RecipeBookScreenMixin from mod trinkets_updated->@Inject::drawForeground(Lnet/minecraft/client/gui/GuiGraphicsExtractor;IIFLorg/spongepowered/asm/mixin/injection/callback/CallbackInfo;)V won't be passed a CallbackInfo as a result
[14:46:50] [Render thread/DEBUG] (FabricLoader/Mixin) Mixing AbstractContainerScreenMixin from fabric-screen-api-v1.mixins.json into net.minecraft.client.gui.screens.inventory.AbstractContainerScreen
[14:46:50] [Render thread/DEBUG] (FabricLoader/Mixin) Mixing screen.AbstractContainerScreenMixin from satchels.client.mixins.json into net.minecraft.client.gui.screens.inventory.AbstractContainerScreen
[14:46:50] [Render thread/DEBUG] (FabricLoader/Mixin) Mixing client.AbstractContainerScreenMixin from trinkets.mixins.json into net.minecraft.client.gui.screens.inventory.AbstractContainerScreen
[14:46:50] [Render thread/DEBUG] (FabricLoader/Mixin) Mixing client.AbstractContainerScreenMixin from ohmega.mixins.json into net.minecraft.client.gui.screens.inventory.AbstractContainerScreen
[14:46:50] [Render thread/DEBUG] (FabricLoader/Mixin) ohmega.mixins.json:client.AbstractContainerScreenMixin from mod ohmega: Class version 69 required is higher than the class version supported by the current version of Mixin (JAVA_21 supports class version 65)
[14:46:50] [Render thread/DEBUG] (FabricLoader/Mixin) fabric-screen-api-v1.mixins.json:AbstractContainerScreenMixin from mod fabric-screen-api-v1->@Inject::extractRenderState(Lnet/minecraft/client/gui/GuiGraphicsExtractor;IIFLorg/spongepowered/asm/mixin/injection/callback/CallbackInfo;)V doesn't use it's CallbackInfo
[14:46:50] [Render thread/DEBUG] (FabricLoader/Mixin) fabric-screen-api-v1.mixins.json:AbstractContainerScreenMixin from mod fabric-screen-api-v1->@Inject::extractRenderState(Lnet/minecraft/client/gui/GuiGraphicsExtractor;IIFLorg/spongepowered/asm/mixin/injection/callback/CallbackInfo;)V has 0 override(s) in child classes
[14:46:50] [Render thread/DEBUG] (FabricLoader/Mixin) fabric-screen-api-v1.mixins.json:AbstractContainerScreenMixin from mod fabric-screen-api-v1->@Inject::extractRenderState(Lnet/minecraft/client/gui/GuiGraphicsExtractor;IIFLorg/spongepowered/asm/mixin/injection/callback/CallbackInfo;)V won't be passed a CallbackInfo as a result
[14:46:50] [Render thread/DEBUG] (FabricLoader/Mixin) fabric-screen-api-v1.mixins.json:AbstractContainerScreenMixin from mod fabric-screen-api-v1->@Inject::callSuperMouseReleased(Lnet/minecraft/client/input/MouseButtonEvent;Lorg/spongepowered/asm/mixin/injection/callback/CallbackInfoReturnable;)V does use it's CallbackInfoReturnable
[14:46:50] [Render thread/DEBUG] (FabricLoader/Mixin) fabric-screen-api-v1.mixins.json:AbstractContainerScreenMixin from mod fabric-screen-api-v1->@Inject::callSuperMouseReleased(Lnet/minecraft/client/input/MouseButtonEvent;DDLorg/spongepowered/asm/mixin/injection/callback/CallbackInfoReturnable;)V does use it's CallbackInfoReturnable
[14:46:50] [Render thread/DEBUG] (FabricLoader/Mixin) satchels.client.mixins.json:screen.AbstractContainerScreenMixin from mod satchels->@Inject::satchels$renderSatchelInventory(Lnet/minecraft/client/gui/GuiGraphicsExtractor;IIFLorg/spongepowered/asm/mixin/injection/callback/CallbackInfo;)V doesn't use it's CallbackInfo
[14:46:50] [Render thread/DEBUG] (FabricLoader/Mixin) satchels.client.mixins.json:screen.AbstractContainerScreenMixin from mod satchels->@Inject::satchels$renderSatchelInventory(Lnet/minecraft/client/gui/GuiGraphicsExtractor;IIFLorg/spongepowered/asm/mixin/injection/callback/CallbackInfo;)V has 0 override(s) in child classes
[14:46:50] [Render thread/DEBUG] (FabricLoader/Mixin) satchels.client.mixins.json:screen.AbstractContainerScreenMixin from mod satchels->@Inject::satchels$renderSatchelInventory(Lnet/minecraft/client/gui/GuiGraphicsExtractor;IIFLorg/spongepowered/asm/mixin/injection/callback/CallbackInfo;)V won't be passed a CallbackInfo as a result
[14:46:50] [Render thread/DEBUG] (FabricLoader/Mixin) satchels.client.mixins.json:screen.AbstractContainerScreenMixin from mod satchels->@Inject::satchels$suppressHoverWhenHidden(Lnet/minecraft/world/inventory/Slot;DDLorg/spongepowered/asm/mixin/injection/callback/CallbackInfoReturnable;)V does use it's CallbackInfoReturnable
[14:46:50] [Render thread/DEBUG] (FabricLoader/Mixin) satchels.client.mixins.json:screen.AbstractContainerScreenMixin from mod satchels->@Inject::satchels$blockHiddenSatchelSlotClicks(Lnet/minecraft/world/inventory/Slot;IILnet/minecraft/world/inventory/ContainerInput;Lorg/spongepowered/asm/mixin/injection/callback/CallbackInfo;)V does use it's CallbackInfo
[14:46:50] [Render thread/DEBUG] (FabricLoader/Mixin) satchels.client.mixins.json:screen.AbstractContainerScreenMixin from mod satchels->@Inject::satchels$clipSatchelSlotStart(Lnet/minecraft/client/gui/GuiGraphicsExtractor;Lnet/minecraft/world/inventory/Slot;IILorg/spongepowered/asm/mixin/injection/callback/CallbackInfo;)V doesn't use it's CallbackInfo
[14:46:50] [Render thread/DEBUG] (FabricLoader/Mixin) satchels.client.mixins.json:screen.AbstractContainerScreenMixin from mod satchels->@Inject::satchels$clipSatchelSlotStart(Lnet/minecraft/client/gui/GuiGraphicsExtractor;Lnet/minecraft/world/inventory/Slot;IILorg/spongepowered/asm/mixin/injection/callback/CallbackInfo;)V has 0 override(s) in child classes
[14:46:50] [Render thread/DEBUG] (FabricLoader/Mixin) satchels.client.mixins.json:screen.AbstractContainerScreenMixin from mod satchels->@Inject::satchels$clipSatchelSlotStart(Lnet/minecraft/client/gui/GuiGraphicsExtractor;Lnet/minecraft/world/inventory/Slot;IILorg/spongepowered/asm/mixin/injection/callback/CallbackInfo;)V won't be passed a CallbackInfo as a result
[14:46:50] [Render thread/DEBUG] (FabricLoader/Mixin) satchels.client.mixins.json:screen.AbstractContainerScreenMixin from mod satchels->@Inject::satchels$clipSatchelSlotEnd(Lnet/minecraft/client/gui/GuiGraphicsExtractor;Lnet/minecraft/world/inventory/Slot;IILorg/spongepowered/asm/mixin/injection/callback/CallbackInfo;)V doesn't use it's CallbackInfo
[14:46:50] [Render thread/DEBUG] (FabricLoader/Mixin) satchels.client.mixins.json:screen.AbstractContainerScreenMixin from mod satchels->@Inject::satchels$clipSatchelSlotEnd(Lnet/minecraft/client/gui/GuiGraphicsExtractor;Lnet/minecraft/world/inventory/Slot;IILorg/spongepowered/asm/mixin/injection/callback/CallbackInfo;)V has 0 override(s) in child classes
[14:46:50] [Render thread/DEBUG] (FabricLoader/Mixin) satchels.client.mixins.json:screen.AbstractContainerScreenMixin from mod satchels->@Inject::satchels$clipSatchelSlotEnd(Lnet/minecraft/client/gui/GuiGraphicsExtractor;Lnet/minecraft/world/inventory/Slot;IILorg/spongepowered/asm/mixin/injection/callback/CallbackInfo;)V won't be passed a CallbackInfo as a result
[14:46:50] [Render thread/DEBUG] (FabricLoader/Mixin) satchels.client.mixins.json:screen.AbstractContainerScreenMixin from mod satchels->@Inject::satchels$clipSatchelSlotEnd(Lnet/minecraft/client/gui/GuiGraphicsExtractor;Lnet/minecraft/world/inventory/Slot;IILorg/spongepowered/asm/mixin/injection/callback/CallbackInfo;)V doesn't use it's CallbackInfo
[14:46:50] [Render thread/DEBUG] (FabricLoader/Mixin) satchels.client.mixins.json:screen.AbstractContainerScreenMixin from mod satchels->@Inject::satchels$clipSatchelSlotEnd(Lnet/minecraft/client/gui/GuiGraphicsExtractor;Lnet/minecraft/world/inventory/Slot;IILorg/spongepowered/asm/mixin/injection/callback/CallbackInfo;)V has 0 override(s) in child classes
[14:46:50] [Render thread/DEBUG] (FabricLoader/Mixin) satchels.client.mixins.json:screen.AbstractContainerScreenMixin from mod satchels->@Inject::satchels$clipSatchelSlotEnd(Lnet/minecraft/client/gui/GuiGraphicsExtractor;Lnet/minecraft/world/inventory/Slot;IILorg/spongepowered/asm/mixin/injection/callback/CallbackInfo;)V won't be passed a CallbackInfo as a result
[14:46:50] [Render thread/DEBUG] (FabricLoader/Mixin) trinkets.mixins.json:client.AbstractContainerScreenMixin from mod trinkets_updated->@Inject::removed(Lorg/spongepowered/asm/mixin/injection/callback/CallbackInfo;)V doesn't use it's CallbackInfo
[14:46:50] [Render thread/DEBUG] (FabricLoader/Mixin) trinkets.mixins.json:client.AbstractContainerScreenMixin from mod trinkets_updated->@Inject::removed(Lorg/spongepowered/asm/mixin/injection/callback/CallbackInfo;)V has 0 override(s) in child classes
[14:46:50] [Render thread/DEBUG] (FabricLoader/Mixin) trinkets.mixins.json:client.AbstractContainerScreenMixin from mod trinkets_updated->@Inject::removed(Lorg/spongepowered/asm/mixin/injection/callback/CallbackInfo;)V won't be passed a CallbackInfo as a result
[14:46:50] [Render thread/DEBUG] (FabricLoader/Mixin) trinkets.mixins.json:client.AbstractContainerScreenMixin from mod trinkets_updated->@Inject::drawCommonExtrasHead(Lnet/minecraft/client/gui/GuiGraphicsExtractor;Lnet/minecraft/world/inventory/Slot;IILorg/spongepowered/asm/mixin/injection/callback/CallbackInfo;)V doesn't use it's CallbackInfo
[14:46:50] [Render thread/DEBUG] (FabricLoader/Mixin) trinkets.mixins.json:client.AbstractContainerScreenMixin from mod trinkets_updated->@Inject::drawCommonExtrasHead(Lnet/minecraft/client/gui/GuiGraphicsExtractor;Lnet/minecraft/world/inventory/Slot;IILorg/spongepowered/asm/mixin/injection/callback/CallbackInfo;)V has 0 override(s) in child classes
[14:46:50] [Render thread/DEBUG] (FabricLoader/Mixin) trinkets.mixins.json:client.AbstractContainerScreenMixin from mod trinkets_updated->@Inject::drawCommonExtrasHead(Lnet/minecraft/client/gui/GuiGraphicsExtractor;Lnet/minecraft/world/inventory/Slot;IILorg/spongepowered/asm/mixin/injection/callback/CallbackInfo;)V won't be passed a CallbackInfo as a result
[14:46:50] [Render thread/DEBUG] (FabricLoader/Mixin) trinkets.mixins.json:client.AbstractContainerScreenMixin from mod trinkets_updated->@Inject::drawCommonExtrasTail(Lnet/minecraft/client/gui/GuiGraphicsExtractor;Lnet/minecraft/world/inventory/Slot;IILorg/spongepowered/asm/mixin/injection/callback/CallbackInfo;)V doesn't use it's CallbackInfo
[14:46:50] [Render thread/DEBUG] (FabricLoader/Mixin) trinkets.mixins.json:client.AbstractContainerScreenMixin from mod trinkets_updated->@Inject::drawCommonExtrasTail(Lnet/minecraft/client/gui/GuiGraphicsExtractor;Lnet/minecraft/world/inventory/Slot;IILorg/spongepowered/asm/mixin/injection/callback/CallbackInfo;)V has 0 override(s) in child classes
[14:46:50] [Render thread/DEBUG] (FabricLoader/Mixin) trinkets.mixins.json:client.AbstractContainerScreenMixin from mod trinkets_updated->@Inject::drawCommonExtrasTail(Lnet/minecraft/client/gui/GuiGraphicsExtractor;Lnet/minecraft/world/inventory/Slot;IILorg/spongepowered/asm/mixin/injection/callback/CallbackInfo;)V won't be passed a CallbackInfo as a result
[14:46:50] [Render thread/DEBUG] (FabricLoader/Mixin) trinkets.mixins.json:client.AbstractContainerScreenMixin from mod trinkets_updated->@Inject::renderCreativeSlots(Lnet/minecraft/client/gui/GuiGraphicsExtractor;IIFLorg/spongepowered/asm/mixin/injection/callback/CallbackInfo;)V doesn't use it's CallbackInfo
[14:46:50] [Render thread/DEBUG] (FabricLoader/Mixin) trinkets.mixins.json:client.AbstractContainerScreenMixin from mod trinkets_updated->@Inject::renderCreativeSlots(Lnet/minecraft/client/gui/GuiGraphicsExtractor;IIFLorg/spongepowered/asm/mixin/injection/callback/CallbackInfo;)V has 0 override(s) in child classes
[14:46:50] [Render thread/DEBUG] (FabricLoader/Mixin) trinkets.mixins.json:client.AbstractContainerScreenMixin from mod trinkets_updated->@Inject::renderCreativeSlots(Lnet/minecraft/client/gui/GuiGraphicsExtractor;IIFLorg/spongepowered/asm/mixin/injection/callback/CallbackInfo;)V won't be passed a CallbackInfo as a result
[14:46:50] [Render thread/DEBUG] (FabricLoader/Mixin) trinkets.mixins.json:client.AbstractContainerScreenMixin from mod trinkets_updated->@Inject::isPointOverSlot(Lnet/minecraft/world/inventory/Slot;DDLorg/spongepowered/asm/mixin/injection/callback/CallbackInfoReturnable;)V does use it's CallbackInfoReturnable
[14:46:50] [Render thread/DEBUG] (FabricLoader/Mixin) trinkets.mixins.json:client.AbstractContainerScreenMixin from mod trinkets_updated->@Inject::preferLateTrinketsSlots(DDLorg/spongepowered/asm/mixin/injection/callback/CallbackInfoReturnable;)V does use it's CallbackInfoReturnable
[14:46:50] [Render thread/DEBUG] (FabricLoader/Mixin) trinkets.mixins.json:client.AbstractContainerScreenMixin from mod trinkets_updated->@Inject::onStopHovering(Lnet/minecraft/world/inventory/Slot;Lorg/spongepowered/asm/mixin/injection/callback/CallbackInfo;)V does use it's CallbackInfo
[14:46:50] [Render thread/DEBUG] (FabricLoader/Mixin) trinkets.mixins.json:client.AbstractContainerScreenMixin from mod trinkets_updated->@Inject::drawMoreSlotsIndicator(Lnet/minecraft/client/gui/GuiGraphicsExtractor;Lorg/spongepowered/asm/mixin/injection/callback/CallbackInfo;)V doesn't use it's CallbackInfo
[14:46:50] [Render thread/DEBUG] (FabricLoader/Mixin) trinkets.mixins.json:client.AbstractContainerScreenMixin from mod trinkets_updated->@Inject::drawMoreSlotsIndicator(Lnet/minecraft/client/gui/GuiGraphicsExtractor;Lorg/spongepowered/asm/mixin/injection/callback/CallbackInfo;)V has 0 override(s) in child classes
[14:46:50] [Render thread/DEBUG] (FabricLoader/Mixin) trinkets.mixins.json:client.AbstractContainerScreenMixin from mod trinkets_updated->@Inject::drawMoreSlotsIndicator(Lnet/minecraft/client/gui/GuiGraphicsExtractor;Lorg/spongepowered/asm/mixin/injection/callback/CallbackInfo;)V won't be passed a CallbackInfo as a result
[14:46:50] [Render thread/DEBUG] (FabricLoader/Mixin) trinkets.mixins.json:client.AbstractContainerScreenMixin from mod trinkets_updated->@Inject::extractSlotNameTooltip(Lnet/minecraft/client/gui/GuiGraphicsExtractor;IILorg/spongepowered/asm/mixin/injection/callback/CallbackInfo;)V doesn't use it's CallbackInfo
[14:46:50] [Render thread/DEBUG] (FabricLoader/Mixin) trinkets.mixins.json:client.AbstractContainerScreenMixin from mod trinkets_updated->@Inject::extractSlotNameTooltip(Lnet/minecraft/client/gui/GuiGraphicsExtractor;IILorg/spongepowered/asm/mixin/injection/callback/CallbackInfo;)V has 0 override(s) in child classes
[14:46:50] [Render thread/DEBUG] (FabricLoader/Mixin) trinkets.mixins.json:client.AbstractContainerScreenMixin from mod trinkets_updated->@Inject::extractSlotNameTooltip(Lnet/minecraft/client/gui/GuiGraphicsExtractor;IILorg/spongepowered/asm/mixin/injection/callback/CallbackInfo;)V won't be passed a CallbackInfo as a result
[14:46:50] [Render thread/DEBUG] (FabricLoader/Mixin) Mixing KeyedClientResourceReloadListenerMixin from fabric-resource-loader-v1.client.mixins.json into net.minecraft.client.PeriodicNotificationManager
[14:46:50] [Render thread/DEBUG] (FabricLoader/Mixin) Mixing BuiltInPackSourceMixin from fabric-resource-loader-v1.client.mixins.json into net.minecraft.server.packs.repository.BuiltInPackSource
[14:46:50] [Render thread/DEBUG] (FabricLoader/Mixin) fabric-resource-loader-v1.client.mixins.json:BuiltInPackSourceMixin from mod fabric-resource-loader-v1->@Inject::addBuiltinResourcePacks(Ljava/util/function/Consumer;Lorg/spongepowered/asm/mixin/injection/callback/CallbackInfo;)V doesn't use it's CallbackInfo
[14:46:50] [Render thread/DEBUG] (FabricLoader/Mixin) fabric-resource-loader-v1.client.mixins.json:BuiltInPackSourceMixin from mod fabric-resource-loader-v1->@Inject::addBuiltinResourcePacks(Ljava/util/function/Consumer;Lorg/spongepowered/asm/mixin/injection/callback/CallbackInfo;)V has 0 override(s) in child classes
[14:46:50] [Render thread/DEBUG] (FabricLoader/Mixin) fabric-resource-loader-v1.client.mixins.json:BuiltInPackSourceMixin from mod fabric-resource-loader-v1->@Inject::addBuiltinResourcePacks(Ljava/util/function/Consumer;Lorg/spongepowered/asm/mixin/injection/callback/CallbackInfo;)V won't be passed a CallbackInfo as a result
[14:46:51] [Render thread/DEBUG] (FabricLoader/Mixin) Mixing PackRepositoryMixin from fabric-resource-loader-v1.mixins.json into net.minecraft.server.packs.repository.PackRepository
[14:46:51] [Render thread/DEBUG] (FabricLoader/Mixin) Renaming synthetic method lambda$handleAutoDisable$0(Ljava/util/Set;Lnet/minecraft/server/packs/repository/Pack;)Z to md46f0ef$fabric-resource-loader-v1$lambda$handleAutoDisable$0$0 in fabric-resource-loader-v1.mixins.json:PackRepositoryMixin from mod fabric-resource-loader-v1
[14:46:51] [Render thread/DEBUG] (FabricLoader/Mixin) Mixing minecraft.server.packs.repository.PackRepositoryMixin from raised.mixins.json into net.minecraft.server.packs.repository.PackRepository
[14:46:51] [Render thread/DEBUG] (FabricLoader/Mixin) fabric-resource-loader-v1.mixins.json:PackRepositoryMixin from mod fabric-resource-loader-v1->@Inject::construct([Lnet/minecraft/server/packs/repository/RepositorySource;Lorg/spongepowered/asm/mixin/injection/callback/CallbackInfo;)V doesn't use it's CallbackInfo
[14:46:51] [Render thread/DEBUG] (FabricLoader/Mixin) fabric-resource-loader-v1.mixins.json:PackRepositoryMixin from mod fabric-resource-loader-v1->@Inject::construct([Lnet/minecraft/server/packs/repository/RepositorySource;Lorg/spongepowered/asm/mixin/injection/callback/CallbackInfo;)V has 0 override(s) in child classes
[14:46:51] [Render thread/DEBUG] (FabricLoader/Mixin) fabric-resource-loader-v1.mixins.json:PackRepositoryMixin from mod fabric-resource-loader-v1->@Inject::construct([Lnet/minecraft/server/packs/repository/RepositorySource;Lorg/spongepowered/asm/mixin/injection/callback/CallbackInfo;)V won't be passed a CallbackInfo as a result
[14:46:51] [Render thread/DEBUG] (FabricLoader/Mixin) fabric-resource-loader-v1.mixins.json:PackRepositoryMixin from mod fabric-resource-loader-v1->@Inject::handleAutoEnableDisable(Ljava/util/Collection;Lorg/spongepowered/asm/mixin/injection/callback/CallbackInfoReturnable;)V doesn't use it's CallbackInfoReturnable
[14:46:51] [Render thread/DEBUG] (FabricLoader/Mixin) fabric-resource-loader-v1.mixins.json:PackRepositoryMixin from mod fabric-resource-loader-v1->@Inject::handleAutoEnableDisable(Ljava/util/Collection;Lorg/spongepowered/asm/mixin/injection/callback/CallbackInfoReturnable;)V has 0 override(s) in child classes
[14:46:51] [Render thread/DEBUG] (FabricLoader/Mixin) fabric-resource-loader-v1.mixins.json:PackRepositoryMixin from mod fabric-resource-loader-v1->@Inject::handleAutoEnableDisable(Ljava/util/Collection;Lorg/spongepowered/asm/mixin/injection/callback/CallbackInfoReturnable;)V won't be passed a CallbackInfoReturnable as a result
[14:46:51] [Render thread/DEBUG] (FabricLoader/Mixin) fabric-resource-loader-v1.mixins.json:PackRepositoryMixin from mod fabric-resource-loader-v1->@Inject::handleAutoEnable(Ljava/lang/String;Lorg/spongepowered/asm/mixin/injection/callback/CallbackInfoReturnable;)V doesn't use it's CallbackInfoReturnable
[14:46:51] [Render thread/DEBUG] (FabricLoader/Mixin) fabric-resource-loader-v1.mixins.json:PackRepositoryMixin from mod fabric-resource-loader-v1->@Inject::handleAutoEnable(Ljava/lang/String;Lorg/spongepowered/asm/mixin/injection/callback/CallbackInfoReturnable;)V has 0 override(s) in child classes
[14:46:51] [Render thread/DEBUG] (FabricLoader/Mixin) fabric-resource-loader-v1.mixins.json:PackRepositoryMixin from mod fabric-resource-loader-v1->@Inject::handleAutoEnable(Ljava/lang/String;Lorg/spongepowered/asm/mixin/injection/callback/CallbackInfoReturnable;)V won't be passed a CallbackInfoReturnable as a result
[14:46:51] [Render thread/DEBUG] (FabricLoader/Mixin) fabric-resource-loader-v1.mixins.json:PackRepositoryMixin from mod fabric-resource-loader-v1->@Inject::handleAutoDisable(Ljava/lang/String;Lorg/spongepowered/asm/mixin/injection/callback/CallbackInfoReturnable;)V doesn't use it's CallbackInfoReturnable
[14:46:51] [Render thread/DEBUG] (FabricLoader/Mixin) fabric-resource-loader-v1.mixins.json:PackRepositoryMixin from mod fabric-resource-loader-v1->@Inject::handleAutoDisable(Ljava/lang/String;Lorg/spongepowered/asm/mixin/injection/callback/CallbackInfoReturnable;)V has 0 override(s) in child classes
[14:46:51] [Render thread/DEBUG] (FabricLoader/Mixin) fabric-resource-loader-v1.mixins.json:PackRepositoryMixin from mod fabric-resource-loader-v1->@Inject::handleAutoDisable(Ljava/lang/String;Lorg/spongepowered/asm/mixin/injection/callback/CallbackInfoReturnable;)V won't be passed a CallbackInfoReturnable as a result
[14:46:51] [Render thread/DEBUG] (FabricLoader/Mixin) raised.mixins.json:minecraft.server.packs.repository.PackRepositoryMixin from mod raised->@Inject::checkPacks(Lorg/spongepowered/asm/mixin/injection/callback/CallbackInfo;)V doesn't use it's CallbackInfo
[14:46:51] [Render thread/DEBUG] (FabricLoader/Mixin) raised.mixins.json:minecraft.server.packs.repository.PackRepositoryMixin from mod raised->@Inject::checkPacks(Lorg/spongepowered/asm/mixin/injection/callback/CallbackInfo;)V has 0 override(s) in child classes
[14:46:51] [Render thread/DEBUG] (FabricLoader/Mixin) raised.mixins.json:minecraft.server.packs.repository.PackRepositoryMixin from mod raised->@Inject::checkPacks(Lorg/spongepowered/asm/mixin/injection/callback/CallbackInfo;)V won't be passed a CallbackInfo as a result
[14:46:51] [Render thread/INFO] (com.mojang.authlib.services.MinecraftServicesDiscoveryService) Environment: Environment[discoveryUrl=https://discovery.minecraftservices.com/minecraft/client, name=PROD]
[14:46:51] [Minecraft Services Discovery/DEBUG] (com.mojang.authlib.minecraft.client.MinecraftClient) Connecting to https://discovery.minecraftservices.com/minecraft/client
[14:46:51] [Render thread/INFO] (net.minecraft.client.Minecraft) Setting user: Player70
[14:46:51] [Render thread/DEBUG] (FabricLoader/Entrypoint) Iterating over entrypoint 'main'
[14:46:51] [Render thread/DEBUG] (FabricLoader/Mixin) Mixing ServerConfigurationPacketListenerImplMixin from fabric-networking-api-v1.mixins.json into net.minecraft.server.network.ServerConfigurationPacketListenerImpl
[14:46:51] [Render thread/DEBUG] (FabricLoader/Mixin) Renaming synthetic method lambda$bindChannelInfo$0(Lnet/minecraft/network/RegistryFriendlyByteBuf;)Lnet/minecraft/network/RegistryFriendlyByteBuf; to md46f0ef$fabric-networking-api-v1$lambda$bindChannelInfo$0$0 in fabric-networking-api-v1.mixins.json:ServerConfigurationPacketListenerImplMixin from mod fabric-networking-api-v1
[14:46:51] [Render thread/DEBUG] (FabricLoader/Mixin) Mixing ServerConfigurationPacketListenerImplMixin from fabric-resource-loader-v1.mixins.json into net.minecraft.server.network.ServerConfigurationPacketListenerImpl
[14:46:51] [Render thread/DEBUG] (FabricLoader/Mixin) fabric-networking-api-v1.mixins.json:ServerConfigurationPacketListenerImplMixin from mod fabric-networking-api-v1->@Inject::initAddon(Lorg/spongepowered/asm/mixin/injection/callback/CallbackInfo;)V doesn't use it's CallbackInfo
[14:46:51] [Render thread/DEBUG] (FabricLoader/Mixin) fabric-networking-api-v1.mixins.json:ServerConfigurationPacketListenerImplMixin from mod fabric-networking-api-v1->@Inject::initAddon(Lorg/spongepowered/asm/mixin/injection/callback/CallbackInfo;)V has 0 override(s) in child classes
[14:46:51] [Render thread/DEBUG] (FabricLoader/Mixin) fabric-networking-api-v1.mixins.json:ServerConfigurationPacketListenerImplMixin from mod fabric-networking-api-v1->@Inject::initAddon(Lorg/spongepowered/asm/mixin/injection/callback/CallbackInfo;)V won't be passed a CallbackInfo as a result
[14:46:51] [Render thread/DEBUG] (FabricLoader/Mixin) fabric-networking-api-v1.mixins.json:ServerConfigurationPacketListenerImplMixin from mod fabric-networking-api-v1->@Inject::onClientReady(Lorg/spongepowered/asm/mixin/injection/callback/CallbackInfo;)V does use it's CallbackInfo
[14:46:51] [Render thread/DEBUG] (FabricLoader/Mixin) Mixing ServerCommonPacketListenerImplMixin from fabric-networking-api-v1.mixins.json into net.minecraft.server.network.ServerCommonPacketListenerImpl
[14:46:51] [Render thread/DEBUG] (FabricLoader/Mixin) Mixing accessor.ServerCommonPacketListenerImplAccessor from fabric-networking-api-v1.mixins.json into net.minecraft.server.network.ServerCommonPacketListenerImpl
[14:46:51] [Render thread/DEBUG] (FabricLoader/Mixin) Mixing sync.ServerCommonPacketListenerImplAccessor from fabric-recipe-api-v1.mixins.json into net.minecraft.server.network.ServerCommonPacketListenerImpl
[14:46:51] [Render thread/DEBUG] (FabricLoader/Mixin) fabric-networking-api-v1.mixins.json:ServerCommonPacketListenerImplMixin from mod fabric-networking-api-v1->@Inject::handleCustomPayloadReceivedAsync(Lnet/minecraft/network/protocol/common/ServerboundCustomPayloadPacket;Lorg/spongepowered/asm/mixin/injection/callback/CallbackInfo;)V does use it's CallbackInfo
[14:46:51] [Render thread/DEBUG] (FabricLoader/Mixin) fabric-networking-api-v1.mixins.json:ServerCommonPacketListenerImplMixin from mod fabric-networking-api-v1->@Inject::onPlayPong(Lnet/minecraft/network/protocol/common/ServerboundPongPacket;Lorg/spongepowered/asm/mixin/injection/callback/CallbackInfo;)V doesn't use it's CallbackInfo
[14:46:51] [Render thread/DEBUG] (FabricLoader/Mixin) fabric-networking-api-v1.mixins.json:ServerCommonPacketListenerImplMixin from mod fabric-networking-api-v1->@Inject::onPlayPong(Lnet/minecraft/network/protocol/common/ServerboundPongPacket;Lorg/spongepowered/asm/mixin/injection/callback/CallbackInfo;)V has 0 override(s) in child classes
[14:46:51] [Render thread/DEBUG] (FabricLoader/Mixin) fabric-networking-api-v1.mixins.json:ServerCommonPacketListenerImplMixin from mod fabric-networking-api-v1->@Inject::onPlayPong(Lnet/minecraft/network/protocol/common/ServerboundPongPacket;Lorg/spongepowered/asm/mixin/injection/callback/CallbackInfo;)V won't be passed a CallbackInfo as a result
[14:46:51] [Render thread/DEBUG] (FabricLoader/Mixin) Unexpected: Registered method getConnection()Lnet/minecraft/network/Connection; in net.minecraft.server.network.ServerCommonPacketListenerImpl was not merged
[14:46:51] [Render thread/DEBUG] (FabricLoader/Mixin) Mixing MinecraftServerMixin from fabric-game-rule-api-v1.mixins.json into net.minecraft.server.MinecraftServer
[14:46:51] [Render thread/DEBUG] (FabricLoader/Mixin) Mixing MinecraftServerMixin from fabric-message-api-v1.mixins.json into net.minecraft.server.MinecraftServer
[14:46:51] [Render thread/DEBUG] (FabricLoader/Mixin) Renaming synthetic method lambda$onGetChatDecorator$0(Lnet/minecraft/server/level/ServerPlayer;Lnet/minecraft/network/chat/Component;)Lnet/minecraft/network/chat/Component; to md46f0ef$fabric-message-api-v1$lambda$onGetChatDecorator$0$0 in fabric-message-api-v1.mixins.json:MinecraftServerMixin from mod fabric-message-api-v1
[14:46:51] [Render thread/DEBUG] (FabricLoader/Mixin) Mixing MinecraftServerMixin from fabric-resource-loader-v1.mixins.json into net.minecraft.server.MinecraftServer
[14:46:51] [Render thread/DEBUG] (FabricLoader/Mixin) Renaming synthetic method lambda$init$0(Lnet/minecraft/server/packs/PackResources;)Ljava/util/stream/Stream; to md46f0ef$fabric-resource-loader-v1$lambda$init$0$1 in fabric-resource-loader-v1.mixins.json:MinecraftServerMixin from mod fabric-resource-loader-v1
[14:46:51] [Render thread/DEBUG] (FabricLoader/Mixin) Mixing modification.MinecraftServerMixin from fabric-biome-api-v1.mixins.json into net.minecraft.server.MinecraftServer
[14:46:51] [Render thread/DEBUG] (FabricLoader/Mixin) Mixing MinecraftServerMixin from fabric-lifecycle-events-v1.mixins.json into net.minecraft.server.MinecraftServer
[14:46:51] [Render thread/DEBUG] (FabricLoader/Mixin) Renaming synthetic method lambda$endResourceReload$0(Ljava/lang/Void;Ljava/lang/Throwable;)Ljava/lang/Void; to md46f0ef$fabric-lifecycle-events-v1$lambda$endResourceReload$0$2 in fabric-lifecycle-events-v1.mixins.json:MinecraftServerMixin from mod fabric-lifecycle-events-v1
[14:46:51] [Render thread/DEBUG] (FabricLoader/Mixin) Mixing MinecraftServerMixin from fabric-data-attachment-api-v1.mixins.json into net.minecraft.server.MinecraftServer
[14:46:51] [Render thread/DEBUG] (FabricLoader/Mixin) Renaming synthetic method lambda$initGlobalAttachments$0()Lnet/fabricmc/fabric/impl/attachment/AttachmentSavedData; to md46f0ef$fabric-data-attachment-api-v1$lambda$initGlobalAttachments$0$3 in fabric-data-attachment-api-v1.mixins.json:MinecraftServerMixin from mod fabric-data-attachment-api-v1
[14:46:51] [Render thread/DEBUG] (FabricLoader/Mixin) Mixing MinecraftServerMixin from fabric-registry-sync-v0.mixins.json into net.minecraft.server.MinecraftServer
[14:46:51] [Render thread/DEBUG] (FabricLoader/Mixin) fabric-game-rule-api-v1.mixins.json:MinecraftServerMixin from mod fabric-game-rule-api-v1->@Inject::handleGameRuleUpdate(Lnet/minecraft/world/level/gamerules/GameRule;Ljava/lang/Object;Lorg/spongepowered/asm/mixin/injection/callback/CallbackInfo;)V doesn't use it's CallbackInfo
[14:46:51] [Render thread/DEBUG] (FabricLoader/Mixin) fabric-game-rule-api-v1.mixins.json:MinecraftServerMixin from mod fabric-game-rule-api-v1->@Inject::handleGameRuleUpdate(Lnet/minecraft/world/level/gamerules/GameRule;Ljava/lang/Object;Lorg/spongepowered/asm/mixin/injection/callback/CallbackInfo;)V has 0 override(s) in child classes
[14:46:51] [Render thread/DEBUG] (FabricLoader/Mixin) fabric-game-rule-api-v1.mixins.json:MinecraftServerMixin from mod fabric-game-rule-api-v1->@Inject::handleGameRuleUpdate(Lnet/minecraft/world/level/gamerules/GameRule;Ljava/lang/Object;Lorg/spongepowered/asm/mixin/injection/callback/CallbackInfo;)V won't be passed a CallbackInfo as a result
[14:46:51] [Render thread/DEBUG] (FabricLoader/Mixin) fabric-message-api-v1.mixins.json:MinecraftServerMixin from mod fabric-message-api-v1->@Inject::onGetChatDecorator(Lorg/spongepowered/asm/mixin/injection/callback/CallbackInfoReturnable;)V does use it's CallbackInfoReturnable
[14:46:51] [Render thread/DEBUG] (FabricLoader/Mixin) fabric-resource-loader-v1.mixins.json:MinecraftServerMixin from mod fabric-resource-loader-v1->@Inject::init(Ljava/lang/Thread;Lnet/minecraft/world/level/storage/LevelStorageSource$LevelStorageAccess;Lnet/minecraft/server/packs/repository/PackRepository;Lnet/minecraft/server/WorldStem;Ljava/util/Optional;Ljava/net/Proxy;Lcom/mojang/datafixers/DataFixer;Lnet/minecraft/server/Services;Lnet/minecraft/server/level/progress/LevelLoadListener;ZLnet/minecraft/server/notifications/NotificationManager;Lorg/spongepowered/asm/mixin/injection/callback/CallbackInfo;)V doesn't use it's CallbackInfo
[14:46:51] [Render thread/DEBUG] (FabricLoader/Mixin) fabric-resource-loader-v1.mixins.json:MinecraftServerMixin from mod fabric-resource-loader-v1->@Inject::init(Ljava/lang/Thread;Lnet/minecraft/world/level/storage/LevelStorageSource$LevelStorageAccess;Lnet/minecraft/server/packs/repository/PackRepository;Lnet/minecraft/server/WorldStem;Ljava/util/Optional;Ljava/net/Proxy;Lcom/mojang/datafixers/DataFixer;Lnet/minecraft/server/Services;Lnet/minecraft/server/level/progress/LevelLoadListener;ZLnet/minecraft/server/notifications/NotificationManager;Lorg/spongepowered/asm/mixin/injection/callback/CallbackInfo;)V has 0 override(s) in child classes
[14:46:51] [Render thread/DEBUG] (FabricLoader/Mixin) fabric-resource-loader-v1.mixins.json:MinecraftServerMixin from mod fabric-resource-loader-v1->@Inject::init(Ljava/lang/Thread;Lnet/minecraft/world/level/storage/LevelStorageSource$LevelStorageAccess;Lnet/minecraft/server/packs/repository/PackRepository;Lnet/minecraft/server/WorldStem;Ljava/util/Optional;Ljava/net/Proxy;Lcom/mojang/datafixers/DataFixer;Lnet/minecraft/server/Services;Lnet/minecraft/server/level/progress/LevelLoadListener;ZLnet/minecraft/server/notifications/NotificationManager;Lorg/spongepowered/asm/mixin/injection/callback/CallbackInfo;)V won't be passed a CallbackInfo as a result
[14:46:51] [Render thread/DEBUG] (FabricLoader/Mixin) fabric-biome-api-v1.mixins.json:modification.MinecraftServerMixin from mod fabric-biome-api-v1->@Inject::finalizeWorldGen(Lorg/spongepowered/asm/mixin/injection/callback/CallbackInfo;)V doesn't use it's CallbackInfo
[14:46:51] [Render thread/DEBUG] (FabricLoader/Mixin) fabric-biome-api-v1.mixins.json:modification.MinecraftServerMixin from mod fabric-biome-api-v1->@Inject::finalizeWorldGen(Lorg/spongepowered/asm/mixin/injection/callback/CallbackInfo;)V has 0 override(s) in child classes
[14:46:51] [Render thread/DEBUG] (FabricLoader/Mixin) fabric-biome-api-v1.mixins.json:modification.MinecraftServerMixin from mod fabric-biome-api-v1->@Inject::finalizeWorldGen(Lorg/spongepowered/asm/mixin/injection/callback/CallbackInfo;)V won't be passed a CallbackInfo as a result
[14:46:51] [Render thread/DEBUG] (FabricLoader/Mixin) fabric-lifecycle-events-v1.mixins.json:MinecraftServerMixin from mod fabric-lifecycle-events-v1->@Inject::beforeSetupServer(Lorg/spongepowered/asm/mixin/injection/callback/CallbackInfo;)V doesn't use it's CallbackInfo
[14:46:51] [Render thread/DEBUG] (FabricLoader/Mixin) fabric-lifecycle-events-v1.mixins.json:MinecraftServerMixin from mod fabric-lifecycle-events-v1->@Inject::beforeSetupServer(Lorg/spongepowered/asm/mixin/injection/callback/CallbackInfo;)V has 0 override(s) in child classes
[14:46:51] [Render thread/DEBUG] (FabricLoader/Mixin) fabric-lifecycle-events-v1.mixins.json:MinecraftServerMixin from mod fabric-lifecycle-events-v1->@Inject::beforeSetupServer(Lorg/spongepowered/asm/mixin/injection/callback/CallbackInfo;)V won't be passed a CallbackInfo as a result
[14:46:51] [Render thread/DEBUG] (FabricLoader/Mixin) fabric-lifecycle-events-v1.mixins.json:MinecraftServerMixin from mod fabric-lifecycle-events-v1->@Inject::afterSetupServer(Lorg/spongepowered/asm/mixin/injection/callback/CallbackInfo;)V doesn't use it's CallbackInfo
[14:46:51] [Render thread/DEBUG] (FabricLoader/Mixin) fabric-lifecycle-events-v1.mixins.json:MinecraftServerMixin from mod fabric-lifecycle-events-v1->@Inject::afterSetupServer(Lorg/spongepowered/asm/mixin/injection/callback/CallbackInfo;)V has 0 override(s) in child classes
[14:46:51] [Render thread/DEBUG] (FabricLoader/Mixin) fabric-lifecycle-events-v1.mixins.json:MinecraftServerMixin from mod fabric-lifecycle-events-v1->@Inject::afterSetupServer(Lorg/spongepowered/asm/mixin/injection/callback/CallbackInfo;)V won't be passed a CallbackInfo as a result
[14:46:51] [Render thread/DEBUG] (FabricLoader/Mixin) fabric-lifecycle-events-v1.mixins.json:MinecraftServerMixin from mod fabric-lifecycle-events-v1->@Inject::beforeShutdownServer(Lorg/spongepowered/asm/mixin/injection/callback/CallbackInfo;)V doesn't use it's CallbackInfo
[14:46:51] [Render thread/DEBUG] (FabricLoader/Mixin) fabric-lifecycle-events-v1.mixins.json:MinecraftServerMixin from mod fabric-lifecycle-events-v1->@Inject::beforeShutdownServer(Lorg/spongepowered/asm/mixin/injection/callback/CallbackInfo;)V has 0 override(s) in child classes
[14:46:51] [Render thread/DEBUG] (FabricLoader/Mixin) fabric-lifecycle-events-v1.mixins.json:MinecraftServerMixin from mod fabric-lifecycle-events-v1->@Inject::beforeShutdownServer(Lorg/spongepowered/asm/mixin/injection/callback/CallbackInfo;)V won't be passed a CallbackInfo as a result
[14:46:51] [Render thread/DEBUG] (FabricLoader/Mixin) fabric-lifecycle-events-v1.mixins.json:MinecraftServerMixin from mod fabric-lifecycle-events-v1->@Inject::afterShutdownServer(Lorg/spongepowered/asm/mixin/injection/callback/CallbackInfo;)V doesn't use it's CallbackInfo
[14:46:51] [Render thread/DEBUG] (FabricLoader/Mixin) fabric-lifecycle-events-v1.mixins.json:MinecraftServerMixin from mod fabric-lifecycle-events-v1->@Inject::afterShutdownServer(Lorg/spongepowered/asm/mixin/injection/callback/CallbackInfo;)V has 0 override(s) in child classes
[14:46:51] [Render thread/DEBUG] (FabricLoader/Mixin) fabric-lifecycle-events-v1.mixins.json:MinecraftServerMixin from mod fabric-lifecycle-events-v1->@Inject::afterShutdownServer(Lorg/spongepowered/asm/mixin/injection/callback/CallbackInfo;)V won't be passed a CallbackInfo as a result
[14:46:51] [Render thread/DEBUG] (FabricLoader/Mixin) fabric-lifecycle-events-v1.mixins.json:MinecraftServerMixin from mod fabric-lifecycle-events-v1->@Inject::onStartTick(Ljava/util/function/BooleanSupplier;Lorg/spongepowered/asm/mixin/injection/callback/CallbackInfo;)V doesn't use it's CallbackInfo
[14:46:51] [Render thread/DEBUG] (FabricLoader/Mixin) fabric-lifecycle-events-v1.mixins.json:MinecraftServerMixin from mod fabric-lifecycle-events-v1->@Inject::onStartTick(Ljava/util/function/BooleanSupplier;Lorg/spongepowered/asm/mixin/injection/callback/CallbackInfo;)V has 0 override(s) in child classes
[14:46:51] [Render thread/DEBUG] (FabricLoader/Mixin) fabric-lifecycle-events-v1.mixins.json:MinecraftServerMixin from mod fabric-lifecycle-events-v1->@Inject::onStartTick(Ljava/util/function/BooleanSupplier;Lorg/spongepowered/asm/mixin/injection/callback/CallbackInfo;)V won't be passed a CallbackInfo as a result
[14:46:51] [Render thread/DEBUG] (FabricLoader/Mixin) fabric-lifecycle-events-v1.mixins.json:MinecraftServerMixin from mod fabric-lifecycle-events-v1->@Inject::onEndTick(Ljava/util/function/BooleanSupplier;Lorg/spongepowered/asm/mixin/injection/callback/CallbackInfo;)V doesn't use it's CallbackInfo
[14:46:51] [Render thread/DEBUG] (FabricLoader/Mixin) fabric-lifecycle-events-v1.mixins.json:MinecraftServerMixin from mod fabric-lifecycle-events-v1->@Inject::onEndTick(Ljava/util/function/BooleanSupplier;Lorg/spongepowered/asm/mixin/injection/callback/CallbackInfo;)V has 0 override(s) in child classes
[14:46:51] [Render thread/DEBUG] (FabricLoader/Mixin) fabric-lifecycle-events-v1.mixins.json:MinecraftServerMixin from mod fabric-lifecycle-events-v1->@Inject::onEndTick(Ljava/util/function/BooleanSupplier;Lorg/spongepowered/asm/mixin/injection/callback/CallbackInfo;)V won't be passed a CallbackInfo as a result
[14:46:51] [Render thread/DEBUG] (FabricLoader/Mixin) fabric-lifecycle-events-v1.mixins.json:MinecraftServerMixin from mod fabric-lifecycle-events-v1->@Inject::onUnloadWorldAtShutdown(Lorg/spongepowered/asm/mixin/injection/callback/CallbackInfo;)V doesn't use it's CallbackInfo
[14:46:51] [Render thread/DEBUG] (FabricLoader/Mixin) fabric-lifecycle-events-v1.mixins.json:MinecraftServerMixin from mod fabric-lifecycle-events-v1->@Inject::onUnloadWorldAtShutdown(Lorg/spongepowered/asm/mixin/injection/callback/CallbackInfo;)V has 0 override(s) in child classes
[14:46:51] [Render thread/DEBUG] (FabricLoader/Mixin) fabric-lifecycle-events-v1.mixins.json:MinecraftServerMixin from mod fabric-lifecycle-events-v1->@Inject::onUnloadWorldAtShutdown(Lorg/spongepowered/asm/mixin/injection/callback/CallbackInfo;)V won't be passed a CallbackInfo as a result
[14:46:51] [Render thread/DEBUG] (FabricLoader/Mixin) fabric-lifecycle-events-v1.mixins.json:MinecraftServerMixin from mod fabric-lifecycle-events-v1->@Inject::startResourceReload(Ljava/util/Collection;Lorg/spongepowered/asm/mixin/injection/callback/CallbackInfoReturnable;)V doesn't use it's CallbackInfoReturnable
[14:46:51] [Render thread/DEBUG] (FabricLoader/Mixin) fabric-lifecycle-events-v1.mixins.json:MinecraftServerMixin from mod fabric-lifecycle-events-v1->@Inject::startResourceReload(Ljava/util/Collection;Lorg/spongepowered/asm/mixin/injection/callback/CallbackInfoReturnable;)V has 0 override(s) in child classes
[14:46:51] [Render thread/DEBUG] (FabricLoader/Mixin) fabric-lifecycle-events-v1.mixins.json:MinecraftServerMixin from mod fabric-lifecycle-events-v1->@Inject::startResourceReload(Ljava/util/Collection;Lorg/spongepowered/asm/mixin/injection/callback/CallbackInfoReturnable;)V won't be passed a CallbackInfoReturnable as a result
[14:46:51] [Render thread/DEBUG] (FabricLoader/Mixin) fabric-lifecycle-events-v1.mixins.json:MinecraftServerMixin from mod fabric-lifecycle-events-v1->@Inject::endResourceReload(Ljava/util/Collection;Lorg/spongepowered/asm/mixin/injection/callback/CallbackInfoReturnable;)V does use it's CallbackInfoReturnable
[14:46:51] [Render thread/DEBUG] (FabricLoader/Mixin) fabric-lifecycle-events-v1.mixins.json:MinecraftServerMixin from mod fabric-lifecycle-events-v1->@Inject::startSave(ZZZLorg/spongepowered/asm/mixin/injection/callback/CallbackInfoReturnable;)V doesn't use it's CallbackInfoReturnable
[14:46:51] [Render thread/DEBUG] (FabricLoader/Mixin) fabric-lifecycle-events-v1.mixins.json:MinecraftServerMixin from mod fabric-lifecycle-events-v1->@Inject::startSave(ZZZLorg/spongepowered/asm/mixin/injection/callback/CallbackInfoReturnable;)V has 0 override(s) in child classes
[14:46:51] [Render thread/DEBUG] (FabricLoader/Mixin) fabric-lifecycle-events-v1.mixins.json:MinecraftServerMixin from mod fabric-lifecycle-events-v1->@Inject::startSave(ZZZLorg/spongepowered/asm/mixin/injection/callback/CallbackInfoReturnable;)V won't be passed a CallbackInfoReturnable as a result
[14:46:51] [Render thread/DEBUG] (FabricLoader/Mixin) fabric-lifecycle-events-v1.mixins.json:MinecraftServerMixin from mod fabric-lifecycle-events-v1->@Inject::endSave(ZZZLorg/spongepowered/asm/mixin/injection/callback/CallbackInfoReturnable;)V doesn't use it's CallbackInfoReturnable
[14:46:51] [Render thread/DEBUG] (FabricLoader/Mixin) fabric-lifecycle-events-v1.mixins.json:MinecraftServerMixin from mod fabric-lifecycle-events-v1->@Inject::endSave(ZZZLorg/spongepowered/asm/mixin/injection/callback/CallbackInfoReturnable;)V has 0 override(s) in child classes
[14:46:51] [Render thread/DEBUG] (FabricLoader/Mixin) fabric-lifecycle-events-v1.mixins.json:MinecraftServerMixin from mod fabric-lifecycle-events-v1->@Inject::endSave(ZZZLorg/spongepowered/asm/mixin/injection/callback/CallbackInfoReturnable;)V won't be passed a CallbackInfoReturnable as a result
[14:46:51] [Render thread/DEBUG] (FabricLoader/Mixin) fabric-data-attachment-api-v1.mixins.json:MinecraftServerMixin from mod fabric-data-attachment-api-v1->@Inject::initGlobalAttachments(Lorg/spongepowered/asm/mixin/injection/callback/CallbackInfo;)V doesn't use it's CallbackInfo
[14:46:51] [Render thread/DEBUG] (FabricLoader/Mixin) fabric-data-attachment-api-v1.mixins.json:MinecraftServerMixin from mod fabric-data-attachment-api-v1->@Inject::initGlobalAttachments(Lorg/spongepowered/asm/mixin/injection/callback/CallbackInfo;)V has 0 override(s) in child classes
[14:46:51] [Render thread/DEBUG] (FabricLoader/Mixin) fabric-data-attachment-api-v1.mixins.json:MinecraftServerMixin from mod fabric-data-attachment-api-v1->@Inject::initGlobalAttachments(Lorg/spongepowered/asm/mixin/injection/callback/CallbackInfo;)V won't be passed a CallbackInfo as a result
[14:46:51] [Render thread/DEBUG] (FabricLoader/Mixin) fabric-registry-sync-v0.mixins.json:MinecraftServerMixin from mod fabric-registry-sync-v0->@Inject::saveRegistryEntryInfo(Ljava/lang/Thread;Lnet/minecraft/world/level/storage/LevelStorageSource$LevelStorageAccess;Lnet/minecraft/server/packs/repository/PackRepository;Lnet/minecraft/server/WorldStem;Ljava/util/Optional;Ljava/net/Proxy;Lcom/mojang/datafixers/DataFixer;Lnet/minecraft/server/Services;Lnet/minecraft/server/level/progress/LevelLoadListener;ZLnet/minecraft/server/notifications/NotificationManager;Lorg/spongepowered/asm/mixin/injection/callback/CallbackInfo;)V doesn't use it's CallbackInfo
[14:46:51] [Render thread/DEBUG] (FabricLoader/Mixin) fabric-registry-sync-v0.mixins.json:MinecraftServerMixin from mod fabric-registry-sync-v0->@Inject::saveRegistryEntryInfo(Ljava/lang/Thread;Lnet/minecraft/world/level/storage/LevelStorageSource$LevelStorageAccess;Lnet/minecraft/server/packs/repository/PackRepository;Lnet/minecraft/server/WorldStem;Ljava/util/Optional;Ljava/net/Proxy;Lcom/mojang/datafixers/DataFixer;Lnet/minecraft/server/Services;Lnet/minecraft/server/level/progress/LevelLoadListener;ZLnet/minecraft/server/notifications/NotificationManager;Lorg/spongepowered/asm/mixin/injection/callback/CallbackInfo;)V has 0 override(s) in child classes
[14:46:51] [Render thread/DEBUG] (FabricLoader/Mixin) fabric-registry-sync-v0.mixins.json:MinecraftServerMixin from mod fabric-registry-sync-v0->@Inject::saveRegistryEntryInfo(Ljava/lang/Thread;Lnet/minecraft/world/level/storage/LevelStorageSource$LevelStorageAccess;Lnet/minecraft/server/packs/repository/PackRepository;Lnet/minecraft/server/WorldStem;Ljava/util/Optional;Ljava/net/Proxy;Lcom/mojang/datafixers/DataFixer;Lnet/minecraft/server/Services;Lnet/minecraft/server/level/progress/LevelLoadListener;ZLnet/minecraft/server/notifications/NotificationManager;Lorg/spongepowered/asm/mixin/injection/callback/CallbackInfo;)V won't be passed a CallbackInfo as a result
[14:46:51] [Render thread/INFO] (Satchels/Compat) Both Trinkets Updated and Ohmega detected — Trinkets takes priority for the satchel accessory slot, Ohmega's satchel slot integration stays inactive.
[14:46:51] [Render thread/INFO] (raised) Registering Raised layer 'satchels:satchel_hotbar'
[14:46:51] [Render thread/DEBUG] (FabricLoader/Mixin) Mixing ServerGamePacketListenerImplMixin from fabric-networking-api-v1.mixins.json into net.minecraft.server.network.ServerGamePacketListenerImpl
[14:46:51] [Render thread/DEBUG] (FabricLoader/Mixin) Mixing ServerGamePacketListenerImplMixin from satchels.mixins.json into net.minecraft.server.network.ServerGamePacketListenerImpl
[14:46:51] [Render thread/DEBUG] (FabricLoader/Mixin) Mixing ServerGamePacketListenerImplMixin from trinkets.mixins.json into net.minecraft.server.network.ServerGamePacketListenerImpl
[14:46:51] [Render thread/DEBUG] (FabricLoader/Mixin) Mixing ServerGamePacketListenerImplMixin from fabric-events-interaction-v0.mixins.json into net.minecraft.server.network.ServerGamePacketListenerImpl
[14:46:51] [Render thread/DEBUG] (FabricLoader/Mixin) fabric-networking-api-v1.mixins.json:ServerGamePacketListenerImplMixin from mod fabric-networking-api-v1->@Inject::initAddon(Lorg/spongepowered/asm/mixin/injection/callback/CallbackInfo;)V doesn't use it's CallbackInfo
[14:46:51] [Render thread/DEBUG] (FabricLoader/Mixin) fabric-networking-api-v1.mixins.json:ServerGamePacketListenerImplMixin from mod fabric-networking-api-v1->@Inject::initAddon(Lorg/spongepowered/asm/mixin/injection/callback/CallbackInfo;)V has 0 override(s) in child classes
[14:46:51] [Render thread/DEBUG] (FabricLoader/Mixin) fabric-networking-api-v1.mixins.json:ServerGamePacketListenerImplMixin from mod fabric-networking-api-v1->@Inject::initAddon(Lorg/spongepowered/asm/mixin/injection/callback/CallbackInfo;)V won't be passed a CallbackInfo as a result
[14:46:51] [Render thread/DEBUG] (FabricLoader/Mixin) fabric-networking-api-v1.mixins.json:ServerGamePacketListenerImplMixin from mod fabric-networking-api-v1->@Inject::handleCustomPayloadReceivedAsync(Lnet/minecraft/network/protocol/common/ServerboundCustomPayloadPacket;Lorg/spongepowered/asm/mixin/injection/callback/CallbackInfo;)V does use it's CallbackInfo
[14:46:51] [Render thread/DEBUG] (FabricLoader/Mixin) satchels.mixins.json:ServerGamePacketListenerImplMixin from mod satchels->@Inject::satchels$checkSatchelFirst(Lnet/minecraft/world/item/ItemStack;Lorg/spongepowered/asm/mixin/injection/callback/CallbackInfo;)V does use it's CallbackInfo
[14:46:51] [Render thread/DEBUG] (FabricLoader/Mixin) satchels.mixins.json:ServerGamePacketListenerImplMixin from mod satchels->@Inject::satchels$deselectSatchelIfNeeded(Lnet/minecraft/world/item/ItemStack;Lorg/spongepowered/asm/mixin/injection/callback/CallbackInfo;)V doesn't use it's CallbackInfo
[14:46:51] [Render thread/DEBUG] (FabricLoader/Mixin) satchels.mixins.json:ServerGamePacketListenerImplMixin from mod satchels->@Inject::satchels$deselectSatchelIfNeeded(Lnet/minecraft/world/item/ItemStack;Lorg/spongepowered/asm/mixin/injection/callback/CallbackInfo;)V has 0 override(s) in child classes
[14:46:51] [Render thread/DEBUG] (FabricLoader/Mixin) satchels.mixins.json:ServerGamePacketListenerImplMixin from mod satchels->@Inject::satchels$deselectSatchelIfNeeded(Lnet/minecraft/world/item/ItemStack;Lorg/spongepowered/asm/mixin/injection/callback/CallbackInfo;)V won't be passed a CallbackInfo as a result
[14:46:51] [Render thread/DEBUG] (FabricLoader/Mixin) fabric-events-interaction-v0.mixins.json:ServerGamePacketListenerImplMixin from mod fabric-events-interaction-v0->@Inject::handleInteract(Lnet/minecraft/network/protocol/game/ServerboundInteractPacket;Lorg/spongepowered/asm/mixin/injection/callback/CallbackInfo;)V does use it's CallbackInfo
[14:46:51] [Render thread/DEBUG] (FabricLoader/Mixin) Mixing LootTableBuilderMixin from fabric-loot-api-v3.mixins.json into net.minecraft.world.level.storage.loot.LootTable$Builder
[14:46:51] [Render thread/INFO] (raised) Loading Raised config...
[14:46:51] [Render thread/DEBUG] (io.netty.util.internal.InternalThreadLocalMap) -Dio.netty.threadLocalMap.stringBuilder.initialSize: 1024
[14:46:51] [Render thread/DEBUG] (io.netty.util.internal.InternalThreadLocalMap) -Dio.netty.threadLocalMap.stringBuilder.maxSize: 4096
[14:46:51] [Render thread/DEBUG] (io.netty.util.internal.PlatformDependent0) Java version: 25
[14:46:51] [Render thread/DEBUG] (io.netty.util.internal.PlatformDependent0) -Dio.netty.noUnsafe: false
[14:46:51] [Render thread/DEBUG] (io.netty.util.internal.PlatformDependent0) sun.misc.Unsafe.theUnsafe: available
[14:46:51] [Render thread/DEBUG] (io.netty.util.internal.PlatformDependent0) sun.misc.Unsafe base methods: all available
[14:46:51] [Render thread/DEBUG] (io.netty.util.internal.PlatformDependent0) java.nio.Buffer.address: available
[14:46:51] [Render thread/DEBUG] (io.netty.util.internal.PlatformDependent0) direct buffer constructor: unavailable: Reflective setAccessible(true) disabled
[14:46:51] [Render thread/DEBUG] (io.netty.util.internal.PlatformDependent0) java.nio.Bits.unaligned: available, true
[14:46:51] [Render thread/DEBUG] (io.netty.util.internal.PlatformDependent0) jdk.internal.misc.Unsafe.allocateUninitializedArray(int): unavailable: symbolic reference class is not accessible: class jdk.internal.misc.Unsafe, from class io.netty.util.internal.PlatformDependent0 (unnamed module @58a9760d)
[14:46:51] [Render thread/DEBUG] (io.netty.util.internal.PlatformDependent0) java.nio.DirectByteBuffer.<init>(long, {int,long}): unavailable
[14:46:51] [Render thread/DEBUG] (io.netty.util.internal.PlatformDependent) sun.misc.Unsafe: available
[14:46:51] [Render thread/DEBUG] (io.netty.util.internal.PlatformDependent) -Dio.netty.tmpdir: C:\Users\WINORD~1\AppData\Local\Temp (java.io.tmpdir)
[14:46:51] [Render thread/DEBUG] (io.netty.util.internal.PlatformDependent) -Dio.netty.bitMode: 64 (sun.arch.data.model)
[14:46:51] [Render thread/DEBUG] (io.netty.util.internal.PlatformDependent) Platform: Windows
[14:46:51] [Render thread/DEBUG] (io.netty.util.internal.PlatformDependent) -Dio.netty.maxDirectMemory: 8350859264 bytes
[14:46:51] [Render thread/DEBUG] (io.netty.util.internal.CleanerJava9) java.nio.ByteBuffer.cleaner(): available
[14:46:51] [Render thread/DEBUG] (io.netty.util.internal.PlatformDependent) -Dio.netty.noPreferDirect: false
[14:46:51] [Render thread/DEBUG] (io.netty.util.internal.PlatformDependent) -Dio.netty.ignoreExpensiveClean: false
[14:46:51] [Render thread/DEBUG] (io.netty.util.internal.PlatformDependent) -Dio.netty.jfr.enabled: true
[14:46:51] [Render thread/DEBUG] (io.netty.buffer.AdaptiveByteBufAllocator) -Dio.netty.allocator.useCachedMagazinesForNonEventLoopThreads: false
[14:46:51] [Render thread/DEBUG] (io.netty.util.Recycler) -Dio.netty.recycler.maxCapacityPerThread: 4096
[14:46:51] [Render thread/DEBUG] (io.netty.util.Recycler) -Dio.netty.recycler.ratio: 8
[14:46:51] [Render thread/DEBUG] (io.netty.util.Recycler) -Dio.netty.recycler.chunkSize: 32
[14:46:51] [Render thread/DEBUG] (io.netty.util.Recycler) -Dio.netty.recycler.blocking: false
[14:46:51] [Render thread/DEBUG] (io.netty.util.Recycler) -Dio.netty.recycler.batchFastThreadLocalOnly: true
[14:46:51] [Render thread/DEBUG] (io.netty.buffer.ByteBufUtil) -Dio.netty.allocator.type: adaptive
[14:46:51] [Render thread/DEBUG] (io.netty.buffer.ByteBufUtil) -Dio.netty.threadLocalDirectBufferSize: 0
[14:46:51] [Render thread/DEBUG] (io.netty.buffer.ByteBufUtil) -Dio.netty.maxThreadLocalCharBufferSize: 16384
[14:46:51] [Render thread/DEBUG] (FabricLoader/Mixin) Mixing VarIntAccessor from fabric-data-attachment-api-v1.mixins.json into net.minecraft.network.VarInt
[14:46:51] [Render thread/DEBUG] (FabricLoader/Mixin) Renaming @Accessor method getMaxByteSize()I to getMaxByteSize$fabric-data-attachment-api-v1_$md$46f0ef$0 in fabric-data-attachment-api-v1.mixins.json:VarIntAccessor from mod fabric-data-attachment-api-v1
[14:46:51] [Render thread/DEBUG] (FabricLoader/Mixin) Mixing ClientboundCustomPayloadPacketMixin from fabric-networking-api-v1.mixins.json into net.minecraft.network.protocol.common.ClientboundCustomPayloadPacket
[14:46:51] [Render thread/DEBUG] (FabricLoader/Mixin) Renaming synthetic method lambda$wrapConfigCodec$0(Lnet/minecraft/network/FriendlyByteBuf;Lnet/minecraft/resources/Identifier;)Lnet/minecraft/network/protocol/common/custom/CustomPacketPayload$TypeAndCodec; to md46f0ef$fabric-networking-api-v1$lambda$wrapConfigCodec$0$0 in fabric-networking-api-v1.mixins.json:ClientboundCustomPayloadPacketMixin from mod fabric-networking-api-v1
[14:46:51] [Render thread/DEBUG] (FabricLoader/Mixin) Renaming synthetic method lambda$wrapPlayCodec$0(Lnet/minecraft/network/RegistryFriendlyByteBuf;Lnet/minecraft/resources/Identifier;)Lnet/minecraft/network/protocol/common/custom/CustomPacketPayload$TypeAndCodec; to md46f0ef$fabric-networking-api-v1$lambda$wrapPlayCodec$0$1 in fabric-networking-api-v1.mixins.json:ClientboundCustomPayloadPacketMixin from mod fabric-networking-api-v1
[14:46:51] [Render thread/DEBUG] (FabricLoader/Mixin) Mixing ClientboundCustomPayloadPacketAccessor from fabric-data-attachment-api-v1.mixins.json into net.minecraft.network.protocol.common.ClientboundCustomPayloadPacket
[14:46:51] [Render thread/DEBUG] (FabricLoader/Mixin) Mixing CustomPayloadStreamCodecMixin from fabric-networking-api-v1.mixins.json into net.minecraft.network.protocol.common.custom.CustomPacketPayload$1
[14:46:51] [Minecraft Services Discovery/DEBUG] (com.mojang.authlib.minecraft.client.MinecraftClient) Connecting to https://api.minecraftservices.com/publickeys
[14:46:51] [Download-2/DEBUG] (com.mojang.authlib.minecraft.client.MinecraftClient) Connecting to https://api.minecraftservices.com/player/attributes
[14:46:51] [Download-1/DEBUG] (com.mojang.authlib.minecraft.client.MinecraftClient) Connecting to https://sessionserver.mojang.com/session/minecraft/profile/953c0f4b23da3defad4295a4bec239c5?unsigned=false
[14:46:51] [Render thread/DEBUG] (Ohmega) Loaded implementation 'com.swacky.ohmega.api.AccessoryHelperImpl' for service 'com.swacky.ohmega.api.AccessoryHelper$Service'
[14:46:51] [Render thread/DEBUG] (Ohmega) Loaded implementation 'com.swacky.ohmega.common.init.OhmegaDataComponentsImpl' for service 'com.swacky.ohmega.common.init.OhmegaDataComponents$Service'
[14:46:51] [Render thread/DEBUG] (Ohmega) Loaded implementation 'com.swacky.ohmega.common.init.OhmegaMenusImpl' for service 'com.swacky.ohmega.common.init.OhmegaMenus$Service'
[14:46:51] [Render thread/DEBUG] (Ohmega) Loaded implementation 'com.swacky.ohmega.config.OhmegaConfigImpl$Server' for service 'com.swacky.ohmega.config.OhmegaConfig$Server$Service'
[14:46:51] [Render thread/DEBUG] (Ohmega) Loaded implementation 'com.swacky.ohmega.event.OhmegaHooksImpl' for service 'com.swacky.ohmega.event.OhmegaHooks$Service'
[14:46:51] [Render thread/DEBUG] (Ohmega) Loaded implementation 'com.swacky.ohmega.network.OhmegaNetworkingImpl$C2S' for service 'com.swacky.ohmega.network.OhmegaNetworking$C2S$Service'
[14:46:51] [Render thread/DEBUG] (Ohmega) Loaded implementation 'com.swacky.ohmega.network.OhmegaNetworkingImpl$S2C' for service 'com.swacky.ohmega.network.OhmegaNetworking$S2C$Service'
[14:46:51] [Render thread/INFO] (Ohmega) Successfully loaded 7 services
[14:46:51] [Minecraft Services Discovery/DEBUG] (com.mojang.authlib.minecraft.client.MinecraftClient) Connecting to https://api.minecraftservices.com/publickeys
[14:46:51] [Render thread/DEBUG] (net.neoforged.fml.config.ConfigTracker) Config file ohmega-server.toml for ohmega tracking
[14:46:51] [Render thread/DEBUG] (FabricLoader/Mixin) Mixing FileToIdConverterAccessor from fabric-resource-conditions-api-v1.mixins.json into net.minecraft.resources.FileToIdConverter
[14:46:51] [Render thread/DEBUG] (FabricLoader/Entrypoint) Iterating over entrypoint 'client'
[14:46:51] [Render thread/DEBUG] (FabricLoader/Mixin) Mixing ClientConfigurationPacketListenerImplMixin from fabric-networking-api-v1.client.mixins.json into net.minecraft.client.multiplayer.ClientConfigurationPacketListenerImpl
[14:46:51] [Render thread/DEBUG] (FabricLoader/Mixin) Mixing accessor.ClientConfigurationPacketListenerImplAccessor from fabric-networking-api-v1.client.mixins.json into net.minecraft.client.multiplayer.ClientConfigurationPacketListenerImpl
[14:46:51] [Render thread/DEBUG] (FabricLoader/Mixin) Mixing ClientConfigurationPacketListenerImplMixin from fabric-lifecycle-events-v1.client.mixins.json into net.minecraft.client.multiplayer.ClientConfigurationPacketListenerImpl
[14:46:51] [Render thread/DEBUG] (FabricLoader/Mixin) Mixing sync.ClientConfigurationPacketListenerImplMixin from fabric-recipe-api-v1.client.mixins.json into net.minecraft.client.multiplayer.ClientConfigurationPacketListenerImpl
[14:46:51] [Render thread/DEBUG] (FabricLoader/Mixin) fabric-networking-api-v1.client.mixins.json:ClientConfigurationPacketListenerImplMixin from mod fabric-networking-api-v1->@Inject::initAddon(Lorg/spongepowered/asm/mixin/injection/callback/CallbackInfo;)V doesn't use it's CallbackInfo
[14:46:51] [Render thread/DEBUG] (FabricLoader/Mixin) fabric-networking-api-v1.client.mixins.json:ClientConfigurationPacketListenerImplMixin from mod fabric-networking-api-v1->@Inject::initAddon(Lorg/spongepowered/asm/mixin/injection/callback/CallbackInfo;)V has 0 override(s) in child classes
[14:46:51] [Render thread/DEBUG] (FabricLoader/Mixin) fabric-networking-api-v1.client.mixins.json:ClientConfigurationPacketListenerImplMixin from mod fabric-networking-api-v1->@Inject::initAddon(Lorg/spongepowered/asm/mixin/injection/callback/CallbackInfo;)V won't be passed a CallbackInfo as a result
[14:46:51] [Render thread/DEBUG] (FabricLoader/Mixin) fabric-networking-api-v1.client.mixins.json:ClientConfigurationPacketListenerImplMixin from mod fabric-networking-api-v1->@Inject::handleComplete(Lnet/minecraft/network/protocol/configuration/ClientboundFinishConfigurationPacket;Lorg/spongepowered/asm/mixin/injection/callback/CallbackInfo;)V doesn't use it's CallbackInfo
[14:46:51] [Render thread/DEBUG] (FabricLoader/Mixin) fabric-networking-api-v1.client.mixins.json:ClientConfigurationPacketListenerImplMixin from mod fabric-networking-api-v1->@Inject::handleComplete(Lnet/minecraft/network/protocol/configuration/ClientboundFinishConfigurationPacket;Lorg/spongepowered/asm/mixin/injection/callback/CallbackInfo;)V has 0 override(s) in child classes
[14:46:51] [Render thread/DEBUG] (FabricLoader/Mixin) fabric-networking-api-v1.client.mixins.json:ClientConfigurationPacketListenerImplMixin from mod fabric-networking-api-v1->@Inject::handleComplete(Lnet/minecraft/network/protocol/configuration/ClientboundFinishConfigurationPacket;Lorg/spongepowered/asm/mixin/injection/callback/CallbackInfo;)V won't be passed a CallbackInfo as a result
[14:46:51] [Render thread/DEBUG] (FabricLoader/Mixin) fabric-lifecycle-events-v1.client.mixins.json:ClientConfigurationPacketListenerImplMixin from mod fabric-lifecycle-events-v1->@Inject::invokeTagsLoaded(Lnet/minecraft/network/protocol/configuration/ClientboundFinishConfigurationPacket;Lorg/spongepowered/asm/mixin/injection/callback/CallbackInfo;)V doesn't use it's CallbackInfo
[14:46:51] [Render thread/DEBUG] (FabricLoader/Mixin) fabric-lifecycle-events-v1.client.mixins.json:ClientConfigurationPacketListenerImplMixin from mod fabric-lifecycle-events-v1->@Inject::invokeTagsLoaded(Lnet/minecraft/network/protocol/configuration/ClientboundFinishConfigurationPacket;Lorg/spongepowered/asm/mixin/injection/callback/CallbackInfo;)V has 0 override(s) in child classes
[14:46:51] [Render thread/DEBUG] (FabricLoader/Mixin) fabric-lifecycle-events-v1.client.mixins.json:ClientConfigurationPacketListenerImplMixin from mod fabric-lifecycle-events-v1->@Inject::invokeTagsLoaded(Lnet/minecraft/network/protocol/configuration/ClientboundFinishConfigurationPacket;Lorg/spongepowered/asm/mixin/injection/callback/CallbackInfo;)V won't be passed a CallbackInfo as a result
[14:46:51] [Render thread/DEBUG] (FabricLoader/Mixin) fabric-recipe-api-v1.client.mixins.json:sync.ClientConfigurationPacketListenerImplMixin from mod fabric-recipe-api-v1->@Inject::sendSupportedRecipeSerializers(Lnet/minecraft/network/protocol/configuration/ClientboundSelectKnownPacks;Lorg/spongepowered/asm/mixin/injection/callback/CallbackInfo;)V doesn't use it's CallbackInfo
[14:46:51] [Render thread/DEBUG] (FabricLoader/Mixin) fabric-recipe-api-v1.client.mixins.json:sync.ClientConfigurationPacketListenerImplMixin from mod fabric-recipe-api-v1->@Inject::sendSupportedRecipeSerializers(Lnet/minecraft/network/protocol/configuration/ClientboundSelectKnownPacks;Lorg/spongepowered/asm/mixin/injection/callback/CallbackInfo;)V has 0 override(s) in child classes
[14:46:51] [Render thread/DEBUG] (FabricLoader/Mixin) fabric-recipe-api-v1.client.mixins.json:sync.ClientConfigurationPacketListenerImplMixin from mod fabric-recipe-api-v1->@Inject::sendSupportedRecipeSerializers(Lnet/minecraft/network/protocol/configuration/ClientboundSelectKnownPacks;Lorg/spongepowered/asm/mixin/injection/callback/CallbackInfo;)V won't be passed a CallbackInfo as a result
[14:46:51] [Render thread/DEBUG] (FabricLoader/Mixin) Mixing accessor.ClientCommonPacketListenerImplAccessor from fabric-networking-api-v1.client.mixins.json into net.minecraft.client.multiplayer.ClientCommonPacketListenerImpl
[14:46:51] [Render thread/DEBUG] (FabricLoader/Mixin) Mixing ClientCommonPacketListenerImplMixin from fabric-networking-api-v1.client.mixins.json into net.minecraft.client.multiplayer.ClientCommonPacketListenerImpl
[14:46:51] [Render thread/DEBUG] (FabricLoader/Mixin) fabric-networking-api-v1.client.mixins.json:ClientCommonPacketListenerImplMixin from mod fabric-networking-api-v1->@Inject::onCustomPayload(Lnet/minecraft/network/protocol/common/ClientboundCustomPayloadPacket;Lorg/spongepowered/asm/mixin/injection/callback/CallbackInfo;)V does use it's CallbackInfo
[14:46:51] [Render thread/DEBUG] (FabricLoader/Mixin) Mixing ClientPacketListenerMixin from fabric-message-api-v1.client.mixins.json into net.minecraft.client.multiplayer.ClientPacketListener
[14:46:51] [Render thread/DEBUG] (FabricLoader/Mixin) Mixing ClientPacketListenerMixin from fabric-networking-api-v1.client.mixins.json into net.minecraft.client.multiplayer.ClientPacketListener
[14:46:51] [Render thread/DEBUG] (FabricLoader/Mixin) Mixing ClientPacketListenerRecipeUpdateMixin from jei.mixins.json into net.minecraft.client.multiplayer.ClientPacketListener
[14:46:51] [Render thread/DEBUG] (FabricLoader/Mixin) Mixing ClientPacketListenerAccessor from fabric-command-api-v2.client.mixins.json into net.minecraft.client.multiplayer.ClientPacketListener
[14:46:51] [Render thread/DEBUG] (FabricLoader/Mixin) Renaming @Invoker method invokeIsValidCommand(Lcom/mojang/brigadier/ParseResults;)Z to invokeIsValidCommand$fabric-command-api-v2_$md$46f0ef$0 in fabric-command-api-v2.client.mixins.json:ClientPacketListenerAccessor from mod fabric-command-api-v2
[14:46:51] [Render thread/DEBUG] (FabricLoader/Mixin) Mixing ClientPacketListenerMixin from fabric-command-api-v2.client.mixins.json into net.minecraft.client.multiplayer.ClientPacketListener
[14:46:51] [Render thread/DEBUG] (FabricLoader/Mixin) Mixing client.ClientPacketListenerMixin from trinkets.mixins.json into net.minecraft.client.multiplayer.ClientPacketListener
[14:46:51] [Render thread/DEBUG] (FabricLoader/Mixin) Mixing client.behaviour.ClientPacketListenerMixin from trinkets.mixins.json into net.minecraft.client.multiplayer.ClientPacketListener
[14:46:51] [Render thread/DEBUG] (FabricLoader/Mixin) Renaming synthetic method lambda$findTrinketTotem$0(Lnet/minecraft/world/item/ItemStack;)Z to md46f0ef$trinkets_updated$lambda$findTrinketTotem$0$1 in trinkets.mixins.json:client.behaviour.ClientPacketListenerMixin from mod trinkets_updated
[14:46:51] [Render thread/DEBUG] (FabricLoader/Mixin) Mixing ClientPacketListenerMixin from fabric-lifecycle-events-v1.client.mixins.json into net.minecraft.client.multiplayer.ClientPacketListener
[14:46:51] [Render thread/DEBUG] (FabricLoader/Mixin) Mixing ClientPacketListenerMixin from fabric-data-attachment-api-v1.client.mixins.json into net.minecraft.client.multiplayer.ClientPacketListener
[14:46:51] [Render thread/DEBUG] (FabricLoader/Mixin) Mixing sync.ClientPacketListenerMixin from fabric-recipe-api-v1.client.mixins.json into net.minecraft.client.multiplayer.ClientPacketListener
[14:46:51] [Render thread/DEBUG] (FabricLoader/Mixin) fabric-message-api-v1.client.mixins.json:ClientPacketListenerMixin from mod fabric-message-api-v1->@Inject::fabric_allowSendChatMessage(Ljava/lang/String;Lorg/spongepowered/asm/mixin/injection/callback/CallbackInfo;)V does use it's CallbackInfo
[14:46:51] [Render thread/DEBUG] (FabricLoader/Mixin) fabric-message-api-v1.client.mixins.json:ClientPacketListenerMixin from mod fabric-message-api-v1->@Inject::fabric_allowSendCommandMessage(Ljava/lang/String;Lorg/spongepowered/asm/mixin/injection/callback/CallbackInfo;)V does use it's CallbackInfo
[14:46:51] [Render thread/DEBUG] (FabricLoader/Mixin) fabric-networking-api-v1.client.mixins.json:ClientPacketListenerMixin from mod fabric-networking-api-v1->@Inject::initAddon(Lorg/spongepowered/asm/mixin/injection/callback/CallbackInfo;)V doesn't use it's CallbackInfo
[14:46:51] [Render thread/DEBUG] (FabricLoader/Mixin) fabric-networking-api-v1.client.mixins.json:ClientPacketListenerMixin from mod fabric-networking-api-v1->@Inject::initAddon(Lorg/spongepowered/asm/mixin/injection/callback/CallbackInfo;)V has 0 override(s) in child classes
[14:46:51] [Render thread/DEBUG] (FabricLoader/Mixin) fabric-networking-api-v1.client.mixins.json:ClientPacketListenerMixin from mod fabric-networking-api-v1->@Inject::initAddon(Lorg/spongepowered/asm/mixin/injection/callback/CallbackInfo;)V won't be passed a CallbackInfo as a result
[14:46:51] [Render thread/DEBUG] (FabricLoader/Mixin) fabric-networking-api-v1.client.mixins.json:ClientPacketListenerMixin from mod fabric-networking-api-v1->@Inject::handleServerPlayReady(Lnet/minecraft/network/protocol/game/ClientboundLoginPacket;Lorg/spongepowered/asm/mixin/injection/callback/CallbackInfo;)V doesn't use it's CallbackInfo
[14:46:51] [Render thread/DEBUG] (FabricLoader/Mixin) fabric-networking-api-v1.client.mixins.json:ClientPacketListenerMixin from mod fabric-networking-api-v1->@Inject::handleServerPlayReady(Lnet/minecraft/network/protocol/game/ClientboundLoginPacket;Lorg/spongepowered/asm/mixin/injection/callback/CallbackInfo;)V has 0 override(s) in child classes
[14:46:51] [Render thread/DEBUG] (FabricLoader/Mixin) fabric-networking-api-v1.client.mixins.json:ClientPacketListenerMixin from mod fabric-networking-api-v1->@Inject::handleServerPlayReady(Lnet/minecraft/network/protocol/game/ClientboundLoginPacket;Lorg/spongepowered/asm/mixin/injection/callback/CallbackInfo;)V won't be passed a CallbackInfo as a result
[14:46:51] [Render thread/DEBUG] (FabricLoader/Mixin) jei.mixins.json:ClientPacketListenerRecipeUpdateMixin from mod jei->@Inject::handleUpdateRecipes(Lnet/minecraft/network/protocol/game/ClientboundUpdateRecipesPacket;Lorg/spongepowered/asm/mixin/injection/callback/CallbackInfo;)V doesn't use it's CallbackInfo
[14:46:51] [Render thread/DEBUG] (FabricLoader/Mixin) jei.mixins.json:ClientPacketListenerRecipeUpdateMixin from mod jei->@Inject::handleUpdateRecipes(Lnet/minecraft/network/protocol/game/ClientboundUpdateRecipesPacket;Lorg/spongepowered/asm/mixin/injection/callback/CallbackInfo;)V has 0 override(s) in child classes
[14:46:51] [Render thread/DEBUG] (FabricLoader/Mixin) jei.mixins.json:ClientPacketListenerRecipeUpdateMixin from mod jei->@Inject::handleUpdateRecipes(Lnet/minecraft/network/protocol/game/ClientboundUpdateRecipesPacket;Lorg/spongepowered/asm/mixin/injection/callback/CallbackInfo;)V won't be passed a CallbackInfo as a result
[14:46:51] [Render thread/DEBUG] (FabricLoader/Mixin) fabric-command-api-v2.client.mixins.json:ClientPacketListenerMixin from mod fabric-command-api-v2->@Inject::init(Lnet/minecraft/client/Minecraft;Lnet/minecraft/network/Connection;Lnet/minecraft/client/multiplayer/CommonListenerCookie;Lorg/spongepowered/asm/mixin/injection/callback/CallbackInfo;)V doesn't use it's CallbackInfo
[14:46:51] [Render thread/DEBUG] (FabricLoader/Mixin) fabric-command-api-v2.client.mixins.json:ClientPacketListenerMixin from mod fabric-command-api-v2->@Inject::init(Lnet/minecraft/client/Minecraft;Lnet/minecraft/network/Connection;Lnet/minecraft/client/multiplayer/CommonListenerCookie;Lorg/spongepowered/asm/mixin/injection/callback/CallbackInfo;)V has 0 override(s) in child classes
[14:46:51] [Render thread/DEBUG] (FabricLoader/Mixin) fabric-command-api-v2.client.mixins.json:ClientPacketListenerMixin from mod fabric-command-api-v2->@Inject::init(Lnet/minecraft/client/Minecraft;Lnet/minecraft/network/Connection;Lnet/minecraft/client/multiplayer/CommonListenerCookie;Lorg/spongepowered/asm/mixin/injection/callback/CallbackInfo;)V won't be passed a CallbackInfo as a result
[14:46:51] [Render thread/DEBUG] (FabricLoader/Mixin) fabric-command-api-v2.client.mixins.json:ClientPacketListenerMixin from mod fabric-command-api-v2->@Inject::onGameJoin(Lnet/minecraft/network/protocol/game/ClientboundLoginPacket;Lorg/spongepowered/asm/mixin/injection/callback/CallbackInfo;)V doesn't use it's CallbackInfo
[14:46:51] [Render thread/DEBUG] (FabricLoader/Mixin) fabric-command-api-v2.client.mixins.json:ClientPacketListenerMixin from mod fabric-command-api-v2->@Inject::onGameJoin(Lnet/minecraft/network/protocol/game/ClientboundLoginPacket;Lorg/spongepowered/asm/mixin/injection/callback/CallbackInfo;)V has 0 override(s) in child classes
[14:46:51] [Render thread/DEBUG] (FabricLoader/Mixin) fabric-command-api-v2.client.mixins.json:ClientPacketListenerMixin from mod fabric-command-api-v2->@Inject::onGameJoin(Lnet/minecraft/network/protocol/game/ClientboundLoginPacket;Lorg/spongepowered/asm/mixin/injection/callback/CallbackInfo;)V won't be passed a CallbackInfo as a result
[14:46:51] [Render thread/DEBUG] (FabricLoader/Mixin) fabric-command-api-v2.client.mixins.json:ClientPacketListenerMixin from mod fabric-command-api-v2->@Inject::onOnCommandTree(Lnet/minecraft/network/protocol/game/ClientboundCommandsPacket;Lorg/spongepowered/asm/mixin/injection/callback/CallbackInfo;)V doesn't use it's CallbackInfo
[14:46:51] [Render thread/DEBUG] (FabricLoader/Mixin) fabric-command-api-v2.client.mixins.json:ClientPacketListenerMixin from mod fabric-command-api-v2->@Inject::onOnCommandTree(Lnet/minecraft/network/protocol/game/ClientboundCommandsPacket;Lorg/spongepowered/asm/mixin/injection/callback/CallbackInfo;)V has 0 override(s) in child classes
[14:46:51] [Render thread/DEBUG] (FabricLoader/Mixin) fabric-command-api-v2.client.mixins.json:ClientPacketListenerMixin from mod fabric-command-api-v2->@Inject::onOnCommandTree(Lnet/minecraft/network/protocol/game/ClientboundCommandsPacket;Lorg/spongepowered/asm/mixin/injection/callback/CallbackInfo;)V won't be passed a CallbackInfo as a result
[14:46:51] [Render thread/DEBUG] (FabricLoader/Mixin) fabric-command-api-v2.client.mixins.json:ClientPacketListenerMixin from mod fabric-command-api-v2->@Inject::setLastReceivedCommandsPacket(Lnet/minecraft/network/protocol/game/ClientboundCommandsPacket;Lorg/spongepowered/asm/mixin/injection/callback/CallbackInfo;)V doesn't use it's CallbackInfo
[14:46:51] [Render thread/DEBUG] (FabricLoader/Mixin) fabric-command-api-v2.client.mixins.json:ClientPacketListenerMixin from mod fabric-command-api-v2->@Inject::setLastReceivedCommandsPacket(Lnet/minecraft/network/protocol/game/ClientboundCommandsPacket;Lorg/spongepowered/asm/mixin/injection/callback/CallbackInfo;)V has 0 override(s) in child classes
[14:46:51] [Render thread/DEBUG] (FabricLoader/Mixin) fabric-command-api-v2.client.mixins.json:ClientPacketListenerMixin from mod fabric-command-api-v2->@Inject::setLastReceivedCommandsPacket(Lnet/minecraft/network/protocol/game/ClientboundCommandsPacket;Lorg/spongepowered/asm/mixin/injection/callback/CallbackInfo;)V won't be passed a CallbackInfo as a result
[14:46:51] [Render thread/DEBUG] (FabricLoader/Mixin) fabric-command-api-v2.client.mixins.json:ClientPacketListenerMixin from mod fabric-command-api-v2->@Inject::onSendCommand(Ljava/lang/String;Lnet/minecraft/client/gui/screens/Screen;Lorg/spongepowered/asm/mixin/injection/callback/CallbackInfo;)V does use it's CallbackInfo
[14:46:51] [Render thread/DEBUG] (FabricLoader/Mixin) fabric-command-api-v2.client.mixins.json:ClientPacketListenerMixin from mod fabric-command-api-v2->@Inject::onSendCommand(Ljava/lang/String;Lorg/spongepowered/asm/mixin/injection/callback/CallbackInfo;)V does use it's CallbackInfo
[14:46:51] [Render thread/DEBUG] (FabricLoader/Mixin) trinkets.mixins.json:client.ClientPacketListenerMixin from mod trinkets_updated->@Inject::onPlayerRespawn(Lnet/minecraft/network/protocol/game/ClientboundRespawnPacket;Lorg/spongepowered/asm/mixin/injection/callback/CallbackInfo;)V doesn't use it's CallbackInfo
[14:46:51] [Render thread/DEBUG] (FabricLoader/Mixin) trinkets.mixins.json:client.ClientPacketListenerMixin from mod trinkets_updated->@Inject::onPlayerRespawn(Lnet/minecraft/network/protocol/game/ClientboundRespawnPacket;Lorg/spongepowered/asm/mixin/injection/callback/CallbackInfo;)V has 0 override(s) in child classes
[14:46:51] [Render thread/DEBUG] (FabricLoader/Mixin) trinkets.mixins.json:client.ClientPacketListenerMixin from mod trinkets_updated->@Inject::onPlayerRespawn(Lnet/minecraft/network/protocol/game/ClientboundRespawnPacket;Lorg/spongepowered/asm/mixin/injection/callback/CallbackInfo;)V won't be passed a CallbackInfo as a result
[14:46:51] [Render thread/DEBUG] (FabricLoader/Mixin) trinkets.mixins.json:client.behaviour.ClientPacketListenerMixin from mod trinkets_updated->@Inject::findTrinketTotem(Lnet/minecraft/world/entity/player/Player;Lorg/spongepowered/asm/mixin/injection/callback/CallbackInfoReturnable;)V does use it's CallbackInfoReturnable
[14:46:51] [Render thread/DEBUG] (FabricLoader/Mixin) fabric-lifecycle-events-v1.client.mixins.json:ClientPacketListenerMixin from mod fabric-lifecycle-events-v1->@Inject::onPlayerRespawn(Lnet/minecraft/network/protocol/game/ClientboundRespawnPacket;Lorg/spongepowered/asm/mixin/injection/callback/CallbackInfo;)V doesn't use it's CallbackInfo
[14:46:51] [Render thread/DEBUG] (FabricLoader/Mixin) fabric-lifecycle-events-v1.client.mixins.json:ClientPacketListenerMixin from mod fabric-lifecycle-events-v1->@Inject::onPlayerRespawn(Lnet/minecraft/network/protocol/game/ClientboundRespawnPacket;Lorg/spongepowered/asm/mixin/injection/callback/CallbackInfo;)V has 0 override(s) in child classes
[14:46:51] [Render thread/DEBUG] (FabricLoader/Mixin) fabric-lifecycle-events-v1.client.mixins.json:ClientPacketListenerMixin from mod fabric-lifecycle-events-v1->@Inject::onPlayerRespawn(Lnet/minecraft/network/protocol/game/ClientboundRespawnPacket;Lorg/spongepowered/asm/mixin/injection/callback/CallbackInfo;)V won't be passed a CallbackInfo as a result
[14:46:51] [Render thread/DEBUG] (FabricLoader/Mixin) fabric-lifecycle-events-v1.client.mixins.json:ClientPacketListenerMixin from mod fabric-lifecycle-events-v1->@Inject::onGameJoin(Lnet/minecraft/network/protocol/game/ClientboundLoginPacket;Lorg/spongepowered/asm/mixin/injection/callback/CallbackInfo;)V doesn't use it's CallbackInfo
[14:46:51] [Render thread/DEBUG] (FabricLoader/Mixin) fabric-lifecycle-events-v1.client.mixins.json:ClientPacketListenerMixin from mod fabric-lifecycle-events-v1->@Inject::onGameJoin(Lnet/minecraft/network/protocol/game/ClientboundLoginPacket;Lorg/spongepowered/asm/mixin/injection/callback/CallbackInfo;)V has 0 override(s) in child classes
[14:46:51] [Render thread/DEBUG] (FabricLoader/Mixin) fabric-lifecycle-events-v1.client.mixins.json:ClientPacketListenerMixin from mod fabric-lifecycle-events-v1->@Inject::onGameJoin(Lnet/minecraft/network/protocol/game/ClientboundLoginPacket;Lorg/spongepowered/asm/mixin/injection/callback/CallbackInfo;)V won't be passed a CallbackInfo as a result
[14:46:51] [Render thread/DEBUG] (FabricLoader/Mixin) fabric-lifecycle-events-v1.client.mixins.json:ClientPacketListenerMixin from mod fabric-lifecycle-events-v1->@Inject::onClearLevel(Lorg/spongepowered/asm/mixin/injection/callback/CallbackInfo;)V doesn't use it's CallbackInfo
[14:46:51] [Render thread/DEBUG] (FabricLoader/Mixin) fabric-lifecycle-events-v1.client.mixins.json:ClientPacketListenerMixin from mod fabric-lifecycle-events-v1->@Inject::onClearLevel(Lorg/spongepowered/asm/mixin/injection/callback/CallbackInfo;)V has 0 override(s) in child classes
[14:46:51] [Render thread/DEBUG] (FabricLoader/Mixin) fabric-lifecycle-events-v1.client.mixins.json:ClientPacketListenerMixin from mod fabric-lifecycle-events-v1->@Inject::onClearLevel(Lorg/spongepowered/asm/mixin/injection/callback/CallbackInfo;)V won't be passed a CallbackInfo as a result
[14:46:51] [Render thread/DEBUG] (FabricLoader/Mixin) fabric-lifecycle-events-v1.client.mixins.json:ClientPacketListenerMixin from mod fabric-lifecycle-events-v1->@Inject::invokeTagsLoaded(Lnet/minecraft/network/protocol/common/ClientboundUpdateTagsPacket;Lorg/spongepowered/asm/mixin/injection/callback/CallbackInfo;)V doesn't use it's CallbackInfo
[14:46:51] [Render thread/DEBUG] (FabricLoader/Mixin) fabric-lifecycle-events-v1.client.mixins.json:ClientPacketListenerMixin from mod fabric-lifecycle-events-v1->@Inject::invokeTagsLoaded(Lnet/minecraft/network/protocol/common/ClientboundUpdateTagsPacket;Lorg/spongepowered/asm/mixin/injection/callback/CallbackInfo;)V has 0 override(s) in child classes
[14:46:51] [Render thread/DEBUG] (FabricLoader/Mixin) fabric-lifecycle-events-v1.client.mixins.json:ClientPacketListenerMixin from mod fabric-lifecycle-events-v1->@Inject::invokeTagsLoaded(Lnet/minecraft/network/protocol/common/ClientboundUpdateTagsPacket;Lorg/spongepowered/asm/mixin/injection/callback/CallbackInfo;)V won't be passed a CallbackInfo as a result
[14:46:51] [Render thread/DEBUG] (FabricLoader/Mixin) fabric-data-attachment-api-v1.client.mixins.json:ClientPacketListenerMixin from mod fabric-data-attachment-api-v1->@Inject::initGlobalAttachments(Lorg/spongepowered/asm/mixin/injection/callback/CallbackInfo;)V doesn't use it's CallbackInfo
[14:46:51] [Render thread/DEBUG] (FabricLoader/Mixin) fabric-data-attachment-api-v1.client.mixins.json:ClientPacketListenerMixin from mod fabric-data-attachment-api-v1->@Inject::initGlobalAttachments(Lorg/spongepowered/asm/mixin/injection/callback/CallbackInfo;)V has 0 override(s) in child classes
[14:46:51] [Render thread/DEBUG] (FabricLoader/Mixin) fabric-data-attachment-api-v1.client.mixins.json:ClientPacketListenerMixin from mod fabric-data-attachment-api-v1->@Inject::initGlobalAttachments(Lorg/spongepowered/asm/mixin/injection/callback/CallbackInfo;)V won't be passed a CallbackInfo as a result
[14:46:51] [Render thread/DEBUG] (FabricLoader/Mixin) Mixing KeyMappingCategoryMixin from fabric-key-mapping-api-v1.mixins.json into net.minecraft.client.KeyMapping$Category
[14:46:51] [Render thread/DEBUG] (FabricLoader/Mixin) fabric-key-mapping-api-v1.mixins.json:KeyMappingCategoryMixin from mod fabric-key-mapping-api-v1->@Inject::onReturnRegister(Lnet/minecraft/resources/Identifier;Lorg/spongepowered/asm/mixin/injection/callback/CallbackInfoReturnable;)V doesn't use it's CallbackInfoReturnable
[14:46:51] [Render thread/DEBUG] (mezz.jei.common.platform.Services) Loaded mezz.jei.fabric.platform.PlatformHelper@2263f65c for service interface mezz.jei.common.platform.IPlatformHelper
[14:46:51] [Download-1/DEBUG] (com.mojang.authlib.services.MinecraftServicesSessionService) Couldn't fetch profile properties for 953c0f4b-23da-3def-ad42-95a4bec239c5 as the profile does not exist
[14:46:51] [Render thread/DEBUG] (mezz.jei.common.config.file.ConfigSchema) Localization has not loaded yet, waiting to save the config file until JEI starts.
[14:46:51] [Download-2/ERROR] (net.minecraft.client.Minecraft) Failed to fetch user properties
com.mojang.authlib.exceptions.InvalidCredentialsException: Status: 401
	at knot//com.mojang.authlib.exceptions.MinecraftClientHttpException.toAuthenticationException(MinecraftClientHttpException.java:70)
	at knot//com.mojang.authlib.services.MinecraftServicesUserApiService.fetchProperties(MinecraftServicesUserApiService.java:168)
	at knot//net.minecraft.client.Minecraft.lambda$new$1(Minecraft.java:451)
	at java.base/java.util.concurrent.CompletableFuture$AsyncSupply.run(CompletableFuture.java:1814)
	at java.base/java.util.concurrent.ThreadPoolExecutor.runWorker(ThreadPoolExecutor.java:1090)
	at java.base/java.util.concurrent.ThreadPoolExecutor$Worker.run(ThreadPoolExecutor.java:614)
	at java.base/java.lang.Thread.run(Thread.java:1447)
Caused by: MinecraftClientHttpException[type=HTTP_ERROR, status=401, response=ErrorResponse[path=/player/attributes, error=null, errorMessage=null, details=null]]
	at knot//com.mojang.authlib.minecraft.client.MinecraftClient.buildHttpException(MinecraftClient.java:170)
	at knot//com.mojang.authlib.minecraft.client.MinecraftClient.readServiceResponse(MinecraftClient.java:147)
	at knot//com.mojang.authlib.minecraft.client.MinecraftClient.getWithEtag(MinecraftClient.java:81)
	at knot//com.mojang.authlib.minecraft.client.MinecraftClient.get(MinecraftClient.java:65)
	at knot//com.mojang.authlib.services.MinecraftServicesUserApiService.fetchProperties(MinecraftServicesUserApiService.java:118)
	... 5 more
[14:46:51] [Render thread/DEBUG] (mezz.jei.common.config.file.ConfigSchema) Localization has not loaded yet, waiting to save the config file until JEI starts.
[14:46:51] [Render thread/DEBUG] (mezz.jei.common.config.file.ConfigSchema) Localization has not loaded yet, waiting to save the config file until JEI starts.
[14:46:51] [Render thread/DEBUG] (mezz.jei.common.config.file.ConfigSchema) Localization has not loaded yet, waiting to save the config file until JEI starts.
[14:46:51] [Render thread/INFO] (mezz.jei.library.load.PluginCaller) Sending ConfigManager...
[14:46:51] [Render thread/DEBUG] (mezz.jei.library.load.PluginCallerTimerRunnable) Sending ConfigManager: jei:minecraft...
[14:46:51] [Render thread/DEBUG] (mezz.jei.library.load.PluginCallerTimerRunnable) Sending ConfigManager: jei:fabric_gui...
[14:46:51] [Render thread/DEBUG] (mezz.jei.library.load.PluginCallerTimerRunnable) Sending ConfigManager: jei:gui...
[14:46:51] [Render thread/DEBUG] (mezz.jei.library.load.PluginCallerTimerRunnable) Sending ConfigManager: satchels:jei...
[14:46:51] [Render thread/DEBUG] (mezz.jei.library.load.PluginCallerTimerRunnable) Sending ConfigManager: trinkets:exclusions...
[14:46:51] [Render thread/DEBUG] (mezz.jei.library.load.PluginCallerTimerRunnable) Sending ConfigManager: jei:internal...
[14:46:51] [Render thread/INFO] (mezz.jei.library.load.PluginCaller) Sending ConfigManager took 1.158 milliseconds
[14:46:51] [Render thread/DEBUG] (FabricLoader/Mixin) Mixing KeyedClientResourceReloadListenerMixin from fabric-resource-loader-v1.client.mixins.json into net.minecraft.client.renderer.texture.TextureManager
[14:46:51] [Render thread/DEBUG] (FabricLoader/Mixin) Mixing ConnectionMixin from fabric-networking-api-v1.mixins.json into net.minecraft.network.Connection
[14:46:51] [Render thread/DEBUG] (FabricLoader/Mixin) Renaming synthetic method lambda$fabric_getPendingChannelsNames$0(Lnet/minecraft/network/ConnectionProtocol;)Ljava/util/Collection; to md46f0ef$fabric-networking-api-v1$lambda$fabric_getPendingChannelsNames$0$0 in fabric-networking-api-v1.mixins.json:ConnectionMixin from mod fabric-networking-api-v1
[14:46:51] [Render thread/DEBUG] (FabricLoader/Mixin) Renaming synthetic method lambda$injectFabricPacketSlitterHandlerOutbound$1(Lnet/fabricmc/fabric/impl/networking/PayloadTypeRegistryImpl;Lio/netty/channel/ChannelHandlerContext;)V to md46f0ef$fabric-networking-api-v1$lambda$injectFabricPacketSlitterHandlerOutbound$1$1 in fabric-networking-api-v1.mixins.json:ConnectionMixin from mod fabric-networking-api-v1
[14:46:51] [Render thread/DEBUG] (FabricLoader/Mixin) Renaming synthetic method lambda$injectFabricPacketSlitterHandlerOutbound$0(Lio/netty/channel/ChannelHandlerContext;)V to md46f0ef$fabric-networking-api-v1$lambda$injectFabricPacketSlitterHandlerOutbound$0$2 in fabric-networking-api-v1.mixins.json:ConnectionMixin from mod fabric-networking-api-v1
[14:46:51] [Render thread/DEBUG] (FabricLoader/Mixin) Renaming synthetic method lambda$injectFabricPacketSlitterHandlerInbound$1(Lnet/fabricmc/fabric/impl/networking/PayloadTypeRegistryImpl;Lnet/minecraft/network/ProtocolInfo;Lio/netty/channel/ChannelHandlerContext;)V to md46f0ef$fabric-networking-api-v1$lambda$injectFabricPacketSlitterHandlerInbound$1$3 in fabric-networking-api-v1.mixins.json:ConnectionMixin from mod fabric-networking-api-v1
[14:46:51] [Render thread/DEBUG] (FabricLoader/Mixin) Renaming synthetic method lambda$injectFabricPacketSlitterHandlerInbound$0(Lio/netty/channel/ChannelHandlerContext;)V to md46f0ef$fabric-networking-api-v1$lambda$injectFabricPacketSlitterHandlerInbound$0$4 in fabric-networking-api-v1.mixins.json:ConnectionMixin from mod fabric-networking-api-v1
[14:46:51] [Render thread/DEBUG] (FabricLoader/Mixin) Mixing sync.ConnectionMixin from fabric-recipe-api-v1.mixins.json into net.minecraft.network.Connection
[14:46:51] [Render thread/DEBUG] (FabricLoader/Mixin) fabric-networking-api-v1.mixins.json:ConnectionMixin from mod fabric-networking-api-v1->@Inject::initAddedFields(Lnet/minecraft/network/protocol/PacketFlow;Lorg/spongepowered/asm/mixin/injection/callback/CallbackInfo;)V doesn't use it's CallbackInfo
[14:46:51] [Render thread/DEBUG] (FabricLoader/Mixin) fabric-networking-api-v1.mixins.json:ConnectionMixin from mod fabric-networking-api-v1->@Inject::initAddedFields(Lnet/minecraft/network/protocol/PacketFlow;Lorg/spongepowered/asm/mixin/injection/callback/CallbackInfo;)V has 0 override(s) in child classes
[14:46:51] [Render thread/DEBUG] (FabricLoader/Mixin) fabric-networking-api-v1.mixins.json:ConnectionMixin from mod fabric-networking-api-v1->@Inject::initAddedFields(Lnet/minecraft/network/protocol/PacketFlow;Lorg/spongepowered/asm/mixin/injection/callback/CallbackInfo;)V won't be passed a CallbackInfo as a result
[14:46:51] [Render thread/DEBUG] (FabricLoader/Mixin) fabric-networking-api-v1.mixins.json:ConnectionMixin from mod fabric-networking-api-v1->@Inject::checkPacket(Lnet/minecraft/network/protocol/Packet;Lio/netty/channel/ChannelFutureListener;ZLorg/spongepowered/asm/mixin/injection/callback/CallbackInfo;)V doesn't use it's CallbackInfo
[14:46:51] [Render thread/DEBUG] (FabricLoader/Mixin) fabric-networking-api-v1.mixins.json:ConnectionMixin from mod fabric-networking-api-v1->@Inject::checkPacket(Lnet/minecraft/network/protocol/Packet;Lio/netty/channel/ChannelFutureListener;ZLorg/spongepowered/asm/mixin/injection/callback/CallbackInfo;)V has 0 override(s) in child classes
[14:46:51] [Render thread/DEBUG] (FabricLoader/Mixin) fabric-networking-api-v1.mixins.json:ConnectionMixin from mod fabric-networking-api-v1->@Inject::checkPacket(Lnet/minecraft/network/protocol/Packet;Lio/netty/channel/ChannelFutureListener;ZLorg/spongepowered/asm/mixin/injection/callback/CallbackInfo;)V won't be passed a CallbackInfo as a result
[14:46:51] [Render thread/DEBUG] (FabricLoader/Mixin) fabric-networking-api-v1.mixins.json:ConnectionMixin from mod fabric-networking-api-v1->@Inject::unwatchAddon(Lnet/minecraft/network/ProtocolInfo;Lnet/minecraft/network/PacketListener;Lorg/spongepowered/asm/mixin/injection/callback/CallbackInfo;)V doesn't use it's CallbackInfo
[14:46:51] [Render thread/DEBUG] (FabricLoader/Mixin) fabric-networking-api-v1.mixins.json:ConnectionMixin from mod fabric-networking-api-v1->@Inject::unwatchAddon(Lnet/minecraft/network/ProtocolInfo;Lnet/minecraft/network/PacketListener;Lorg/spongepowered/asm/mixin/injection/callback/CallbackInfo;)V has 0 override(s) in child classes
[14:46:51] [Render thread/DEBUG] (FabricLoader/Mixin) fabric-networking-api-v1.mixins.json:ConnectionMixin from mod fabric-networking-api-v1->@Inject::unwatchAddon(Lnet/minecraft/network/ProtocolInfo;Lnet/minecraft/network/PacketListener;Lorg/spongepowered/asm/mixin/injection/callback/CallbackInfo;)V won't be passed a CallbackInfo as a result
[14:46:51] [Render thread/DEBUG] (FabricLoader/Mixin) fabric-networking-api-v1.mixins.json:ConnectionMixin from mod fabric-networking-api-v1->@Inject::disconnectAddon(Lio/netty/channel/ChannelHandlerContext;Lorg/spongepowered/asm/mixin/injection/callback/CallbackInfo;)V doesn't use it's CallbackInfo
[14:46:51] [Render thread/DEBUG] (FabricLoader/Mixin) fabric-networking-api-v1.mixins.json:ConnectionMixin from mod fabric-networking-api-v1->@Inject::disconnectAddon(Lio/netty/channel/ChannelHandlerContext;Lorg/spongepowered/asm/mixin/injection/callback/CallbackInfo;)V has 0 override(s) in child classes
[14:46:51] [Render thread/DEBUG] (FabricLoader/Mixin) fabric-networking-api-v1.mixins.json:ConnectionMixin from mod fabric-networking-api-v1->@Inject::disconnectAddon(Lio/netty/channel/ChannelHandlerContext;Lorg/spongepowered/asm/mixin/injection/callback/CallbackInfo;)V won't be passed a CallbackInfo as a result
[14:46:51] [Render thread/DEBUG] (FabricLoader/Mixin) fabric-networking-api-v1.mixins.json:ConnectionMixin from mod fabric-networking-api-v1->@Inject::disconnectAddon(Lorg/spongepowered/asm/mixin/injection/callback/CallbackInfo;)V doesn't use it's CallbackInfo
[14:46:51] [Render thread/DEBUG] (FabricLoader/Mixin) fabric-networking-api-v1.mixins.json:ConnectionMixin from mod fabric-networking-api-v1->@Inject::disconnectAddon(Lorg/spongepowered/asm/mixin/injection/callback/CallbackInfo;)V has 0 override(s) in child classes
[14:46:51] [Render thread/DEBUG] (FabricLoader/Mixin) fabric-networking-api-v1.mixins.json:ConnectionMixin from mod fabric-networking-api-v1->@Inject::disconnectAddon(Lorg/spongepowered/asm/mixin/injection/callback/CallbackInfo;)V won't be passed a CallbackInfo as a result
[14:46:51] [Render thread/DEBUG] (FabricLoader/Mixin) Mixing accessor.ClientHandshakePacketListenerImplAccessor from fabric-networking-api-v1.client.mixins.json into net.minecraft.client.multiplayer.ClientHandshakePacketListenerImpl
[14:46:51] [Render thread/DEBUG] (FabricLoader/Mixin) Mixing ClientHandshakePacketListenerImplMixin from fabric-networking-api-v1.client.mixins.json into net.minecraft.client.multiplayer.ClientHandshakePacketListenerImpl
[14:46:51] [Render thread/DEBUG] (FabricLoader/Mixin) Renaming synthetic method lambda$handleQueryRequest$0(Lnet/minecraft/network/protocol/login/ClientboundCustomQueryPacket;)Ljava/lang/Boolean; to md46f0ef$fabric-networking-api-v1$lambda$handleQueryRequest$0$0 in fabric-networking-api-v1.client.mixins.json:ClientHandshakePacketListenerImplMixin from mod fabric-networking-api-v1
[14:46:51] [Render thread/DEBUG] (FabricLoader/Mixin) fabric-networking-api-v1.client.mixins.json:ClientHandshakePacketListenerImplMixin from mod fabric-networking-api-v1->@Inject::initAddon(Lorg/spongepowered/asm/mixin/injection/callback/CallbackInfo;)V doesn't use it's CallbackInfo
[14:46:51] [Render thread/DEBUG] (FabricLoader/Mixin) fabric-networking-api-v1.client.mixins.json:ClientHandshakePacketListenerImplMixin from mod fabric-networking-api-v1->@Inject::initAddon(Lorg/spongepowered/asm/mixin/injection/callback/CallbackInfo;)V has 0 override(s) in child classes
[14:46:51] [Render thread/DEBUG] (FabricLoader/Mixin) fabric-networking-api-v1.client.mixins.json:ClientHandshakePacketListenerImplMixin from mod fabric-networking-api-v1->@Inject::initAddon(Lorg/spongepowered/asm/mixin/injection/callback/CallbackInfo;)V won't be passed a CallbackInfo as a result
[14:46:51] [Render thread/DEBUG] (FabricLoader/Mixin) fabric-networking-api-v1.client.mixins.json:ClientHandshakePacketListenerImplMixin from mod fabric-networking-api-v1->@Inject::handleQueryRequest(Lnet/minecraft/network/protocol/login/ClientboundCustomQueryPacket;Lorg/spongepowered/asm/mixin/injection/callback/CallbackInfo;)V does use it's CallbackInfo
[14:46:51] [Render thread/DEBUG] (FabricLoader/Mixin) fabric-networking-api-v1.client.mixins.json:ClientHandshakePacketListenerImplMixin from mod fabric-networking-api-v1->@Inject::setGameProfileContext(Lnet/minecraft/network/protocol/login/ClientboundLoginFinishedPacket;Lorg/spongepowered/asm/mixin/injection/callback/CallbackInfo;)V doesn't use it's CallbackInfo
[14:46:51] [Render thread/DEBUG] (FabricLoader/Mixin) fabric-networking-api-v1.client.mixins.json:ClientHandshakePacketListenerImplMixin from mod fabric-networking-api-v1->@Inject::setGameProfileContext(Lnet/minecraft/network/protocol/login/ClientboundLoginFinishedPacket;Lorg/spongepowered/asm/mixin/injection/callback/CallbackInfo;)V has 0 override(s) in child classes
[14:46:51] [Render thread/DEBUG] (FabricLoader/Mixin) fabric-networking-api-v1.client.mixins.json:ClientHandshakePacketListenerImplMixin from mod fabric-networking-api-v1->@Inject::setGameProfileContext(Lnet/minecraft/network/protocol/login/ClientboundLoginFinishedPacket;Lorg/spongepowered/asm/mixin/injection/callback/CallbackInfo;)V won't be passed a CallbackInfo as a result
[14:46:51] [Render thread/DEBUG] (FabricLoader/Mixin) Mixing GuiGraphicsExtractorMixin from fabric-rendering-v1.mixins.json into net.minecraft.client.gui.GuiGraphicsExtractor
[14:46:51] [Render thread/DEBUG] (FabricLoader/Mixin) Mixing GuiGraphicsExtractorMixin from jei.mixins.json into net.minecraft.client.gui.GuiGraphicsExtractor
[14:46:51] [Render thread/DEBUG] (FabricLoader/Mixin) Mixing minecraft.client.gui.GuiGraphicsExtractorInvoker from raised.mixins.json into net.minecraft.client.gui.GuiGraphicsExtractor
[14:46:51] [Render thread/ERROR] (FabricLoader/Mixin) Mixin apply for mod raised failed raised.mixins.json:minecraft.client.gui.GuiGraphicsExtractorInvoker from mod raised -> net.minecraft.client.gui.GuiGraphicsExtractor: org.spongepowered.asm.mixin.gen.throwables.InvalidAccessorException No candidates were found matching innerBlit(Lcom/mojang/blaze3d/pipeline/RenderPipeline;Lnet/minecraft/resources/Identifier;IIIIFFFFI)V in net/minecraft/client/gui/GuiGraphicsExtractor for raised.mixins.json:minecraft.client.gui.GuiGraphicsExtractorInvoker from mod raised->@Invoker[METHOD_PROXY]::invokeInnerBlit(Lcom/mojang/blaze3d/pipeline/RenderPipeline;Lnet/minecraft/resources/Identifier;IIIIFFFFI)V [ACCESSOR Applicator Phase -> raised.mixins.json:minecraft.client.gui.GuiGraphicsExtractorInvoker from mod raised -> Apply Accessors ->  -> Locate -> raised.mixins.json:minecraft.client.gui.GuiGraphicsExtractorInvoker from mod raised->@Invoker[METHOD_PROXY]::invokeInnerBlit(Lcom/mojang/blaze3d/pipeline/RenderPipeline;Lnet/minecraft/resources/Identifier;IIIIFFFFI)V]
org.spongepowered.asm.mixin.gen.throwables.InvalidAccessorException: No candidates were found matching innerBlit(Lcom/mojang/blaze3d/pipeline/RenderPipeline;Lnet/minecraft/resources/Identifier;IIIIFFFFI)V in net/minecraft/client/gui/GuiGraphicsExtractor for raised.mixins.json:minecraft.client.gui.GuiGraphicsExtractorInvoker from mod raised->@Invoker[METHOD_PROXY]::invokeInnerBlit(Lcom/mojang/blaze3d/pipeline/RenderPipeline;Lnet/minecraft/resources/Identifier;IIIIFFFFI)V [ACCESSOR Applicator Phase -> raised.mixins.json:minecraft.client.gui.GuiGraphicsExtractorInvoker from mod raised -> Apply Accessors ->  -> Locate -> raised.mixins.json:minecraft.client.gui.GuiGraphicsExtractorInvoker from mod raised->@Invoker[METHOD_PROXY]::invokeInnerBlit(Lcom/mojang/blaze3d/pipeline/RenderPipeline;Lnet/minecraft/resources/Identifier;IIIIFFFFI)V]
	at org.spongepowered.asm.mixin.gen.InvokerInfo.findTargetMethod(InvokerInfo.java:121)
	at org.spongepowered.asm.mixin.gen.InvokerInfo.locate(InvokerInfo.java:103)
	at org.spongepowered.asm.mixin.transformer.MixinTargetContext.generateAccessors(MixinTargetContext.java:1504)
	at org.spongepowered.asm.mixin.transformer.MixinApplicatorStandard.applyAccessors(MixinApplicatorStandard.java:841)
	at org.spongepowered.asm.mixin.transformer.MixinApplicatorStandard.lambda$runApplicatorPass$5(MixinApplicatorStandard.java:343)
	at org.spongepowered.asm.mixin.transformer.MixinApplicatorStandard.processMixins(MixinApplicatorStandard.java:381)
	at org.spongepowered.asm.mixin.transformer.MixinApplicatorStandard.runApplicatorPass(MixinApplicatorStandard.java:341)
	at org.spongepowered.asm.mixin.transformer.MixinApplicatorStandard.apply(MixinApplicatorStandard.java:240)
	at org.spongepowered.asm.mixin.transformer.TargetClassContext.apply(TargetClassContext.java:437)
	at org.spongepowered.asm.mixin.transformer.TargetClassContext.applyMixins(TargetClassContext.java:418)
	at org.spongepowered.asm.mixin.transformer.MixinProcessor.applyMixins(MixinProcessor.java:351)
	at org.spongepowered.asm.mixin.transformer.MixinTransformer.transformClass(MixinTransformer.java:237)
	at org.spongepowered.asm.mixin.transformer.MixinTransformer.transformClassBytes(MixinTransformer.java:202)
	at net.fabricmc.loader.impl.launch.knot.KnotClassDelegate.getPostMixinClassByteArray(KnotClassDelegate.java:435)
	at net.fabricmc.loader.impl.launch.knot.KnotClassDelegate.tryLoadClass(KnotClassDelegate.java:336)
	at net.fabricmc.loader.impl.launch.knot.KnotClassDelegate.loadClass(KnotClassDelegate.java:231)
	at net.fabricmc.loader.impl.launch.knot.KnotClassLoader.loadClass(KnotClassLoader.java:119)
	at java.base/java.lang.ClassLoader.loadClass(ClassLoader.java:490)
	at knot//net.hotbar.satchels.client.SatchelsClient.registerOverlays(SatchelsClient.java:99)
	at knot//net.hotbar.satchels.client.SatchelsClient.onInitializeClient(SatchelsClient.java:76)
	at net.fabricmc.loader.impl.FabricLoaderImpl.invokeEntrypoints(FabricLoaderImpl.java:409)
	at net.fabricmc.loader.impl.game.minecraft.Hooks.startClient(Hooks.java:53)
	at knot//net.minecraft.client.Minecraft.<init>(Minecraft.java:469)
	at knot//net.minecraft.client.main.Main.main(Main.java:278)
	at net.fabricmc.loader.impl.game.minecraft.MinecraftGameProvider.launch(MinecraftGameProvider.java:517)
	at net.fabricmc.loader.impl.launch.knot.Knot.launch(Knot.java:72)
	at net.fabricmc.loader.impl.launch.knot.KnotClient.main(KnotClient.java:23)
	at net.fabricmc.devlaunchinjector.Main.main(Main.java:86)
[14:46:51] [Render thread/INFO] (net.fabricmc.fabric.impl.client.indigo.Indigo) [Indigo] Registering Indigo renderer!
[14:46:51] [Render thread/DEBUG] (FabricLoader/Mixin) Mixing BlockStateModelUnbakedMixin from fabric-model-loading-api-v1.mixins.json into net.minecraft.client.renderer.block.dispatch.BlockStateModel$Unbaked
[14:46:51] [Render thread/DEBUG] (FabricLoader/Mixin) Mixing block.model.BlockStateModelMixin from fabric-renderer-api-v1.mixins.json into net.minecraft.client.renderer.block.dispatch.BlockStateModel
[14:46:51] [Render thread/DEBUG] (FabricLoader/Mixin) Mixing block.model.SingleVariantMixin from fabric-renderer-api-v1.mixins.json into net.minecraft.client.renderer.block.dispatch.SingleVariant
[14:46:51] [Render thread/DEBUG] (FabricLoader/Mixin) Renaming synthetic method lambda$emitQuads$0(Lnet/fabricmc/fabric/api/client/renderer/v1/mesh/MutableQuadView;)Z to md46f0ef$fabric-renderer-api-v1$lambda$emitQuads$0$0 in fabric-renderer-api-v1.mixins.json:block.model.SingleVariantMixin from mod fabric-renderer-api-v1
[14:46:51] [Render thread/DEBUG] (Ohmega) Loaded implementation 'com.swacky.ohmega.common.init.OhmegaBindsImpl' for service 'com.swacky.ohmega.common.init.OhmegaBinds$Service'
[14:46:51] [Render thread/DEBUG] (Ohmega) Loaded implementation 'com.swacky.ohmega.config.OhmegaConfigImpl$Client' for service 'com.swacky.ohmega.config.OhmegaConfig$Client$Service'
[14:46:51] [Render thread/INFO] (Ohmega) Successfully loaded 2 client services
[14:46:51] [Render thread/DEBUG] (net.neoforged.fml.config.ConfigTracker) Config file ohmega-client.toml for ohmega tracking
[14:46:51] [Render thread/DEBUG] (net.neoforged.fml.config.ConfigTracker) Loaded TOML config file F:\Youtube\Media\Mods\Project Satchels\Hotbar_Satchels\run\config\ohmega-client.toml
[14:46:51] [Render thread/DEBUG] (net.neoforged.fml.config.ConfigTracker) Watching TOML config file F:\Youtube\Media\Mods\Project Satchels\Hotbar_Satchels\run\config\ohmega-client.toml for changes
[14:46:51] [Render thread/DEBUG] (FabricLoader/Mixin) Mixing screen.RecipeBookComponentMixin from satchels.client.mixins.json into net.minecraft.client.gui.screens.recipebook.RecipeBookComponent
[14:46:51] [Render thread/DEBUG] (FabricLoader/Mixin) satchels.client.mixins.json:screen.RecipeBookComponentMixin from mod satchels->@Inject::satchels$fillInitContentsWithSatchel(Lorg/spongepowered/asm/mixin/injection/callback/CallbackInfo;)V doesn't use it's CallbackInfo
[14:46:51] [Render thread/DEBUG] (FabricLoader/Mixin) satchels.client.mixins.json:screen.RecipeBookComponentMixin from mod satchels->@Inject::satchels$fillInitContentsWithSatchel(Lorg/spongepowered/asm/mixin/injection/callback/CallbackInfo;)V has 0 override(s) in child classes
[14:46:51] [Render thread/DEBUG] (FabricLoader/Mixin) satchels.client.mixins.json:screen.RecipeBookComponentMixin from mod satchels->@Inject::satchels$fillInitContentsWithSatchel(Lorg/spongepowered/asm/mixin/injection/callback/CallbackInfo;)V won't be passed a CallbackInfo as a result
[14:46:51] [Render thread/DEBUG] (FabricLoader/Mixin) satchels.client.mixins.json:screen.RecipeBookComponentMixin from mod satchels->@Inject::satchels$fillContentsWithSatchel(Lorg/spongepowered/asm/mixin/injection/callback/CallbackInfo;)V doesn't use it's CallbackInfo
[14:46:51] [Render thread/DEBUG] (FabricLoader/Mixin) satchels.client.mixins.json:screen.RecipeBookComponentMixin from mod satchels->@Inject::satchels$fillContentsWithSatchel(Lorg/spongepowered/asm/mixin/injection/callback/CallbackInfo;)V has 0 override(s) in child classes
[14:46:51] [Render thread/DEBUG] (FabricLoader/Mixin) satchels.client.mixins.json:screen.RecipeBookComponentMixin from mod satchels->@Inject::satchels$fillContentsWithSatchel(Lorg/spongepowered/asm/mixin/injection/callback/CallbackInfo;)V won't be passed a CallbackInfo as a result
[14:46:51] [Render thread/DEBUG] (FabricLoader/Mixin) Mixing SoundInstanceMixin from fabric-sound-api-v1.mixins.json into net.minecraft.client.resources.sounds.SoundInstance
[14:46:51] [Render thread/DEBUG] (FabricLoader/Mixin) Mixing renderstate.RenderStateMixin from fabric-rendering-v1.mixins.json into net.minecraft.client.renderer.entity.state.EntityRenderState
[14:46:51] [Render thread/DEBUG] (FabricLoader/Mixin) Mixing client.render.LivingEntityStateRenderMixin from trinkets.mixins.json into net.minecraft.client.renderer.entity.state.LivingEntityRenderState
